-- MariaDB dump 10.18  Distrib 10.4.17-MariaDB, for Win64 (AMD64)
--
-- Host: localhost    Database: db_rancho_peralta
-- ------------------------------------------------------
-- Server version	10.4.17-MariaDB

/*!40101 SET @OLD_CHARACTER_SET_CLIENT=@@CHARACTER_SET_CLIENT */;
/*!40101 SET @OLD_CHARACTER_SET_RESULTS=@@CHARACTER_SET_RESULTS */;
/*!40101 SET @OLD_COLLATION_CONNECTION=@@COLLATION_CONNECTION */;
/*!40101 SET NAMES utf8mb4 */;
/*!40103 SET @OLD_TIME_ZONE=@@TIME_ZONE */;
/*!40103 SET TIME_ZONE='+00:00' */;
/*!40014 SET @OLD_UNIQUE_CHECKS=@@UNIQUE_CHECKS, UNIQUE_CHECKS=0 */;
/*!40014 SET @OLD_FOREIGN_KEY_CHECKS=@@FOREIGN_KEY_CHECKS, FOREIGN_KEY_CHECKS=0 */;
/*!40101 SET @OLD_SQL_MODE=@@SQL_MODE, SQL_MODE='NO_AUTO_VALUE_ON_ZERO' */;
/*!40111 SET @OLD_SQL_NOTES=@@SQL_NOTES, SQL_NOTES=0 */;

--
-- Temporary table structure for view `bitacora`
--

DROP TABLE IF EXISTS `bitacora`;
/*!50001 DROP VIEW IF EXISTS `bitacora`*/;
SET @saved_cs_client     = @@character_set_client;
SET character_set_client = utf8;
/*!50001 CREATE TABLE `bitacora` (
  `id` tinyint NOT NULL,
  `fecha` tinyint NOT NULL,
  `usuario` tinyint NOT NULL,
  `tabla` tinyint NOT NULL,
  `accion` tinyint NOT NULL,
  `descripccion` tinyint NOT NULL
) ENGINE=MyISAM */;
SET character_set_client = @saved_cs_client;

--
-- Table structure for table `bitacoras`
--

DROP TABLE IF EXISTS `bitacoras`;
/*!40101 SET @saved_cs_client     = @@character_set_client */;
/*!40101 SET character_set_client = utf8 */;
CREATE TABLE `bitacoras` (
  `id` bigint(20) unsigned NOT NULL AUTO_INCREMENT,
  `fecha` datetime NOT NULL,
  `usuario` varchar(30) COLLATE utf8_spanish_ci NOT NULL,
  `tabla` varchar(255) COLLATE utf8_spanish_ci NOT NULL,
  `accion` varchar(255) COLLATE utf8_spanish_ci NOT NULL,
  `descripccion` varchar(255) COLLATE utf8_spanish_ci NOT NULL,
  PRIMARY KEY (`id`)
) ENGINE=InnoDB AUTO_INCREMENT=266 DEFAULT CHARSET=utf8 COLLATE=utf8_spanish_ci;
/*!40101 SET character_set_client = @saved_cs_client */;

--
-- Dumping data for table `bitacoras`
--

LOCK TABLES `bitacoras` WRITE;
/*!40000 ALTER TABLE `bitacoras` DISABLE KEYS */;
INSERT INTO `bitacoras` VALUES (1,'2022-04-01 14:47:29','ADMIN','OBJETOS','INSERTAR','SE INSERTÓ EL OBJETO:PREGUNTAS'),(2,'2022-04-01 14:48:29','ADMIN','OBJETOS','INSERTAR','SE INSERTÓ EL OBJETO:ESTADOS GANADO'),(3,'2022-04-01 14:48:55','ADMIN','OBJETOS','INSERTAR','SE INSERTÓ EL OBJETO:LUGARES'),(4,'2022-04-01 14:49:13','ADMIN','OBJETOS','INSERTAR','SE INSERTÓ EL OBJETO:RAZAS'),(5,'2022-04-01 14:49:43','ADMIN','OBJETOS','INSERTAR','SE INSERTÓ EL OBJETO:ROLES'),(6,'2022-04-01 14:50:05','ADMIN','OBJETOS','INSERTAR','SE INSERTÓ EL OBJETO:USUARIOS'),(7,'2022-04-01 14:50:21','ADMIN','OBJETOS','INSERTAR','SE INSERTÓ EL OBJETO:PREGUNTAS'),(8,'2022-04-01 14:50:45','ADMIN','OBJETOS','INSERTAR','SE INSERTÓ EL OBJETO:OBJETOS'),(9,'2022-04-01 14:52:58','ADMIN','OBJETOS','INSERTAR','SE INSERTÓ EL OBJETO:PARAMETROS'),(10,'2022-04-01 14:53:28','ADMIN','OBJETOS','INSERTAR','SE INSERTÓ EL OBJETO:BITACORA'),(11,'2022-04-01 14:53:58','ADMIN','OBJETOS','INSERTAR','SE INSERTÓ EL OBJETO:BACKUP'),(12,'2022-04-01 14:54:19','ADMIN','OBJETOS','INSERTAR','SE INSERTÓ EL OBJETO:CLIENTES'),(13,'2022-04-01 14:54:45','ADMIN','OBJETOS','INSERTAR','SE INSERTÓ EL OBJETO:PROVEEDORES'),(14,'2022-04-01 14:55:55','ADMIN','OBJETOS','INSERTAR','SE INSERTÓ EL OBJETO:LOTES GANADO'),(15,'2022-04-01 14:57:18','ADMIN','OBJETOS','INSERTAR','SE INSERTÓ EL OBJETO:LOTES ESPERMA'),(16,'2022-04-01 14:57:57','ADMIN','OBJETOS','INSERTAR','SE INSERTÓ EL OBJETO:LOTES EMBRIONES'),(17,'2022-04-01 14:58:33','ADMIN','OBJETOS','INSERTAR','SE INSERTÓ EL OBJETO:VENTAS'),(18,'2022-04-01 14:59:02','ADMIN','OBJETOS','INSERTAR','SE INSERTÓ EL OBJETO:GANADO'),(19,'2022-04-01 14:59:46','ADMIN','OBJETOS','INSERTAR','SE INSERTÓ EL OBJETO:TRANSFERENCIAS EMBRION'),(20,'2022-04-01 15:00:06','ADMIN','OBJETOS','INSERTAR','SE INSERTÓ EL OBJETO:TRANSFERENCIAS ESPERMA'),(21,'2022-04-01 15:00:21','ADMIN','OBJETOS','INSERTAR','SE INSERTÓ EL OBJETO:MONTAS'),(22,'2022-04-01 15:00:59','ADMIN','OBJETOS','INSERTAR','SE INSERTÓ EL OBJETO:PRENADAS EMBRION'),(23,'2022-04-01 15:01:28','ADMIN','OBJETOS','INSERTAR','SE INSERTÓ EL OBJETO:PRENADAS ESPERMA'),(24,'2022-04-01 15:01:52','ADMIN','OBJETOS','INSERTAR','SE INSERTÓ EL OBJETO:PRENADAS MONTA'),(25,'2022-04-01 15:02:17','ADMIN','OBJETOS','INSERTAR','SE INSERTÓ EL OBJETO:NACIMIENTOS EMBRION'),(26,'2022-04-01 15:02:39','ADMIN','OBJETOS','INSERTAR','SE INSERTÓ EL OBJETO:NACIMIENTOS ESPERMA'),(27,'2022-04-01 15:02:56','ADMIN','OBJETOS','INSERTAR','SE INSERTÓ EL OBJETO:NACIMIENTOS MONTA'),(28,'2022-04-01 15:03:22','ADMIN','OBJETOS','INSERTAR','SE INSERTÓ EL OBJETO:PRODUCCION LECHE'),(29,'2022-04-01 15:04:03','ADMIN','OBJETOS','INSERTAR','SE INSERTÓ EL OBJETO:INVENTARIO MEDICAMENTOS'),(30,'2022-04-01 15:04:28','ADMIN','OBJETOS','INSERTAR','SE INSERTÓ EL OBJETO:ORDEN TRABAJO'),(31,'2022-04-01 15:04:42','ADMIN','OBJETOS','INSERTAR','SE INSERTÓ EL OBJETO:REPORTES'),(32,'2022-04-01 15:34:13','ADMIN','USUARIOS','INSERTAR','SE INSERTÓ EL USUARIO:ADMINISTRADOR'),(33,'2022-04-01 15:36:20','ADMINISTRADOR','Lugares','INSERTAR','SE INSERTÓ EL LUGAR: '),(34,'2022-04-01 15:36:35','ADMINISTRADOR','Lugares','INSERTAR','SE INSERTÓ EL LUGAR: '),(35,'2022-04-01 15:36:51','ADMINISTRADOR','Lugares','INSERTAR','SE INSERTÓ EL LUGAR: '),(36,'2022-04-01 15:45:41','ADMINISTRADOR','Estados','INSERTAR','SE INSERTÓ EL ESTADO: PARIDA'),(37,'2022-04-01 15:46:06','ADMINISTRADOR','ESTADOS','EDITAR','ID DEL REGISTRO EDITADO: 1 CAMBIO EN EL CAMPO NOMBRE    --VALOR ANTERIOR: PARIDA    --NUEVO VALOR: PREÑADA'),(38,'2022-04-01 15:46:18','ADMINISTRADOR','Estados','INSERTAR','SE INSERTÓ EL ESTADO: PARIDA'),(39,'2022-04-01 15:46:32','ADMINISTRADOR','Estados','INSERTAR','SE INSERTÓ EL ESTADO: SECA'),(40,'2022-04-01 15:46:44','ADMINISTRADOR','Estados','INSERTAR','SE INSERTÓ EL ESTADO: SINCRONIZADA'),(41,'2022-04-01 15:46:56','ADMINISTRADOR','Estados','INSERTAR','SE INSERTÓ EL ESTADO: MUERTO'),(42,'2022-04-01 15:47:07','ADMINISTRADOR','Estados','INSERTAR','SE INSERTÓ EL ESTADO: MAMANDO'),(43,'2022-04-01 15:47:19','ADMINISTRADOR','Estados','INSERTAR','SE INSERTÓ EL ESTADO: DESTETADO'),(44,'2022-04-01 15:47:31','ADMINISTRADOR','Estados','INSERTAR','SE INSERTÓ EL ESTADO: VENDIDO'),(45,'2022-04-01 15:47:43','ADMINISTRADOR','Estados','INSERTAR','SE INSERTÓ EL ESTADO: SIN ESTADO ACTUAL'),(46,'2022-04-01 15:47:54','ADMINISTRADOR','Estados','INSERTAR','SE INSERTÓ EL ESTADO: EN PROCESO DE FECUNDACIÓN'),(47,'2022-04-01 15:48:08','ADMINISTRADOR','Estados','INSERTAR','SE INSERTÓ EL ESTADO: RECIEN PARIDA'),(48,'2022-04-01 15:48:22','ADMINISTRADOR','Estados','INSERTAR','SE INSERTÓ EL ESTADO: DESCARTADO'),(49,'2022-04-01 15:48:35','ADMINISTRADOR','Estados','INSERTAR','SE INSERTÓ EL ESTADO: EN PROCESO DE VENTA'),(50,'2022-04-01 19:08:07','ADMINISTRADOR','Razas','INSERTAR','SE INSERTÓ LA RAZA: HOLTING'),(51,'2022-04-01 19:49:37','ADMINISTRADOR','PROVEEDORES','INSERTAR','SE INSERTÓ EL PROVEEDOR: Heber Espinoza'),(52,'2022-04-02 11:14:58','ADMINISTRADOR','USUARIOS','EDITAR','ID DEL REGISTRO EDITADO: 2 CAMBIO EN EL CAMPO NOMBRE DE USUARIO   --VALOR ANTERIOR: ADMINISTRADOR    --NUEVO VALOR: ADMINISTRADObdn'),(53,'2022-04-02 11:15:33','ADMINISTRADObdn','USUARIOS','EDITAR','ID DEL REGISTRO EDITADO: 2 CAMBIO EN EL CAMPO NOMBRE DE USUARIO   --VALOR ANTERIOR: ADMINISTRADObdn    --NUEVO VALOR: ADMINISTRADOR'),(54,'2022-04-02 11:20:36','ADMINISTRADOR','USUARIOS','EDITAR','ID DEL REGISTRO EDITADO: 2 CAMBIO EN EL CAMPO CORREO    --VALOR ANTERIOR: papucho2526v5@gmail.com    --NUEVO VALOR: papucho2526v5@gm'),(55,'2022-04-02 11:20:45','ADMINISTRADOR','USUARIOS','EDITAR','ID DEL REGISTRO EDITADO: 2 CAMBIO EN EL CAMPO CORREO    --VALOR ANTERIOR: papucho2526v5@gm    --NUEVO VALOR: papucho2526v5@gmail.com'),(56,'2022-04-02 11:50:32','ADMINISTRADOR','TBL_MC_COMPRA_EMBRION','INSERTAR','SE COMPRÓ PARA RAZA ESPERADA: HIBRIDA-HOLTING'),(57,'2022-04-02 11:52:02','ADMINISTRADOR','TBL_MC_COMPRA_EMBRION','INSERTAR','SE COMPRÓ PARA RAZA ESPERADA: HIBRIDA-GHR'),(58,'2022-04-02 12:01:33','ADMINISTRADOR','ESTADOS','EDITAR','ID DEL REGISTRO EDITADO: 11 CAMBIO EN EL CAMPO NOMBRE    --VALOR ANTERIOR: RECIEN PARIDA    --NUEVO VALOR: NO FECUNDADA'),(59,'2022-04-02 12:01:49','ADMINISTRADOR','ESTADOS','EDITAR','ID DEL REGISTRO EDITADO: 12 CAMBIO EN EL CAMPO NOMBRE    --VALOR ANTERIOR: DESCARTADO    --NUEVO VALOR: RECIEN PARIDA'),(60,'2022-04-02 12:02:18','ADMINISTRADOR','ESTADOS GANADO','INSERTAR','SE INSERTÓ EL ESTADO: DESCARTADO'),(61,'2022-04-02 12:21:38','ADMINISTRADOR','OBJETOS','INSERTAR','SE INSERTÓ EL OBJETO:ESTADOS GANADO'),(62,'2022-04-02 12:21:58','ADMINISTRADOR','OBJETOS','INSERTAR','SE INSERTÓ EL OBJETO:LUGARES'),(63,'2022-04-02 12:22:12','ADMINISTRADOR','OBJETOS','INSERTAR','SE INSERTÓ EL OBJETO:RAZAS'),(64,'2022-04-02 12:22:27','ADMINISTRADOR','OBJETOS','INSERTAR','SE INSERTÓ EL OBJETO:ROLES'),(65,'2022-04-02 12:22:59','ADMINISTRADOR','OBJETOS','INSERTAR','SE INSERTÓ EL OBJETO:USUARIOS'),(66,'2022-04-02 12:23:11','ADMINISTRADOR','OBJETOS','INSERTAR','SE INSERTÓ EL OBJETO:PREGUNTAS'),(67,'2022-04-02 12:23:25','ADMINISTRADOR','OBJETOS','INSERTAR','SE INSERTÓ EL OBJETO:OBJETOS'),(68,'2022-04-02 12:23:37','ADMINISTRADOR','OBJETOS','INSERTAR','SE INSERTÓ EL OBJETO:PARAMETROS'),(69,'2022-04-02 12:23:51','ADMINISTRADOR','OBJETOS','INSERTAR','SE INSERTÓ EL OBJETO:BITACORA'),(70,'2022-04-02 12:24:15','ADMINISTRADOR','OBJETOS','INSERTAR','SE INSERTÓ EL OBJETO:BACKUP'),(71,'2022-04-02 12:24:34','ADMINISTRADOR','OBJETOS','INSERTAR','SE INSERTÓ EL OBJETO:CLIENTES'),(72,'2022-04-02 12:24:54','ADMINISTRADOR','OBJETOS','INSERTAR','SE INSERTÓ EL OBJETO:PROVEEDORES'),(73,'2022-04-02 12:25:19','ADMINISTRADOR','OBJETOS','INSERTAR','SE INSERTÓ EL OBJETO:LOTES GANADO'),(74,'2022-04-02 12:25:45','ADMINISTRADOR','OBJETOS','INSERTAR','SE INSERTÓ EL OBJETO:LOTES ESPERMA'),(75,'2022-04-02 12:26:07','ADMINISTRADOR','OBJETOS','INSERTAR','SE INSERTÓ EL OBJETO:LOTES EMBRIONES'),(76,'2022-04-02 12:26:25','ADMINISTRADOR','OBJETOS','INSERTAR','SE INSERTÓ EL OBJETO:VENTAS'),(77,'2022-04-02 12:26:38','ADMINISTRADOR','OBJETOS','INSERTAR','SE INSERTÓ EL OBJETO:GANADO'),(78,'2022-04-02 12:27:02','ADMINISTRADOR','OBJETOS','INSERTAR','SE INSERTÓ EL OBJETO:GANADO MUERTO'),(79,'2022-04-02 12:27:18','ADMINISTRADOR','OBJETOS','INSERTAR','SE INSERTÓ EL OBJETO:TRANSFERENCIAS EMBRION'),(80,'2022-04-02 12:27:30','ADMINISTRADOR','OBJETOS','INSERTAR','SE INSERTÓ EL OBJETO:TRANSFERENCIAS ESPERMA'),(81,'2022-04-02 12:27:42','ADMINISTRADOR','OBJETOS','INSERTAR','SE INSERTÓ EL OBJETO:MONTAS'),(82,'2022-04-02 12:28:00','ADMINISTRADOR','OBJETOS','INSERTAR','SE INSERTÓ EL OBJETO:PRENADAS EMBRION'),(83,'2022-04-02 12:28:12','ADMINISTRADOR','OBJETOS','INSERTAR','SE INSERTÓ EL OBJETO:PRENADAS ESPERMA'),(84,'2022-04-02 12:28:27','ADMINISTRADOR','OBJETOS','INSERTAR','SE INSERTÓ EL OBJETO:PRENADAS MONTA'),(85,'2022-04-02 12:28:53','ADMINISTRADOR','OBJETOS','INSERTAR','SE INSERTÓ EL OBJETO:NACIMIENTOS EMBRION'),(86,'2022-04-02 12:29:03','ADMINISTRADOR','OBJETOS','INSERTAR','SE INSERTÓ EL OBJETO:NACIMIENTOS ESPERMA'),(87,'2022-04-02 12:29:39','ADMINISTRADOR','OBJETOS','INSERTAR','SE INSERTÓ EL OBJETO:NACIMIENTOS MONTA'),(88,'2022-04-02 12:29:56','ADMINISTRADOR','OBJETOS','INSERTAR','SE INSERTÓ EL OBJETO:PRODUCCION LECHE'),(89,'2022-04-02 12:30:10','ADMINISTRADOR','OBJETOS','INSERTAR','SE INSERTÓ EL OBJETO:INVENTARIO MEDICAMENTOS'),(90,'2022-04-02 12:30:21','ADMINISTRADOR','OBJETOS','INSERTAR','SE INSERTÓ EL OBJETO:ORDEN TRABAJO'),(91,'2022-04-02 12:30:37','ADMINISTRADOR','OBJETOS','INSERTAR','SE INSERTÓ EL OBJETO:REPORTES'),(92,'2022-04-02 12:54:07','ADMINISTRADOR','RAZAS','INSERTAR','SE INSERTÓ LA RAZA: HÍBRIDA'),(93,'2022-04-02 12:55:42','ADMINISTRADOR','RAZAS','INSERTAR','SE INSERTÓ LA RAZA: GHR'),(94,'2022-04-02 19:11:45','ADMINISTRADOR','CLIENTES','INSERTAR','SE INSERTO EL CLIENTE: Lucas Perez CON EL ID 1'),(95,'2022-04-04 12:41:13','ADMINISTRADOR','OBJETOS','INSERTAR','SE INSERTÓ EL OBJETO:RESTORE'),(96,'2022-04-04 12:51:16','ADMINISTRADOR','USUARIOS','EDITAR','ID DEL REGISTRO EDITADO: 2 CAMBIO EN EL CAMPO CORREO    --VALOR ANTERIOR: papucho2526v5@gmail.com    --NUEVO VALOR: pucho2526v5@gmail.com'),(97,'2022-04-04 12:51:58','ADMINISTRADOR','USUARIOS','INSERTAR','SE INSERTÓ EL USUARIO:INVITADO'),(98,'2022-04-04 12:54:24','ADMINISTRADOR','USUARIOS','EDITAR','ID DEL REGISTRO EDITADO: 3 CAMBIO EN EL CAMPO NOMBRE    --VALOR ANTERIOR: heber Espinoza    --NUEVO VALOR: Heber Espinoza'),(99,'2022-04-04 12:56:42','ADMINISTRADOR','parametros','INSERTAR','SE INSERTÓ EL PARAMÉTRO: MAX_PREGUNTAS_CONTESTAR'),(100,'2022-04-04 12:57:22','ADMINISTRADOR','parametros','INSERTAR','SE INSERTÓ EL PARAMÉTRO: MAX_RESPUESTAS_CORRECTAS'),(101,'2022-04-04 14:41:36','ADMINISTRADOR','PREGUNTAS','INSERTAR','SE INSERTÓ LA PREGUNTA: NOMBRE DE TU MAMÁ'),(102,'2022-04-04 14:54:53','ADMINISTRADOR','ROLES','INSERTAR','SE INSERTÓ EL ROL: ADMINISTRADOR DE MANTENIMIENTO'),(103,'2022-04-04 20:29:24','ADMINISTRADOR','PROVEEDORES','INSERTAR','SE INSERTÓ EL PROVEEDOR: Joel Ramos'),(104,'2022-04-05 15:35:05','ADMINISTRADOR','USUARIOS','INSERTAR','SE INSERTÓ EL USUARIO:SEGURIDAD'),(105,'2022-04-05 16:07:40','ADMINISTRADOR','USUARIOS','EDITAR','ID DEL REGISTRO EDITADO: 5 CAMBIO EN EL CAMPO CORREO    --VALOR ANTERIOR: jeniclaros028@gmail.com    --NUEVO VALOR: jiclaros028@gmail.com'),(106,'2022-04-05 16:14:10','ADMINISTRADOR','PREGUNTAS','INSERTAR','SE INSERTÓ LA PREGUNTA: ARTISTA FAVORTITO'),(107,'2022-04-05 17:08:58','ADMINISTRADOR','PARAMETROS','INSERTAR','SE INSERTÓ EL PARAMÉTRO: VENCIMIENTO_ENLACE'),(112,'2022-04-05 18:22:13','ADMINISTRADOR','USUARIOS','INSERTAR','SE INSERTÓ EL USUARIO:PRUEBAADMIN'),(113,'2022-04-05 18:22:50','ADMINISTRADOR','USUARIOS','EDITAR','ID DEL REGISTRO EDITADO: 12 CAMBIO EN EL CAMPO CORREO    --VALOR ANTERIOR: jeniclaros028@gmail.com    --NUEVO VALOR: jniclaros028@gmail.com'),(114,'2022-04-05 18:23:22','ADMINISTRADOR','USUARIOS','INSERTAR','SE INSERTÓ EL USUARIO:PRUEBAINVITADO'),(115,'2022-04-05 18:23:34','ADMINISTRADOR','USUARIOS','EDITAR','ID DEL REGISTRO EDITADO: 13 CAMBIO EN EL CAMPO CORREO    --VALOR ANTERIOR: jeniclaros028@gmail.com    --NUEVO VALOR: jeniclos028@gmail.com'),(116,'2022-04-05 18:24:08','ADMINISTRADOR','USUARIOS','INSERTAR','SE INSERTÓ EL USUARIO:PRUEBAMANTENIMIENTO'),(117,'2022-04-05 18:24:18','ADMINISTRADOR','USUARIOS','EDITAR','ID DEL REGISTRO EDITADO: 14 CAMBIO EN EL CAMPO CORREO    --VALOR ANTERIOR: jeniclaros028@gmail.com    --NUEVO VALOR: jenicls028@gmail.com'),(118,'2022-04-05 18:24:49','ADMINISTRADOR','USUARIOS','INSERTAR','SE INSERTÓ EL USUARIO:PRUEBASEGURIDAD'),(119,'2022-04-05 19:04:06','PRUEBAADMIN','ROLES','INSERTAR','SE INSERTÓ EL ROL: PROFESOR'),(120,'2022-04-05 19:04:19','PRUEBAADMIN','USUARIOS','EDITAR','ID DEL REGISTRO EDITADO: 12 CAMBIO EN EL CAMPO ROL   --ID DEL VALOR ANTERIOR: 1    --NUEVO VALOR: 5'),(121,'2022-04-05 19:08:09','ADMINISTRADOR','USUARIOS','EDITAR','ID DEL REGISTRO EDITADO: 12 CAMBIO EN EL CAMPO ROL   --ID DEL VALOR ANTERIOR: 5    --NUEVO VALOR: 1'),(122,'2022-04-05 19:09:54','PRUEBAADMIN','ROLES','INSERTAR','SE INSERTÓ EL ROL: CONSEJERO'),(123,'2022-04-05 19:25:42','PRUEBAADMIN','ESTADOS','EDITAR','ID DEL REGISTRO EDITADO: 2 CAMBIO EN EL CAMPO DESCRIPCION    --VALOR ANTERIOR: ACTIVO    --NUEVO VALOR: INACTIVO'),(124,'2022-04-05 19:29:27','PRUEBAADMIN','ESTADOS GANADO','INSERTAR','SE INSERTÓ EL ESTADO: PREÑADAS'),(125,'2022-04-05 19:38:18','PRUEBAADMIN','CLIENTES','INSERTAR','SE INSERTO EL CLIENTE: Heber Espinoza CON EL ID 4'),(126,'2022-04-06 10:22:42','ADMINISTRADOR','USUARIOS','EDITAR','ID DEL REGISTRO EDITADO: 12  --VALOR ANTERIOR: 0    --NUEVO VALOR: 1'),(127,'2022-04-06 10:23:01','ADMINISTRADOR','USUARIOS','EDITAR','ID DEL REGISTRO EDITADO: 15  --VALOR ANTERIOR: 1    --NUEVO VALOR: 2'),(128,'2022-04-06 10:31:34','ADMINISTRADOR','USUARIOS','EDITAR','ID DEL REGISTRO EDITADO: 13  --VALOR ANTERIOR: 0    --NUEVO VALOR: 1'),(129,'2022-04-06 11:18:38','ADMINISTRADOR','TBL_MC_COMPRA_EMBRION','INSERTAR','SE COMPRÓ PARA RAZA ESPERADA: HIBRIDA-HOLTING'),(130,'2022-04-06 11:22:38','ADMINISTRADOR','TBL_MC_COMPRA_EMBRION','INSERTAR','SE COMPRÓ PARA RAZA ESPERADA: HIBRIDA-GHR'),(131,'2022-04-06 12:05:09','ADMINISTRADOR','ESTADOS','EDITAR','ID DEL REGISTRO EDITADO: 15  --VALOR ANTERIOR: HFDSKNMF JGBSDFKLG MNKDJBVM KB DF BHFDBHFBHBNFD G DFGHDFHFGJFGFG N    --NUEVO VALOR: HFDS'),(132,'2022-04-06 19:06:41','ADMINISTRADOR','PROVEEDORES','INSERTAR','SE INSERTÓ EL PROVEEDOR: Jeffry joseph Aguilar'),(133,'2022-04-06 19:21:44','ADMINISTRADOR','TBL_MC_COMPRA_EMBRION','INSERTAR','SE COMPRÓ PARA RAZA ESPERADA: GHR-HOLTING'),(134,'2022-04-06 20:33:58','ADMINISTRADOR','USUARIOS','EDITAR','ID DEL REGISTRO EDITADO: 14  --VALOR ANTERIOR: 2    --NUEVO VALOR: 1'),(135,'2022-04-06 20:34:07','ADMINISTRADOR','USUARIOS','EDITAR','ID DEL REGISTRO EDITADO: 13  --VALOR ANTERIOR: 0    --NUEVO VALOR: 2'),(136,'2022-04-06 20:34:40','ADMINISTRADOR','USUARIOS','EDITAR','ID DEL REGISTRO EDITADO: 13  --VALOR ANTERIOR: 2    --NUEVO VALOR: 1'),(137,'2022-04-07 08:57:57','ADMINISTRADOR','USUARIOS','EDITAR','ID DEL REGISTRO EDITADO: 12 CAMBIO EN EL CAMPO CORREO    --VALOR ANTERIOR: jeniclaros028@gmail.com    --NUEVO VALOR: jenicla028@gmail.com'),(138,'2022-04-07 08:57:57','ADMINISTRADOR','USUARIOS','EDITAR','ID DEL REGISTRO EDITADO: 12  --VALOR ANTERIOR: 1    --NUEVO VALOR: 0'),(139,'2022-04-07 08:58:35','ADMINISTRADOR','USUARIOS','INSERTAR','SE INSERTÓ EL USUARIO:INVITADO2'),(140,'2022-04-07 09:05:47','ADMINISTRADOR','USUARIOS','EDITAR','ID DEL REGISTRO EDITADO: 16 CAMBIO EN EL CAMPO CORREO    --VALOR ANTERIOR: jeniclaros028@gmail.com    --NUEVO VALOR: jenlos028@gmail.com'),(141,'2022-04-07 09:05:48','ADMINISTRADOR','USUARIOS','EDITAR','ID DEL REGISTRO EDITADO: 16  --VALOR ANTERIOR: 1    --NUEVO VALOR: 0'),(142,'2022-04-07 09:06:59','ADMINISTRADOR','USUARIOS','INSERTAR','SE INSERTÓ EL USUARIO:INVITADO3'),(143,'2022-04-07 12:34:22','ADMINISTRADOR','PROVEEDORES','INSERTAR','SE INSERTÓ EL PROVEEDOR: Mario Luna'),(144,'2022-04-08 09:21:31','PRUEBAADMIN','ESTADOS','EDITAR','ID DEL REGISTRO EDITADO: 11  --VALOR ANTERIOR: Recién dio a luz, se espera el registro de su ternero.    --NUEVO VALOR: Una trasnferencia de fecundación no tuvo éxito'),(145,'2022-04-08 09:21:45','PRUEBAADMIN','ESTADOS','EDITAR','ID DEL REGISTRO EDITADO: 12  --VALOR ANTERIOR: El ganado no aporta más para el sostenimiento del Rancho.    --NUEVO VALOR: Recién dio a luz, se espera el registro de su ternero.'),(146,'2022-04-08 09:24:48','PRUEBAADMIN','LUGARES','EDITAR','ID DEL REGISTRO EDITADO: 3 CAMBIO EN EL CAMPO UBICACIÓN EXACTA    --VALOR ANTERIOR: Por Gracias a Dios    --NUEVO VALOR: Por Gracias a Dios así es.'),(147,'2022-04-08 09:29:48','PRUEBAADMIN','OBJETOS','EDITAR','ID DEL REGISTRO EDITADO: 32 CAMBIO EN EL CAMPO DESCRIPCION    --VALOR ANTERIOR: Administrar los Estados del ganado    --NUEVO VALOR: Administrar los Estados del ganados'),(148,'2022-04-08 09:31:28','PRUEBAADMIN','OBJETOS','EDITAR','ID DEL REGISTRO EDITADO: 32 CAMBIO EN EL CAMPO DESCRIPCION    --VALOR ANTERIOR: Administrar los Estados del ganados    --NUEVO VALOR: Administrar los Estados del ganado'),(149,'2022-04-08 09:31:28','PRUEBAADMIN','OBJETOS','EDITAR','ID DEL REGISTRO EDITADO: 32  --VALOR ANTERIOR: 2    --NUEVO VALOR: 12'),(150,'2022-04-08 09:32:14','PRUEBAADMIN','OBJETOS','EDITAR','ID DEL REGISTRO EDITADO: 33 CAMBIO EN EL CAMPO DESCRIPCION    --VALOR ANTERIOR: Administrar los lugares del ganado    --NUEVO VALOR: Administrar los lugares del ganados'),(151,'2022-04-08 09:32:14','PRUEBAADMIN','OBJETOS','EDITAR','ID DEL REGISTRO EDITADO: 33  --VALOR ANTERIOR:     --NUEVO VALOR: 12'),(152,'2022-04-08 10:37:49','PRUEBAADMIN','ESTADOS','EDITAR','ID DEL REGISTRO EDITADO: 10  --VALOR ANTERIOR: Se ha hecho con ella, una trasferencia reciente.    --NUEVO VALOR: Se ha hecho con ella, una trasferencia reciente.s'),(153,'2022-04-08 10:37:50','PRUEBAADMIN','ESTADOS','EDITAR','ID DEL REGISTRO EDITADO: 10  --VALOR ANTERIOR: 14    --NUEVO VALOR: 12'),(154,'2022-04-08 10:38:23','PRUEBAADMIN','USUARIOS','EDITAR','ID DEL REGISTRO EDITADO: 12 CAMBIO EN EL CAMPO NOMBRE    --VALOR ANTERIOR: Prueba Administrador General    --NUEVO VALOR: Prueba Admin'),(155,'2022-04-08 10:38:24','PRUEBAADMIN','USUARIOS','EDITAR','ID DEL REGISTRO EDITADO: 12  --VALOR ANTERIOR: 1    --NUEVO VALOR: 0'),(156,'2022-04-08 10:46:47','PRUEBAADMIN','ESTADOS GANADO','INSERTAR','SE INSERTÓ EL ESTADO: PRUEBA'),(157,'2022-04-08 11:10:38','PRUEBAADMIN','RAZAS','INSERTAR','SE INSERTÓ LA RAZA: ANGUS'),(158,'2022-04-08 11:16:05','PRUEBAADMIN','OBJETOS','EDITAR','ID DEL REGISTRO EDITADO: 32 CAMBIO EN EL CAMPO DESCRIPCION    --VALOR ANTERIOR: Administrar los Estados del ganado    --NUEVO VALOR: Administrar los Estados del ganado del rancho.'),(159,'2022-04-09 11:47:04','ADMINISTRADOR','USUARIOS','EDITAR','ID DEL REGISTRO EDITADO: 16  --VALOR ANTERIOR: 0    --NUEVO VALOR: 1'),(160,'2022-04-09 11:58:30','ADMINISTRADOR','USUARIOS','EDITAR','ID DEL REGISTRO EDITADO: 13 CAMBIO EN EL CAMPO NOMBRE DE USUARIO   --VALOR ANTERIOR: PRUEBAINVITADO    --NUEVO VALOR: PRUEBAADMIN'),(161,'2022-04-09 11:58:30','ADMINISTRADOR','USUARIOS','EDITAR','ID DEL REGISTRO EDITADO: 13  --VALOR ANTERIOR: 1    --NUEVO VALOR: 0'),(162,'2022-04-09 11:58:49','ADMINISTRADOR','USUARIOS','EDITAR','ID DEL REGISTRO EDITADO: 13 CAMBIO EN EL CAMPO NOMBRE DE USUARIO   --VALOR ANTERIOR: PRUEBAADMIN    --NUEVO VALOR: PRUEBAINVITADO'),(163,'2022-04-09 12:45:04','ADMINISTRADOR','LUGARES','INSERTAR','SE INSERTÓ EL LUGAR: '),(164,'2022-04-09 12:46:53','ADMINISTRADOR','LUGARES','INSERTAR','SE INSERTÓ EL LUGAR: '),(165,'2022-04-09 12:53:32','ADMINISTRADOR','ESTADOS GANADO','INSERTAR','SE INSERTÓ EL ESTADO: PRUEBA2'),(166,'2022-04-09 13:10:30','ADMINISTRADOR','ESTADOS','EDITAR','ID DEL REGISTRO EDITADO: 16  --VALOR ANTERIOR: Probar    --NUEVO VALOR: Probaremos'),(167,'2022-04-09 13:10:30','ADMINISTRADOR','ESTADOS','EDITAR','ID DEL REGISTRO EDITADO: 16  --VALOR ANTERIOR:     --NUEVO VALOR: 2'),(168,'2022-04-09 13:26:27','ADMINISTRADOR','USUARIOS','EDITAR','ID DEL REGISTRO EDITADO: 13 CAMBIO EN EL CAMPO ESTADO    --VALOR ANTERIOR: 0    --NUEVO VALOR: 1'),(169,'2022-04-09 17:13:52','ADMINISTRADOR','ESTADOS GANADO','INSERTAR','SE INSERTÓ EL ESTADO: EN PROCESO'),(170,'2022-04-09 17:14:24','ADMINISTRADOR','ESTADOS','EDITAR','ID DEL REGISTRO EDITADO: 18  --VALOR ANTERIOR:     --NUEVO VALOR: Prueba'),(171,'2022-04-09 17:14:24','ADMINISTRADOR','ESTADOS','EDITAR','ID DEL REGISTRO EDITADO: 18  --VALOR ANTERIOR:     --NUEVO VALOR: 2'),(172,'2022-04-09 19:03:20','ADMINISTRADOR','USUARIOS','EDITAR','ID DEL REGISTRO EDITADO: 3 CAMBIO EN EL CAMPO ESTADO    --VALOR ANTERIOR: 1    --NUEVO VALOR: 0'),(173,'2022-04-09 19:03:31','ADMINISTRADOR','USUARIOS','EDITAR','ID DEL REGISTRO EDITADO: 3 CAMBIO EN EL CAMPO ESTADO    --VALOR ANTERIOR: 0    --NUEVO VALOR: 1'),(174,'2022-04-09 19:19:21','ADMINISTRADOR','USUARIOS','EDITAR','ID DEL REGISTRO EDITADO: 15 CAMBIO EN EL CAMPO FECHA DE VENCIMIENTO    --VALOR ANTERIOR: 2022-04-06    --NUEVO VALOR: 2022-04-28'),(175,'2022-04-09 20:13:37','ADMINISTRADOR','ESTADOS','EDITAR','ID DEL REGISTRO EDITADO: 3  --VALOR ANTERIOR: Sin producción    --NUEVO VALOR: Sin producción.'),(176,'2022-04-09 20:13:47','ADMINISTRADOR','ESTADOS','EDITAR','ID DEL REGISTRO EDITADO: 4  --VALOR ANTERIOR: Lista para ser fecundada    --NUEVO VALOR: Lista para ser fecundada.'),(177,'2022-04-09 20:13:47','ADMINISTRADOR','ESTADOS','EDITAR','ID DEL REGISTRO EDITADO: 4  --VALOR ANTERIOR: 14    --NUEVO VALOR: 2'),(178,'2022-04-09 20:13:56','ADMINISTRADOR','ESTADOS','EDITAR','ID DEL REGISTRO EDITADO: 5  --VALOR ANTERIOR: El ganado está died    --NUEVO VALOR: El ganado está died.'),(179,'2022-04-09 20:13:56','ADMINISTRADOR','ESTADOS','EDITAR','ID DEL REGISTRO EDITADO: 5  --VALOR ANTERIOR: 14    --NUEVO VALOR: 2'),(180,'2022-04-09 20:14:15','ADMINISTRADOR','ESTADOS','EDITAR','ID DEL REGISTRO EDITADO: 6  --VALOR ANTERIOR: Este estado le pertenece a un ternero.    --NUEVO VALOR: Este estado le pertenece a un Ternero.'),(181,'2022-04-09 20:14:15','ADMINISTRADOR','ESTADOS','EDITAR','ID DEL REGISTRO EDITADO: 6  --VALOR ANTERIOR: 14    --NUEVO VALOR: 2'),(182,'2022-04-09 20:14:33','ADMINISTRADOR','ESTADOS','EDITAR','ID DEL REGISTRO EDITADO: 7  --VALOR ANTERIOR: 14    --NUEVO VALOR: 2'),(183,'2022-04-09 20:14:40','ADMINISTRADOR','ESTADOS','EDITAR','ID DEL REGISTRO EDITADO: 8  --VALOR ANTERIOR: Se le vendió a un cliente    --NUEVO VALOR: Se le vendió a un cliente.'),(184,'2022-04-09 20:14:41','ADMINISTRADOR','ESTADOS','EDITAR','ID DEL REGISTRO EDITADO: 8  --VALOR ANTERIOR: 14    --NUEVO VALOR: 2'),(185,'2022-04-09 20:14:50','ADMINISTRADOR','ESTADOS','EDITAR','ID DEL REGISTRO EDITADO: 9  --VALOR ANTERIOR: No tiene un estado definido    --NUEVO VALOR: No tiene un estado definido.'),(186,'2022-04-09 20:14:50','ADMINISTRADOR','ESTADOS','EDITAR','ID DEL REGISTRO EDITADO: 9  --VALOR ANTERIOR: 14    --NUEVO VALOR: 2'),(187,'2022-04-09 20:15:04','ADMINISTRADOR','ESTADOS','EDITAR','ID DEL REGISTRO EDITADO: 10  --VALOR ANTERIOR: Se ha hecho con ella, una trasferencia reciente.s    --NUEVO VALOR: Se ha hecho con ella, una trasferencia reciente.'),(188,'2022-04-09 20:15:04','ADMINISTRADOR','ESTADOS','EDITAR','ID DEL REGISTRO EDITADO: 10  --VALOR ANTERIOR: 12    --NUEVO VALOR: 2'),(189,'2022-04-11 11:15:40','ADMINISTRADOR','ESTADOS','EDITAR','ID DEL REGISTRO EDITADO: 2 CAMBIO EN EL CAMPO DESCRIPCION    --VALOR ANTERIOR: INACTIVO    --NUEVO VALOR: ACTIVO'),(190,'2022-04-11 11:15:41','ADMINISTRADOR','ESTADOS','EDITAR','ID DEL REGISTRO EDITADO: 2  --VALOR ANTERIOR: 12    --NUEVO VALOR: 2'),(191,'2022-04-11 11:24:13','ADMINISTRADOR','ESTADOS','EDITAR','ID DEL REGISTRO EDITADO: 3  --VALOR ANTERIOR: Sin producción.    --NUEVO VALOR: Sin producción ni nada.'),(192,'2022-04-11 11:28:19','ADMINISTRADOR','LUGARES','EDITAR','ID DEL REGISTRO EDITADO: 2 CAMBIO EN EL CAMPO UBICACIÓN EXACTA    --VALOR ANTERIOR: Cerca de Olancho    --NUEVO VALOR: Cerca de Olancho y'),(193,'2022-04-11 11:29:58','ADMINISTRADOR','LUGARES','INSERTAR','SE INSERTÓ EL LUGAR: '),(194,'2022-04-11 11:33:01','ADMINISTRADOR','ESTADOS','EDITAR','ID DEL REGISTRO EDITADO: 15 CAMBIO EN EL CAMPO DESCRIPCION    --VALOR ANTERIOR: ACTIVO    --NUEVO VALOR: INACTIVO'),(195,'2022-04-11 11:33:01','ADMINISTRADOR','ESTADOS','EDITAR','ID DEL REGISTRO EDITADO: 15  --VALOR ANTERIOR: 14    --NUEVO VALOR: 2'),(196,'2022-04-11 11:33:21','ADMINISTRADOR','ESTADOS','EDITAR','ID DEL REGISTRO EDITADO: 15 CAMBIO EN EL CAMPO DESCRIPCION    --VALOR ANTERIOR: INACTIVO    --NUEVO VALOR: ACTIVO'),(197,'2022-04-11 11:33:32','ADMINISTRADOR','ESTADOS','EDITAR','ID DEL REGISTRO EDITADO: 17 CAMBIO EN EL CAMPO DESCRIPCION    --VALOR ANTERIOR: ACTIVO    --NUEVO VALOR: INACTIVO'),(198,'2022-04-11 11:33:32','ADMINISTRADOR','ESTADOS','EDITAR','ID DEL REGISTRO EDITADO: 17  --VALOR ANTERIOR:     --NUEVO VALOR: 2'),(199,'2022-04-11 11:35:19','ADMINISTRADOR','ESTADOS','EDITAR','ID DEL REGISTRO EDITADO: 16 CAMBIO EN EL CAMPO DESCRIPCION    --VALOR ANTERIOR: ACTIVO    --NUEVO VALOR: INACTIVO'),(200,'2022-04-11 11:35:27','ADMINISTRADOR','ESTADOS','EDITAR','ID DEL REGISTRO EDITADO: 18 CAMBIO EN EL CAMPO DESCRIPCION    --VALOR ANTERIOR: ACTIVO    --NUEVO VALOR: INACTIVO'),(201,'2022-04-11 11:35:37','ADMINISTRADOR','ESTADOS','EDITAR','ID DEL REGISTRO EDITADO: 15 CAMBIO EN EL CAMPO DESCRIPCION    --VALOR ANTERIOR: ACTIVO    --NUEVO VALOR: INACTIVO'),(202,'2022-04-11 11:49:25','ADMINISTRADOR','ESTADOS GANADO','INSERTAR','SE INSERTÓ EL ESTADO: SCASC SDVSDVDS'),(203,'2022-04-11 11:49:46','ADMINISTRADOR','ESTADOS','EDITAR','ID DEL REGISTRO EDITADO: 19 CAMBIO EN EL CAMPO NOMBRE    --VALOR ANTERIOR: SCASC SDVSDVDS    --NUEVO VALOR: OTRO MAS'),(204,'2022-04-11 11:49:46','ADMINISTRADOR','ESTADOS','EDITAR','ID DEL REGISTRO EDITADO: 19  --VALOR ANTERIOR:     --NUEVO VALOR: 2'),(205,'2022-04-11 11:50:03','ADMINISTRADOR','ESTADOS GANADO','INSERTAR','SE INSERTÓ EL ESTADO: A VER'),(206,'2022-04-11 11:50:14','ADMINISTRADOR','ESTADOS','EDITAR','ID DEL REGISTRO EDITADO: 19 CAMBIO EN EL CAMPO DESCRIPCION    --VALOR ANTERIOR: ACTIVO    --NUEVO VALOR: INACTIVO'),(207,'2022-04-11 11:50:42','ADMINISTRADOR','ESTADOS','EDITAR','ID DEL REGISTRO EDITADO: 20  --VALOR ANTERIOR:     --NUEVO VALOR: DSF EFEF'),(208,'2022-04-11 11:50:42','ADMINISTRADOR','ESTADOS','EDITAR','ID DEL REGISTRO EDITADO: 20  --VALOR ANTERIOR:     --NUEVO VALOR: 2'),(209,'2022-04-11 11:50:59','ADMINISTRADOR','ESTADOS GANADO','INSERTAR','SE INSERTÓ EL ESTADO: OTTO MAS'),(210,'2022-04-11 11:51:24','ADMINISTRADOR','ESTADOS','EDITAR','ID DEL REGISTRO EDITADO: 21  --VALOR ANTERIOR:     --NUEVO VALOR: 2'),(211,'2022-04-11 11:51:35','ADMINISTRADOR','ESTADOS','EDITAR','ID DEL REGISTRO EDITADO: 21 CAMBIO EN EL CAMPO DESCRIPCION    --VALOR ANTERIOR: ACTIVO    --NUEVO VALOR: INACTIVO'),(212,'2022-04-11 11:53:33','ADMINISTRADOR','LUGARES','INSERTAR','SE INSERTÓ EL LUGAR: '),(213,'2022-04-11 11:53:42','ADMINISTRADOR','LUGARES','EDITAR','ID DEL REGISTRO EDITADO: 6 CAMBIO EN EL CAMPO STATUS    --VALOR ANTERIOR: ACTIVO    --NUEVO VALOR: INACTIVO'),(214,'2022-04-11 11:53:51','ADMINISTRADOR','LUGARES','EDITAR','ID DEL REGISTRO EDITADO: 7 CAMBIO EN EL CAMPO STATUS    --VALOR ANTERIOR: ACTIVO    --NUEVO VALOR: INACTIVO'),(215,'2022-04-11 12:04:47','ADMINISTRADOR','LUGARES','INSERTAR','SE INSERTÓ EL LUGAR: '),(216,'2022-04-11 12:05:00','ADMINISTRADOR','LUGARES','EDITAR','ID DEL REGISTRO EDITADO: 8 CAMBIO EN EL CAMPO STATUS    --VALOR ANTERIOR: ACTIVO    --NUEVO VALOR: INACTIVO'),(217,'2022-04-11 12:12:31','ADMINISTRADOR','ESTADOS GANADO','INSERTAR','SE INSERTÓ EL ESTADO: con espacios'),(218,'2022-04-11 12:13:14','ADMINISTRADOR','ESTADOS','EDITAR','ID DEL REGISTRO EDITADO: 22 CAMBIO EN EL CAMPO NOMBRE    --VALOR ANTERIOR: con espacios    --NUEVO VALOR: con espacios S'),(219,'2022-04-11 12:13:14','ADMINISTRADOR','ESTADOS','EDITAR','ID DEL REGISTRO EDITADO: 22  --VALOR ANTERIOR:     --NUEVO VALOR: 2'),(220,'2022-04-11 12:13:28','ADMINISTRADOR','ESTADOS','EDITAR','ID DEL REGISTRO EDITADO: 22 CAMBIO EN EL CAMPO NOMBRE    --VALOR ANTERIOR: con espacios S    --NUEVO VALOR: CON ESPACIOS'),(221,'2022-04-11 12:13:29','ADMINISTRADOR','ESTADOS','EDITAR','ID DEL REGISTRO EDITADO: 22 CAMBIO EN EL CAMPO DESCRIPCION    --VALOR ANTERIOR: ACTIVO    --NUEVO VALOR: INACTIVO'),(222,'2022-04-11 12:13:41','ADMINISTRADOR','ESTADOS GANADO','INSERTAR','SE INSERTÓ EL ESTADO: MAYUSCULAS D'),(223,'2022-04-11 12:13:51','ADMINISTRADOR','ESTADOS','EDITAR','ID DEL REGISTRO EDITADO: 23  --VALOR ANTERIOR:     --NUEVO VALOR: 2'),(224,'2022-04-11 12:14:01','ADMINISTRADOR','ESTADOS','EDITAR','ID DEL REGISTRO EDITADO: 20 CAMBIO EN EL CAMPO DESCRIPCION    --VALOR ANTERIOR: ACTIVO    --NUEVO VALOR: INACTIVO'),(225,'2022-04-11 12:14:08','ADMINISTRADOR','ESTADOS','EDITAR','ID DEL REGISTRO EDITADO: 23 CAMBIO EN EL CAMPO DESCRIPCION    --VALOR ANTERIOR: ACTIVO    --NUEVO VALOR: INACTIVO'),(226,'2022-04-11 12:15:47','ADMINISTRADOR','LUGARES','INSERTAR','SE INSERTÓ EL LUGAR: '),(227,'2022-04-11 12:16:01','ADMINISTRADOR','LUGARES','EDITAR','ID DEL REGISTRO EDITADO: 9 CAMBIO EN EL CAMPO STATUS    --VALOR ANTERIOR: ACTIVO    --NUEVO VALOR: INACTIVO'),(228,'2022-04-11 12:18:31','ADMINISTRADOR','RAZAS','INSERTAR','SE INSERTÓ LA RAZA: azul belga'),(229,'2022-04-11 12:19:56','ADMINISTRADOR','RAZAS','EDITAR','ID DEL REGISTRO EDITADO: 5  --VALOR ANTERIOR:     --NUEVO VALOR: 2'),(230,'2022-04-11 12:20:23','ADMINISTRADOR','LUGARES','INSERTAR','SE INSERTÓ EL LUGAR: '),(231,'2022-04-11 12:20:49','ADMINISTRADOR','LUGARES','EDITAR','ID DEL REGISTRO EDITADO: 10 CAMBIO EN EL CAMPO NOMBRE    --VALOR ANTERIOR: rancho san juan    --NUEVO VALOR: RANCHO SAN JUAN'),(232,'2022-04-11 12:28:18','ADMINISTRADOR','RAZAS','EDITAR','ID DEL REGISTRO EDITADO: 5 CAMBIO EN EL CAMPO NOMBRE    --VALOR ANTERIOR: azul belga    --NUEVO VALOR: AZUL BELGA'),(233,'2022-04-11 12:29:50','ADMINISTRADOR','LUGARES','EDITAR','ID DEL REGISTRO EDITADO: 10 CAMBIO EN EL CAMPO STATUS    --VALOR ANTERIOR: ACTIVO    --NUEVO VALOR: INACTIVO'),(234,'2022-04-11 12:30:49','ADMINISTRADOR','RAZAS','EDITAR','ID DEL REGISTRO EDITADO: 1 CAMBIO EN EL CAMPO DESCRIPCION    --VALOR ANTERIOR: Es manchada    --NUEVO VALOR: Es manchada.'),(235,'2022-04-11 12:30:49','ADMINISTRADOR','RAZAS','EDITAR','ID DEL REGISTRO EDITADO: 1  --VALOR ANTERIOR:     --NUEVO VALOR: 2'),(236,'2022-04-11 13:03:41','ADMINISTRADOR','USUARIOS','EDITAR','ID DEL REGISTRO EDITADO: 16 CAMBIO EN EL CAMPO ESTADO    --VALOR ANTERIOR: 1    --NUEVO VALOR: 0'),(237,'2022-04-11 21:24:00','ADMINISTRADOR','TBL_MC_COMPRA_EMBRION','INSERTAR','SE COMPRÓ PARA RAZA ESPERADA: HOLTING-AZULBELGA'),(238,'2022-04-11 21:27:00','ADMINISTRADOR','ESTADOS GANADO','INSERTAR','SE INSERTÓ EL ESTADO: NUEVO PRUEBA'),(239,'2022-04-11 21:27:10','ADMINISTRADOR','ESTADOS','EDITAR','ID DEL REGISTRO EDITADO: 24 CAMBIO EN EL CAMPO DESCRIPCION    --VALOR ANTERIOR: ACTIVO    --NUEVO VALOR: INACTIVO'),(240,'2022-04-11 21:27:10','ADMINISTRADOR','ESTADOS','EDITAR','ID DEL REGISTRO EDITADO: 24  --VALOR ANTERIOR:     --NUEVO VALOR: 2'),(241,'2022-04-13 09:04:14','ADMINISTRADOR','PARAMETROS','INSERTAR','SE INSERTÓ EL PARAMÉTRO: Correo del Rancho'),(242,'2022-04-13 09:13:28','ADMINISTRADOR','USUARIOS','EDITAR','ID DEL REGISTRO EDITADO: 17 CAMBIO EN EL CAMPO CORREO    --VALOR ANTERIOR: jeniclaros028@gmail.com    --NUEVO VALOR: jeniclas028@gmail.com'),(243,'2022-04-13 09:15:34','ADMINISTRADOR','USUARIOS','EDITAR','ID DEL REGISTRO EDITADO: 18 CAMBIO EN EL CAMPO CORREO    --VALOR ANTERIOR: jeniclaros028@gmail.com    --NUEVO VALOR: jeni028@gmail.com'),(244,'2022-04-13 09:15:34','ADMINISTRADOR','USUARIOS','EDITAR','ID DEL REGISTRO EDITADO: 18 CAMBIO EN EL CAMPO NOMBRE DE USUARIO   --VALOR ANTERIOR: ADMINISTRADOR2    --NUEVO VALOR: INVITADO5'),(245,'2022-04-13 09:15:34','ADMINISTRADOR','USUARIOS','EDITAR','ID DEL REGISTRO EDITADO: 18 CAMBIO EN EL CAMPO ROL   --ID DEL VALOR ANTERIOR: 1    --NUEVO VALOR: 2'),(246,'2022-04-13 09:16:29','ADMINISTRADOR','USUARIOS','INSERTAR','SE INSERTÓ EL USUARIO:JOSEPERALTA'),(247,'2022-04-13 09:16:45','ADMINISTRADOR','USUARIOS','EDITAR','ID DEL REGISTRO EDITADO: 19 CAMBIO EN EL CAMPO NOMBRE    --VALOR ANTERIOR: josé Peralta    --NUEVO VALOR: José Peralta'),(248,'2022-04-14 10:58:42','ADMINISTRADOR','TBL_MC_COMPRA_EMBRION','INSERTAR','SE COMPRÓ PARA RAZA ESPERADA: HOLTING-AZULBELGA'),(249,'2022-04-14 11:01:08','ADMINISTRADOR','TBL_MC_COMPRA_EMBRION','INSERTAR','SE COMPRÓ PARA RAZA ESPERADA: HIBRIDA-GHR'),(250,'2022-04-14 12:27:42','ADMINISTRADOR','USUARIOS','EDITAR','ID DEL REGISTRO EDITADO: 16 CAMBIO EN EL CAMPO ESTADO    --VALOR ANTERIOR: 0    --NUEVO VALOR: 1'),(251,'2022-04-16 09:24:57','ADMINISTRADOR','USUARIOS','EDITAR','ID DEL REGISTRO EDITADO: 19 CAMBIO EN EL CAMPO CORREO    --VALOR ANTERIOR: jeniclaros028@gmail.com    --NUEVO VALOR: jeniclaros28@gmail.com'),(252,'2022-04-16 14:51:08','ADMINISTRADOR','PARAMETROS','EDITAR','ID DEL REGISTRO EDITADO: 1 CAMBIO EN EL CAMPO DESCRIPCION    --VALOR ANTERIOR: 2    --NUEVO VALOR: 3'),(253,'2022-04-16 14:54:20','ADMINISTRADOR','PARAMETROS','EDITAR','ID DEL REGISTRO EDITADO: 4 CAMBIO EN EL CAMPO DESCRIPCION    --VALOR ANTERIOR: 2    --NUEVO VALOR: 3'),(254,'2022-04-16 15:53:33','ADMINISTRADOR','ROLES','EDITAR','ID DEL REGISTRO EDITADO: 5 CAMBIO EN EL CAMPO STATUS    --VALOR ANTERIOR: INACTIVO    --NUEVO VALOR: ACTIVO'),(255,'2022-04-16 15:54:51','ADMINISTRADOR','ROLES','EDITAR','ID DEL REGISTRO EDITADO: 5 CAMBIO EN EL CAMPO NOMBRE    --VALOR ANTERIOR: PROFESOR    --NUEVO VALOR: PROFESORES'),(256,'2022-04-17 10:27:52','ADMINISTRADOR','ESTADOS','EDITAR','ID DEL REGISTRO EDITADO: 15 CAMBIO EN EL CAMPO DESCRIPCION    --VALOR ANTERIOR: INACTIVO    --NUEVO VALOR: ACTIVO'),(257,'2022-04-17 10:28:02','ADMINISTRADOR','ESTADOS','EDITAR','ID DEL REGISTRO EDITADO: 15 CAMBIO EN EL CAMPO DESCRIPCION    --VALOR ANTERIOR: ACTIVO    --NUEVO VALOR: INACTIVO'),(258,'2022-04-17 10:38:22','ADMINISTRADOR','USUARIOS','EDITAR','ID DEL REGISTRO EDITADO: 16 CAMBIO EN EL CAMPO ESTADO    --VALOR ANTERIOR: 1    --NUEVO VALOR: 0'),(259,'2022-04-17 10:40:30','ADMINISTRADOR','USUARIOS','EDITAR','ID DEL REGISTRO EDITADO: 16 CAMBIO EN EL CAMPO ESTADO    --VALOR ANTERIOR: 0    --NUEVO VALOR: 2'),(260,'2022-04-17 10:41:12','ADMINISTRADOR','USUARIOS','EDITAR','ID DEL REGISTRO EDITADO: 16 CAMBIO EN EL CAMPO ESTADO    --VALOR ANTERIOR: 2    --NUEVO VALOR: 1'),(261,'2022-04-17 10:45:25','ADMINISTRADOR','USUARIOS','EDITAR','ID DEL REGISTRO EDITADO: 18 CAMBIO EN EL CAMPO FECHA DE VENCIMIENTO    --VALOR ANTERIOR: 2022-04-28    --NUEVO VALOR: 2022-04-17'),(262,'2022-04-17 10:51:14','ADMINISTRADOR','USUARIOS','EDITAR','ID DEL REGISTRO EDITADO: 15 CAMBIO EN EL CAMPO FECHA DE VENCIMIENTO    --VALOR ANTERIOR: 2022-04-28    --NUEVO VALOR: 2022-04-12'),(263,'2022-04-17 10:51:28','ADMINISTRADOR','USUARIOS','EDITAR','ID DEL REGISTRO EDITADO: 15 CAMBIO EN EL CAMPO FECHA DE VENCIMIENTO    --VALOR ANTERIOR: 2022-04-12    --NUEVO VALOR: 2022-04-29'),(264,'2022-04-17 10:53:15','ADMINISTRADOR','USUARIOS','EDITAR','ID DEL REGISTRO EDITADO: 14 CAMBIO EN EL CAMPO ESTADO    --VALOR ANTERIOR: 1    --NUEVO VALOR: 0'),(265,'2022-04-18 19:18:55','ADMINISTRADOR','USUARIOS','INSERTAR','SE INSERTÓ EL USUARIO:GICELA23');
/*!40000 ALTER TABLE `bitacoras` ENABLE KEYS */;
UNLOCK TABLES;

--
-- Temporary table structure for view `clientes`
--

DROP TABLE IF EXISTS `clientes`;
/*!50001 DROP VIEW IF EXISTS `clientes`*/;
SET @saved_cs_client     = @@character_set_client;
SET character_set_client = utf8;
/*!50001 CREATE TABLE `clientes` (
  `COD_CLIENTE` tinyint NOT NULL,
  `PERSONA` tinyint NOT NULL
) ENGINE=MyISAM */;
SET character_set_client = @saved_cs_client;

--
-- Temporary table structure for view `clientes_registrados`
--

DROP TABLE IF EXISTS `clientes_registrados`;
/*!50001 DROP VIEW IF EXISTS `clientes_registrados`*/;
SET @saved_cs_client     = @@character_set_client;
SET character_set_client = utf8;
/*!50001 CREATE TABLE `clientes_registrados` (
  `COD_CLIENTE` tinyint NOT NULL,
  `PRI_NOMBRE` tinyint NOT NULL,
  `PRI_APELLIDO` tinyint NOT NULL,
  `ID_CLIENTE` tinyint NOT NULL,
  `SEX_CLIENTE` tinyint NOT NULL,
  `FEC_NACIMIENTO` tinyint NOT NULL,
  `NUM_TELEFONO` tinyint NOT NULL,
  `DET_DIRECCION` tinyint NOT NULL,
  `IND_COMERCIAL` tinyint NOT NULL,
  `NUM_AREA` tinyint NOT NULL,
  `NUM_CELULAR` tinyint NOT NULL
) ENGINE=MyISAM */;
SET character_set_client = @saved_cs_client;

--
-- Temporary table structure for view `compra_embrion_actual`
--

DROP TABLE IF EXISTS `compra_embrion_actual`;
/*!50001 DROP VIEW IF EXISTS `compra_embrion_actual`*/;
SET @saved_cs_client     = @@character_set_client;
SET character_set_client = utf8;
/*!50001 CREATE TABLE `compra_embrion_actual` (
  `COD_DETALLE_COMPRA` tinyint NOT NULL,
  `COD_COMPRA_EMBRION` tinyint NOT NULL,
  `RAZ_ESPERADA` tinyint NOT NULL,
  `NOM_VACA_DONADORA` tinyint NOT NULL,
  `RAZ_VACA_DONADORA` tinyint NOT NULL,
  `RAZ_TORO_DONADOR` tinyint NOT NULL,
  `NOM_TORO_DONADOR` tinyint NOT NULL,
  `PRE_EMBRION` tinyint NOT NULL,
  `OBS_COMPRA_EMBRION` tinyint NOT NULL,
  `IND_EMBRION` tinyint NOT NULL,
  `FEC_REGISTRO` tinyint NOT NULL,
  `STATUS` tinyint NOT NULL
) ENGINE=MyISAM */;
SET character_set_client = @saved_cs_client;

--
-- Temporary table structure for view `compra_esperma_actual`
--

DROP TABLE IF EXISTS `compra_esperma_actual`;
/*!50001 DROP VIEW IF EXISTS `compra_esperma_actual`*/;
SET @saved_cs_client     = @@character_set_client;
SET character_set_client = utf8;
/*!50001 CREATE TABLE `compra_esperma_actual` (
  `COD_DETALLE_COMPRA` tinyint NOT NULL,
  `COD_COMPRA_ESPERMA` tinyint NOT NULL,
  `NUM_PAJILLA` tinyint NOT NULL,
  `PRE_ESPERMA` tinyint NOT NULL,
  `OBS_COMPRA_ESPERMA` tinyint NOT NULL,
  `RAZ_TORO_DONADOR` tinyint NOT NULL,
  `NOM_TORO_DONADOR` tinyint NOT NULL,
  `IND_ESPERMA` tinyint NOT NULL,
  `FEC_REGISTRO` tinyint NOT NULL,
  `STATUS` tinyint NOT NULL
) ENGINE=MyISAM */;
SET character_set_client = @saved_cs_client;

--
-- Temporary table structure for view `compra_ganado`
--

DROP TABLE IF EXISTS `compra_ganado`;
/*!50001 DROP VIEW IF EXISTS `compra_ganado`*/;
SET @saved_cs_client     = @@character_set_client;
SET character_set_client = utf8;
/*!50001 CREATE TABLE `compra_ganado` (
  `COD_COMPRA_GANADO` tinyint NOT NULL,
  `PRECIO` tinyint NOT NULL,
  `ESTADO` tinyint NOT NULL,
  `NOM_GANADO` tinyint NOT NULL,
  `DIR_LUGAR` tinyint NOT NULL,
  `PERSONA` tinyint NOT NULL,
  `FEC_COMPRA` tinyint NOT NULL,
  `RAZA` tinyint NOT NULL
) ENGINE=MyISAM */;
SET character_set_client = @saved_cs_client;

--
-- Temporary table structure for view `compra_ganado_actual`
--

DROP TABLE IF EXISTS `compra_ganado_actual`;
/*!50001 DROP VIEW IF EXISTS `compra_ganado_actual`*/;
SET @saved_cs_client     = @@character_set_client;
SET character_set_client = utf8;
/*!50001 CREATE TABLE `compra_ganado_actual` (
  `COD_DETALLE_COMPRA` tinyint NOT NULL,
  `COD_COMPRA_GANADO` tinyint NOT NULL,
  `NOM_GANADO` tinyint NOT NULL,
  `CLR_GANADO` tinyint NOT NULL,
  `NOM_RAZA` tinyint NOT NULL,
  `SEX_GANADO` tinyint NOT NULL,
  `PES_ACTUAL` tinyint NOT NULL,
  `DET_ESTADO` tinyint NOT NULL,
  `FIE_GANADO` tinyint NOT NULL,
  `DIR_LUGAR` tinyint NOT NULL,
  `PRE_GANADO` tinyint NOT NULL,
  `STATUS` tinyint NOT NULL
) ENGINE=MyISAM */;
SET character_set_client = @saved_cs_client;

--
-- Temporary table structure for view `compras_embriones`
--

DROP TABLE IF EXISTS `compras_embriones`;
/*!50001 DROP VIEW IF EXISTS `compras_embriones`*/;
SET @saved_cs_client     = @@character_set_client;
SET character_set_client = utf8;
/*!50001 CREATE TABLE `compras_embriones` (
  `COD_COMPRA_EMBRION` tinyint NOT NULL,
  `PROVEEDOR` tinyint NOT NULL,
  `FEC_COMPRA` tinyint NOT NULL,
  `RAZ_ESPERADA` tinyint NOT NULL,
  `RAZ_VACA_DONADORA` tinyint NOT NULL,
  `RAZ_TORO_DONADOR` tinyint NOT NULL,
  `PRE_EMBRION` tinyint NOT NULL,
  `OBS_COMPRA_EMBRION` tinyint NOT NULL,
  `IND_EMBRION` tinyint NOT NULL
) ENGINE=MyISAM */;
SET character_set_client = @saved_cs_client;

--
-- Temporary table structure for view `compras_esperma`
--

DROP TABLE IF EXISTS `compras_esperma`;
/*!50001 DROP VIEW IF EXISTS `compras_esperma`*/;
SET @saved_cs_client     = @@character_set_client;
SET character_set_client = utf8;
/*!50001 CREATE TABLE `compras_esperma` (
  `COD_COMPRA_ESPERMA` tinyint NOT NULL,
  `PROVEEDOR` tinyint NOT NULL,
  `FEC_COMPRA` tinyint NOT NULL,
  `NUM_PAJILLA` tinyint NOT NULL,
  `PRE_ESPERMA` tinyint NOT NULL,
  `OBS_COMPRA_ESPERMA` tinyint NOT NULL,
  `RAZ_TORO_DONADOR` tinyint NOT NULL,
  `NOM_TORO_DONADOR` tinyint NOT NULL,
  `IND_ESPERMA` tinyint NOT NULL
) ENGINE=MyISAM */;
SET character_set_client = @saved_cs_client;

--
-- Temporary table structure for view `detalle_de_ventas`
--

DROP TABLE IF EXISTS `detalle_de_ventas`;
/*!50001 DROP VIEW IF EXISTS `detalle_de_ventas`*/;
SET @saved_cs_client     = @@character_set_client;
SET character_set_client = utf8;
/*!50001 CREATE TABLE `detalle_de_ventas` (
  `COD_DETALLE` tinyint NOT NULL,
  `COD_VENTA` tinyint NOT NULL,
  `NOM_GANADO` tinyint NOT NULL,
  `RAZA` tinyint NOT NULL,
  `PESO` tinyint NOT NULL,
  `PRE_VENTA` tinyint NOT NULL,
  `FEC_REGISTRO` tinyint NOT NULL,
  `CLIENTE` tinyint NOT NULL
) ENGINE=MyISAM */;
SET character_set_client = @saved_cs_client;

--
-- Temporary table structure for view `detalle_lote_medicamento`
--

DROP TABLE IF EXISTS `detalle_lote_medicamento`;
/*!50001 DROP VIEW IF EXISTS `detalle_lote_medicamento`*/;
SET @saved_cs_client     = @@character_set_client;
SET character_set_client = utf8;
/*!50001 CREATE TABLE `detalle_lote_medicamento` (
  `COD_COMPRA_MEDICAMENTO` tinyint NOT NULL,
  `COD_DETALLE_LOTE` tinyint NOT NULL,
  `CANTIDAD` tinyint NOT NULL,
  `UNI_DISPONIBLES` tinyint NOT NULL,
  `MEDICAMENTO` tinyint NOT NULL
) ENGINE=MyISAM */;
SET character_set_client = @saved_cs_client;

--
-- Temporary table structure for view `detalles_embrion`
--

DROP TABLE IF EXISTS `detalles_embrion`;
/*!50001 DROP VIEW IF EXISTS `detalles_embrion`*/;
SET @saved_cs_client     = @@character_set_client;
SET character_set_client = utf8;
/*!50001 CREATE TABLE `detalles_embrion` (
  `COD_COMPRA_EMBRION` tinyint NOT NULL,
  `COD_EMBRION` tinyint NOT NULL,
  `DONADORES` tinyint NOT NULL
) ENGINE=MyISAM */;
SET character_set_client = @saved_cs_client;

--
-- Temporary table structure for view `detalles_lotes`
--

DROP TABLE IF EXISTS `detalles_lotes`;
/*!50001 DROP VIEW IF EXISTS `detalles_lotes`*/;
SET @saved_cs_client     = @@character_set_client;
SET character_set_client = utf8;
/*!50001 CREATE TABLE `detalles_lotes` (
  `COD_COMPRA_GANADO` tinyint NOT NULL,
  `FEC_COMPRA` tinyint NOT NULL,
  `PERSONA` tinyint NOT NULL,
  `CAN_TOTAL` tinyint NOT NULL,
  `TOTAL_PRECIO` tinyint NOT NULL,
  `STATUS` tinyint NOT NULL
) ENGINE=MyISAM */;
SET character_set_client = @saved_cs_client;

--
-- Temporary table structure for view `detalles_lotes_embrion`
--

DROP TABLE IF EXISTS `detalles_lotes_embrion`;
/*!50001 DROP VIEW IF EXISTS `detalles_lotes_embrion`*/;
SET @saved_cs_client     = @@character_set_client;
SET character_set_client = utf8;
/*!50001 CREATE TABLE `detalles_lotes_embrion` (
  `COD_COMPRA_EMBRION` tinyint NOT NULL,
  `FEC_COMPRA` tinyint NOT NULL,
  `PERSONA` tinyint NOT NULL,
  `CAN_TOTAL` tinyint NOT NULL,
  `TOTAL_PRECIO` tinyint NOT NULL,
  `STATUS` tinyint NOT NULL
) ENGINE=MyISAM */;
SET character_set_client = @saved_cs_client;

--
-- Temporary table structure for view `detalles_lotes_esperma`
--

DROP TABLE IF EXISTS `detalles_lotes_esperma`;
/*!50001 DROP VIEW IF EXISTS `detalles_lotes_esperma`*/;
SET @saved_cs_client     = @@character_set_client;
SET character_set_client = utf8;
/*!50001 CREATE TABLE `detalles_lotes_esperma` (
  `COD_COMPRA_ESPERMA` tinyint NOT NULL,
  `FEC_COMPRA` tinyint NOT NULL,
  `PERSONA` tinyint NOT NULL,
  `CAN_TOTAL` tinyint NOT NULL,
  `TOTAL_PRECIO` tinyint NOT NULL,
  `STATUS` tinyint NOT NULL
) ENGINE=MyISAM */;
SET character_set_client = @saved_cs_client;

--
-- Temporary table structure for view `detalles_lotes_ventas`
--

DROP TABLE IF EXISTS `detalles_lotes_ventas`;
/*!50001 DROP VIEW IF EXISTS `detalles_lotes_ventas`*/;
SET @saved_cs_client     = @@character_set_client;
SET character_set_client = utf8;
/*!50001 CREATE TABLE `detalles_lotes_ventas` (
  `COD_VENTA` tinyint NOT NULL,
  `FEC_VENTA` tinyint NOT NULL,
  `STATUS_LOTE` tinyint NOT NULL,
  `CLIENTE` tinyint NOT NULL,
  `CAN_TOTAL` tinyint NOT NULL,
  `TOTAL_PRECIO` tinyint NOT NULL
) ENGINE=MyISAM */;
SET character_set_client = @saved_cs_client;

--
-- Temporary table structure for view `embrion`
--

DROP TABLE IF EXISTS `embrion`;
/*!50001 DROP VIEW IF EXISTS `embrion`*/;
SET @saved_cs_client     = @@character_set_client;
SET character_set_client = utf8;
/*!50001 CREATE TABLE `embrion` (
  `COD_EMBRION` tinyint NOT NULL,
  `RAZ_VACA_DONADORA` tinyint NOT NULL,
  `RAZ_TORO_DONADOR` tinyint NOT NULL
) ENGINE=MyISAM */;
SET character_set_client = @saved_cs_client;

--
-- Temporary table structure for view `esperma`
--

DROP TABLE IF EXISTS `esperma`;
/*!50001 DROP VIEW IF EXISTS `esperma`*/;
SET @saved_cs_client     = @@character_set_client;
SET character_set_client = utf8;
/*!50001 CREATE TABLE `esperma` (
  `COD_ESPERMA` tinyint NOT NULL,
  `NUM_PAJILLA` tinyint NOT NULL,
  `FEC_REGISTRO` tinyint NOT NULL
) ENGINE=MyISAM */;
SET character_set_client = @saved_cs_client;

--
-- Temporary table structure for view `estados`
--

DROP TABLE IF EXISTS `estados`;
/*!50001 DROP VIEW IF EXISTS `estados`*/;
SET @saved_cs_client     = @@character_set_client;
SET character_set_client = utf8;
/*!50001 CREATE TABLE `estados` (
  `COD_ESTADO` tinyint NOT NULL,
  `DET_ESTADO` tinyint NOT NULL,
  `DESCRIPCION_ESTADO` tinyint NOT NULL
) ENGINE=MyISAM */;
SET character_set_client = @saved_cs_client;

--
-- Temporary table structure for view `estados_ganado`
--

DROP TABLE IF EXISTS `estados_ganado`;
/*!50001 DROP VIEW IF EXISTS `estados_ganado`*/;
SET @saved_cs_client     = @@character_set_client;
SET character_set_client = utf8;
/*!50001 CREATE TABLE `estados_ganado` (
  `COD_ESTADO` tinyint NOT NULL,
  `DET_ESTADO` tinyint NOT NULL,
  `DESCRIPCION_ESTADO` tinyint NOT NULL,
  `STATUS` tinyint NOT NULL,
  `created_at` tinyint NOT NULL,
  `updated_at` tinyint NOT NULL,
  `Creado_Por` tinyint NOT NULL,
  `Actualizado_Por` tinyint NOT NULL
) ENGINE=MyISAM */;
SET character_set_client = @saved_cs_client;

--
-- Temporary table structure for view `estados_terneros`
--

DROP TABLE IF EXISTS `estados_terneros`;
/*!50001 DROP VIEW IF EXISTS `estados_terneros`*/;
SET @saved_cs_client     = @@character_set_client;
SET character_set_client = utf8;
/*!50001 CREATE TABLE `estados_terneros` (
  `COD_ESTADO` tinyint NOT NULL,
  `DET_ESTADO` tinyint NOT NULL
) ENGINE=MyISAM */;
SET character_set_client = @saved_cs_client;

--
-- Temporary table structure for view `factura_cliente`
--

DROP TABLE IF EXISTS `factura_cliente`;
/*!50001 DROP VIEW IF EXISTS `factura_cliente`*/;
SET @saved_cs_client     = @@character_set_client;
SET character_set_client = utf8;
/*!50001 CREATE TABLE `factura_cliente` (
  `COD_VENTA` tinyint NOT NULL,
  `TOTAL` tinyint NOT NULL,
  `CLIENTE` tinyint NOT NULL,
  `DIRECCION` tinyint NOT NULL,
  `CELULAR` tinyint NOT NULL,
  `FECHA_VENTA` tinyint NOT NULL
) ENGINE=MyISAM */;
SET character_set_client = @saved_cs_client;

--
-- Temporary table structure for view `factura_venta`
--

DROP TABLE IF EXISTS `factura_venta`;
/*!50001 DROP VIEW IF EXISTS `factura_venta`*/;
SET @saved_cs_client     = @@character_set_client;
SET character_set_client = utf8;
/*!50001 CREATE TABLE `factura_venta` (
  `COD_DETALLE_VENTA` tinyint NOT NULL,
  `COD_VENTA` tinyint NOT NULL,
  `TOTAL` tinyint NOT NULL,
  `COD_REGISTRO_GANADO` tinyint NOT NULL,
  `NOMBRE` tinyint NOT NULL,
  `ARETE` tinyint NOT NULL,
  `COLOR` tinyint NOT NULL,
  `PESO` tinyint NOT NULL,
  `ESTADO` tinyint NOT NULL,
  `LUGAR` tinyint NOT NULL,
  `RAZA` tinyint NOT NULL,
  `CLIENTE` tinyint NOT NULL,
  `DIRECCION` tinyint NOT NULL,
  `CELULAR` tinyint NOT NULL,
  `PRECIO` tinyint NOT NULL,
  `FECHA_VENTA` tinyint NOT NULL
) ENGINE=MyISAM */;
SET character_set_client = @saved_cs_client;

--
-- Table structure for table `failed_jobs`
--

DROP TABLE IF EXISTS `failed_jobs`;
/*!40101 SET @saved_cs_client     = @@character_set_client */;
/*!40101 SET character_set_client = utf8 */;
CREATE TABLE `failed_jobs` (
  `id` bigint(20) unsigned NOT NULL AUTO_INCREMENT,
  `uuid` varchar(255) COLLATE utf8_spanish_ci NOT NULL,
  `connection` text COLLATE utf8_spanish_ci NOT NULL,
  `queue` text COLLATE utf8_spanish_ci NOT NULL,
  `payload` longtext COLLATE utf8_spanish_ci NOT NULL,
  `exception` longtext COLLATE utf8_spanish_ci NOT NULL,
  `failed_at` timestamp NOT NULL DEFAULT current_timestamp(),
  PRIMARY KEY (`id`),
  UNIQUE KEY `failed_jobs_uuid_unique` (`uuid`)
) ENGINE=InnoDB DEFAULT CHARSET=utf8 COLLATE=utf8_spanish_ci;
/*!40101 SET character_set_client = @saved_cs_client */;

--
-- Dumping data for table `failed_jobs`
--

LOCK TABLES `failed_jobs` WRITE;
/*!40000 ALTER TABLE `failed_jobs` DISABLE KEYS */;
/*!40000 ALTER TABLE `failed_jobs` ENABLE KEYS */;
UNLOCK TABLES;

--
-- Temporary table structure for view `ganado`
--

DROP TABLE IF EXISTS `ganado`;
/*!50001 DROP VIEW IF EXISTS `ganado`*/;
SET @saved_cs_client     = @@character_set_client;
SET character_set_client = utf8;
/*!50001 CREATE TABLE `ganado` (
  `COD_REGISTRO_GANADO` tinyint NOT NULL,
  `NOM_GANADO` tinyint NOT NULL
) ENGINE=MyISAM */;
SET character_set_client = @saved_cs_client;

--
-- Temporary table structure for view `ganado_general`
--

DROP TABLE IF EXISTS `ganado_general`;
/*!50001 DROP VIEW IF EXISTS `ganado_general`*/;
SET @saved_cs_client     = @@character_set_client;
SET character_set_client = utf8;
/*!50001 CREATE TABLE `ganado_general` (
  `COD_REGISTRO_GANADO` tinyint NOT NULL,
  `NUM_ARETE` tinyint NOT NULL,
  `NOM_GANADO` tinyint NOT NULL,
  `CLR_GANADO` tinyint NOT NULL,
  `DET_ESTADO` tinyint NOT NULL,
  `DIR_LUGAR` tinyint NOT NULL,
  `PES_ACTUAL` tinyint NOT NULL,
  `SEX_GANADO` tinyint NOT NULL,
  `FIE_GANADO` tinyint NOT NULL,
  `RAZ_GANADO` tinyint NOT NULL,
  `COD_ESTADO` tinyint NOT NULL,
  `COD_LUGAR` tinyint NOT NULL,
  `FEC_NACIMIENTO` tinyint NOT NULL,
  `COD_RAZA` tinyint NOT NULL,
  `ANIOS` tinyint NOT NULL,
  `MESES` tinyint NOT NULL,
  `DIAS` tinyint NOT NULL
) ENGINE=MyISAM */;
SET character_set_client = @saved_cs_client;

--
-- Temporary table structure for view `ganado_general_ventas`
--

DROP TABLE IF EXISTS `ganado_general_ventas`;
/*!50001 DROP VIEW IF EXISTS `ganado_general_ventas`*/;
SET @saved_cs_client     = @@character_set_client;
SET character_set_client = utf8;
/*!50001 CREATE TABLE `ganado_general_ventas` (
  `COD_REGISTRO_GANADO` tinyint NOT NULL,
  `NUM_ARETE` tinyint NOT NULL,
  `NOM_GANADO` tinyint NOT NULL,
  `CLR_GANADO` tinyint NOT NULL,
  `DET_ESTADO` tinyint NOT NULL,
  `DIR_LUGAR` tinyint NOT NULL,
  `PES_ACTUAL` tinyint NOT NULL,
  `SEX_GANADO` tinyint NOT NULL,
  `FIE_GANADO` tinyint NOT NULL,
  `RAZ_GANADO` tinyint NOT NULL,
  `COD_ESTADO` tinyint NOT NULL,
  `COD_LUGAR` tinyint NOT NULL,
  `COD_RAZA` tinyint NOT NULL
) ENGINE=MyISAM */;
SET character_set_client = @saved_cs_client;

--
-- Temporary table structure for view `ganado_sexo`
--

DROP TABLE IF EXISTS `ganado_sexo`;
/*!50001 DROP VIEW IF EXISTS `ganado_sexo`*/;
SET @saved_cs_client     = @@character_set_client;
SET character_set_client = utf8;
/*!50001 CREATE TABLE `ganado_sexo` (
  `TOTAL` tinyint NOT NULL,
  `SEX_GANADO` tinyint NOT NULL
) ENGINE=MyISAM */;
SET character_set_client = @saved_cs_client;

--
-- Temporary table structure for view `ganado_ventas`
--

DROP TABLE IF EXISTS `ganado_ventas`;
/*!50001 DROP VIEW IF EXISTS `ganado_ventas`*/;
SET @saved_cs_client     = @@character_set_client;
SET character_set_client = utf8;
/*!50001 CREATE TABLE `ganado_ventas` (
  `COD_REGISTRO_GANADO` tinyint NOT NULL,
  `NOM_GANADO` tinyint NOT NULL
) ENGINE=MyISAM */;
SET character_set_client = @saved_cs_client;

--
-- Table structure for table `historial_passwords`
--

DROP TABLE IF EXISTS `historial_passwords`;
/*!40101 SET @saved_cs_client     = @@character_set_client */;
/*!40101 SET character_set_client = utf8 */;
CREATE TABLE `historial_passwords` (
  `id` bigint(20) unsigned NOT NULL AUTO_INCREMENT,
  `Id_Usuario` bigint(20) unsigned NOT NULL,
  PRIMARY KEY (`id`),
  KEY `historial_passwords_id_usuario_foreign` (`Id_Usuario`),
  CONSTRAINT `historial_passwords_id_usuario_foreign` FOREIGN KEY (`Id_Usuario`) REFERENCES `users` (`id`) ON DELETE CASCADE ON UPDATE CASCADE
) ENGINE=InnoDB DEFAULT CHARSET=utf8 COLLATE=utf8_spanish_ci;
/*!40101 SET character_set_client = @saved_cs_client */;

--
-- Dumping data for table `historial_passwords`
--

LOCK TABLES `historial_passwords` WRITE;
/*!40000 ALTER TABLE `historial_passwords` DISABLE KEYS */;
/*!40000 ALTER TABLE `historial_passwords` ENABLE KEYS */;
UNLOCK TABLES;

--
-- Temporary table structure for view `lote_actual`
--

DROP TABLE IF EXISTS `lote_actual`;
/*!50001 DROP VIEW IF EXISTS `lote_actual`*/;
SET @saved_cs_client     = @@character_set_client;
SET character_set_client = utf8;
/*!50001 CREATE TABLE `lote_actual` (
  `COD_COMPRA_GANADO` tinyint NOT NULL,
  `NOMBRE` tinyint NOT NULL,
  `FECHA` tinyint NOT NULL,
  `CANTIDAD` tinyint NOT NULL,
  `TOTAL` tinyint NOT NULL
) ENGINE=MyISAM */;
SET character_set_client = @saved_cs_client;

--
-- Temporary table structure for view `lote_actual_esperma`
--

DROP TABLE IF EXISTS `lote_actual_esperma`;
/*!50001 DROP VIEW IF EXISTS `lote_actual_esperma`*/;
SET @saved_cs_client     = @@character_set_client;
SET character_set_client = utf8;
/*!50001 CREATE TABLE `lote_actual_esperma` (
  `COD_COMPRA_ESPERMA` tinyint NOT NULL,
  `NOMBRE` tinyint NOT NULL,
  `FECHA` tinyint NOT NULL,
  `CANTIDAD` tinyint NOT NULL,
  `TOTAL` tinyint NOT NULL
) ENGINE=MyISAM */;
SET character_set_client = @saved_cs_client;

--
-- Temporary table structure for view `lote_medicamento_actual`
--

DROP TABLE IF EXISTS `lote_medicamento_actual`;
/*!50001 DROP VIEW IF EXISTS `lote_medicamento_actual`*/;
SET @saved_cs_client     = @@character_set_client;
SET character_set_client = utf8;
/*!50001 CREATE TABLE `lote_medicamento_actual` (
  `COD_DETALLE_LOTE` tinyint NOT NULL,
  `COD_COMPRA_MEDICAMENTO` tinyint NOT NULL,
  `CANTIDAD` tinyint NOT NULL,
  `MEDICAMENTO` tinyint NOT NULL
) ENGINE=MyISAM */;
SET character_set_client = @saved_cs_client;

--
-- Temporary table structure for view `lotes_embriones`
--

DROP TABLE IF EXISTS `lotes_embriones`;
/*!50001 DROP VIEW IF EXISTS `lotes_embriones`*/;
SET @saved_cs_client     = @@character_set_client;
SET character_set_client = utf8;
/*!50001 CREATE TABLE `lotes_embriones` (
  `LOTE` tinyint NOT NULL,
  `FEC_COMPRA` tinyint NOT NULL,
  `PRECIO` tinyint NOT NULL,
  `PROVEEDOR` tinyint NOT NULL,
  `DONADOR` tinyint NOT NULL,
  `DONADORA` tinyint NOT NULL,
  `RAZA` tinyint NOT NULL
) ENGINE=MyISAM */;
SET character_set_client = @saved_cs_client;

--
-- Temporary table structure for view `lotes_esperma`
--

DROP TABLE IF EXISTS `lotes_esperma`;
/*!50001 DROP VIEW IF EXISTS `lotes_esperma`*/;
SET @saved_cs_client     = @@character_set_client;
SET character_set_client = utf8;
/*!50001 CREATE TABLE `lotes_esperma` (
  `LOTE` tinyint NOT NULL,
  `FEC_COMPRA` tinyint NOT NULL,
  `PRECIO` tinyint NOT NULL,
  `PROVEEDOR` tinyint NOT NULL,
  `PAJILLA` tinyint NOT NULL,
  `DONADOR` tinyint NOT NULL
) ENGINE=MyISAM */;
SET character_set_client = @saved_cs_client;

--
-- Temporary table structure for view `lotes_medicamentos`
--

DROP TABLE IF EXISTS `lotes_medicamentos`;
/*!50001 DROP VIEW IF EXISTS `lotes_medicamentos`*/;
SET @saved_cs_client     = @@character_set_client;
SET character_set_client = utf8;
/*!50001 CREATE TABLE `lotes_medicamentos` (
  `COD_COMPRA_MEDICAMENTO` tinyint NOT NULL,
  `FEC_LOTE` tinyint NOT NULL,
  `FEC_VENCIMIENTO` tinyint NOT NULL,
  `CANTIDAD` tinyint NOT NULL,
  `DIAS_VENCIMIENTO` tinyint NOT NULL
) ENGINE=MyISAM */;
SET character_set_client = @saved_cs_client;

--
-- Temporary table structure for view `lotes_ventas`
--

DROP TABLE IF EXISTS `lotes_ventas`;
/*!50001 DROP VIEW IF EXISTS `lotes_ventas`*/;
SET @saved_cs_client     = @@character_set_client;
SET character_set_client = utf8;
/*!50001 CREATE TABLE `lotes_ventas` (
  `LOTE` tinyint NOT NULL,
  `FEC_VENTA` tinyint NOT NULL,
  `PRECIO` tinyint NOT NULL,
  `CLIENTE` tinyint NOT NULL,
  `NOMBRE` tinyint NOT NULL,
  `PESO` tinyint NOT NULL,
  `COLOR` tinyint NOT NULL,
  `RAZA` tinyint NOT NULL
) ENGINE=MyISAM */;
SET character_set_client = @saved_cs_client;

--
-- Temporary table structure for view `lugares_ganado`
--

DROP TABLE IF EXISTS `lugares_ganado`;
/*!50001 DROP VIEW IF EXISTS `lugares_ganado`*/;
SET @saved_cs_client     = @@character_set_client;
SET character_set_client = utf8;
/*!50001 CREATE TABLE `lugares_ganado` (
  `COD_LUGAR` tinyint NOT NULL,
  `DIR_LUGAR` tinyint NOT NULL,
  `UBI_EXACTA` tinyint NOT NULL,
  `STATUS` tinyint NOT NULL,
  `created_at` tinyint NOT NULL,
  `updated_at` tinyint NOT NULL
) ENGINE=MyISAM */;
SET character_set_client = @saved_cs_client;

--
-- Temporary table structure for view `medicamento_orden`
--

DROP TABLE IF EXISTS `medicamento_orden`;
/*!50001 DROP VIEW IF EXISTS `medicamento_orden`*/;
SET @saved_cs_client     = @@character_set_client;
SET character_set_client = utf8;
/*!50001 CREATE TABLE `medicamento_orden` (
  `COD_MEDICAMENTO` tinyint NOT NULL,
  `NOM_MEDICAMENTO` tinyint NOT NULL,
  `CAN_DISPONIBLE` tinyint NOT NULL
) ENGINE=MyISAM */;
SET character_set_client = @saved_cs_client;

--
-- Table structure for table `migrations`
--

DROP TABLE IF EXISTS `migrations`;
/*!40101 SET @saved_cs_client     = @@character_set_client */;
/*!40101 SET character_set_client = utf8 */;
CREATE TABLE `migrations` (
  `id` int(10) unsigned NOT NULL AUTO_INCREMENT,
  `migration` varchar(255) COLLATE utf8_spanish_ci NOT NULL,
  `batch` int(11) NOT NULL,
  PRIMARY KEY (`id`)
) ENGINE=InnoDB DEFAULT CHARSET=utf8 COLLATE=utf8_spanish_ci;
/*!40101 SET character_set_client = @saved_cs_client */;

--
-- Dumping data for table `migrations`
--

LOCK TABLES `migrations` WRITE;
/*!40000 ALTER TABLE `migrations` DISABLE KEYS */;
/*!40000 ALTER TABLE `migrations` ENABLE KEYS */;
UNLOCK TABLES;

--
-- Table structure for table `model_has_permissions`
--

DROP TABLE IF EXISTS `model_has_permissions`;
/*!40101 SET @saved_cs_client     = @@character_set_client */;
/*!40101 SET character_set_client = utf8 */;
CREATE TABLE `model_has_permissions` (
  `permission_id` bigint(20) unsigned NOT NULL,
  `model_type` varchar(255) COLLATE utf8_spanish_ci NOT NULL,
  `model_id` bigint(20) unsigned NOT NULL,
  PRIMARY KEY (`permission_id`,`model_id`,`model_type`),
  KEY `model_has_permissions_model_id_model_type_index` (`model_id`,`model_type`),
  CONSTRAINT `model_has_permissions_permission_id_foreign` FOREIGN KEY (`permission_id`) REFERENCES `permissions` (`id`) ON DELETE CASCADE
) ENGINE=InnoDB DEFAULT CHARSET=utf8 COLLATE=utf8_spanish_ci;
/*!40101 SET character_set_client = @saved_cs_client */;

--
-- Dumping data for table `model_has_permissions`
--

LOCK TABLES `model_has_permissions` WRITE;
/*!40000 ALTER TABLE `model_has_permissions` DISABLE KEYS */;
/*!40000 ALTER TABLE `model_has_permissions` ENABLE KEYS */;
UNLOCK TABLES;

--
-- Table structure for table `model_has_roles`
--

DROP TABLE IF EXISTS `model_has_roles`;
/*!40101 SET @saved_cs_client     = @@character_set_client */;
/*!40101 SET character_set_client = utf8 */;
CREATE TABLE `model_has_roles` (
  `role_id` bigint(20) unsigned NOT NULL,
  `model_type` varchar(255) COLLATE utf8_spanish_ci NOT NULL,
  `model_id` bigint(20) unsigned NOT NULL,
  PRIMARY KEY (`role_id`,`model_id`,`model_type`),
  KEY `model_has_roles_model_id_model_type_index` (`model_id`,`model_type`),
  CONSTRAINT `model_has_roles_role_id_foreign` FOREIGN KEY (`role_id`) REFERENCES `roles` (`id`) ON DELETE CASCADE
) ENGINE=InnoDB DEFAULT CHARSET=utf8 COLLATE=utf8_spanish_ci;
/*!40101 SET character_set_client = @saved_cs_client */;

--
-- Dumping data for table `model_has_roles`
--

LOCK TABLES `model_has_roles` WRITE;
/*!40000 ALTER TABLE `model_has_roles` DISABLE KEYS */;
INSERT INTO `model_has_roles` VALUES (1,'App\\Models\\User',2),(1,'App\\Models\\User',12),(1,'App\\Models\\User',19),(2,'App\\Models\\User',3),(2,'App\\Models\\User',13),(2,'App\\Models\\User',16),(2,'App\\Models\\User',17),(2,'App\\Models\\User',18),(2,'App\\Models\\User',20),(3,'App\\Models\\User',5),(3,'App\\Models\\User',15),(4,'App\\Models\\User',14);
/*!40000 ALTER TABLE `model_has_roles` ENABLE KEYS */;
UNLOCK TABLES;

--
-- Temporary table structure for view `monta`
--

DROP TABLE IF EXISTS `monta`;
/*!50001 DROP VIEW IF EXISTS `monta`*/;
SET @saved_cs_client     = @@character_set_client;
SET character_set_client = utf8;
/*!50001 CREATE TABLE `monta` (
  `COD_MONTA` tinyint NOT NULL,
  `NOM_GANADO` tinyint NOT NULL,
  `RAZA` tinyint NOT NULL,
  `ARETE` tinyint NOT NULL,
  `COLOR` tinyint NOT NULL,
  `EDAD_GANADO` tinyint NOT NULL,
  `RAZ_TORO_MONTA` tinyint NOT NULL,
  `FEC_MONTA` tinyint NOT NULL,
  `IND_FECUNDACION` tinyint NOT NULL
) ENGINE=MyISAM */;
SET character_set_client = @saved_cs_client;

--
-- Temporary table structure for view `nacimientos_embrion`
--

DROP TABLE IF EXISTS `nacimientos_embrion`;
/*!50001 DROP VIEW IF EXISTS `nacimientos_embrion`*/;
SET @saved_cs_client     = @@character_set_client;
SET character_set_client = utf8;
/*!50001 CREATE TABLE `nacimientos_embrion` (
  `COD_NACIMIENTO_EMBRION` tinyint NOT NULL,
  `COD_REGISTRO_GANADO` tinyint NOT NULL,
  `TERNERO` tinyint NOT NULL,
  `ARETE_TERNERO` tinyint NOT NULL,
  `COLOR_TERNERO` tinyint NOT NULL,
  `NOM_GANADO` tinyint NOT NULL,
  `ARETE_VACA` tinyint NOT NULL,
  `COLOR_GANADO` tinyint NOT NULL,
  `EDAD_GANADO` tinyint NOT NULL,
  `FEC_NACIMIENTO` tinyint NOT NULL
) ENGINE=MyISAM */;
SET character_set_client = @saved_cs_client;

--
-- Temporary table structure for view `nacimientos_esperma`
--

DROP TABLE IF EXISTS `nacimientos_esperma`;
/*!50001 DROP VIEW IF EXISTS `nacimientos_esperma`*/;
SET @saved_cs_client     = @@character_set_client;
SET character_set_client = utf8;
/*!50001 CREATE TABLE `nacimientos_esperma` (
  `COD_NACIMIENTO_ESPERMA` tinyint NOT NULL,
  `COD_REGISTRO_GANADO` tinyint NOT NULL,
  `TERNERO` tinyint NOT NULL,
  `ARETE_TERNERO` tinyint NOT NULL,
  `COLOR_TERNERO` tinyint NOT NULL,
  `NOM_GANADO` tinyint NOT NULL,
  `ARETE_VACA` tinyint NOT NULL,
  `COLOR_GANADO` tinyint NOT NULL,
  `EDAD_GANADO` tinyint NOT NULL,
  `FEC_NACIMIENTO` tinyint NOT NULL
) ENGINE=MyISAM */;
SET character_set_client = @saved_cs_client;

--
-- Temporary table structure for view `nacimientos_monta`
--

DROP TABLE IF EXISTS `nacimientos_monta`;
/*!50001 DROP VIEW IF EXISTS `nacimientos_monta`*/;
SET @saved_cs_client     = @@character_set_client;
SET character_set_client = utf8;
/*!50001 CREATE TABLE `nacimientos_monta` (
  `COD_NACIMIENTO_MONTA` tinyint NOT NULL,
  `COD_REGISTRO_GANADO` tinyint NOT NULL,
  `TERNERO` tinyint NOT NULL,
  `ARETE_TERNERO` tinyint NOT NULL,
  `COLOR_TERNERO` tinyint NOT NULL,
  `NOM_GANADO` tinyint NOT NULL,
  `ARETE_VACA` tinyint NOT NULL,
  `COLOR_GANADO` tinyint NOT NULL,
  `EDAD_GANADO` tinyint NOT NULL,
  `FEC_NACIMIENTO` tinyint NOT NULL
) ENGINE=MyISAM */;
SET character_set_client = @saved_cs_client;

--
-- Table structure for table `objetos`
--

DROP TABLE IF EXISTS `objetos`;
/*!40101 SET @saved_cs_client     = @@character_set_client */;
/*!40101 SET character_set_client = utf8 */;
CREATE TABLE `objetos` (
  `id` bigint(20) unsigned NOT NULL AUTO_INCREMENT,
  `objeto` varchar(255) COLLATE utf8_spanish_ci NOT NULL,
  `Descripcion` varchar(255) COLLATE utf8_spanish_ci NOT NULL,
  `Actualizado_Por` bigint(20) unsigned DEFAULT NULL,
  `Creado_Por` bigint(20) unsigned NOT NULL,
  `created_at` timestamp NULL DEFAULT NULL,
  `updated_at` timestamp NULL DEFAULT NULL,
  `status` enum('ACTIVO','INACTIVO') COLLATE utf8_spanish_ci DEFAULT 'ACTIVO',
  PRIMARY KEY (`id`),
  KEY `objetos_actualizado_por_foreign` (`Actualizado_Por`),
  KEY `objetos_creado_por_foreign` (`Creado_Por`),
  CONSTRAINT `objetos_actualizado_por_foreign` FOREIGN KEY (`Actualizado_Por`) REFERENCES `users` (`id`) ON DELETE CASCADE ON UPDATE CASCADE,
  CONSTRAINT `objetos_creado_por_foreign` FOREIGN KEY (`Creado_Por`) REFERENCES `users` (`id`) ON DELETE CASCADE ON UPDATE CASCADE
) ENGINE=InnoDB AUTO_INCREMENT=64 DEFAULT CHARSET=utf8 COLLATE=utf8_spanish_ci;
/*!40101 SET character_set_client = @saved_cs_client */;

--
-- Dumping data for table `objetos`
--

LOCK TABLES `objetos` WRITE;
/*!40000 ALTER TABLE `objetos` DISABLE KEYS */;
INSERT INTO `objetos` VALUES (32,'ESTADOS GANADO','Administrar los Estados del ganado del rancho.',12,2,'2022-04-02 18:21:38','2022-04-08 17:16:04','ACTIVO'),(33,'LUGARES','Administrar los lugares del ganados',12,2,'2022-04-02 18:21:58','2022-04-08 15:32:14','ACTIVO'),(34,'RAZAS','Administrar las razas del ganado',NULL,2,'2022-04-02 18:22:11','2022-04-02 18:22:11','ACTIVO'),(35,'ROLES','Administrar los roles del Sistema',NULL,2,'2022-04-02 18:22:27','2022-04-02 18:22:27','ACTIVO'),(36,'USUARIOS','Administrar los Usuarios del Sistema',NULL,2,'2022-04-02 18:22:58','2022-04-02 18:22:58','ACTIVO'),(37,'PREGUNTAS','Administrar las Preguntas de Seguridad',NULL,2,'2022-04-02 18:23:11','2022-04-02 18:23:11','ACTIVO'),(38,'OBJETOS','Administrar los Objetos del Sistema',NULL,2,'2022-04-02 18:23:25','2022-04-02 18:23:25','ACTIVO'),(39,'PARAMETROS','Administrar los Parámetros del Sistema',NULL,2,'2022-04-02 18:23:36','2022-04-02 18:23:36','ACTIVO'),(40,'BITACORA','Consultar la Bitácora del Sistema',NULL,2,'2022-04-02 18:23:50','2022-04-02 18:23:50','ACTIVO'),(41,'BACKUP','Gestionar los backups de la Base de Datos',NULL,2,'2022-04-02 18:24:15','2022-04-02 18:24:15','ACTIVO'),(42,'CLIENTES','Administrar los clientes',NULL,2,'2022-04-02 18:24:34','2022-04-02 18:24:34','ACTIVO'),(43,'PROVEEDORES','Administrar los Proveedores',NULL,2,'2022-04-02 18:24:53','2022-04-02 18:24:53','ACTIVO'),(44,'LOTES GANADO','Administrar los Lotes de ganado',NULL,2,'2022-04-02 18:25:18','2022-04-02 18:25:18','ACTIVO'),(45,'LOTES ESPERMA','Administrar los Lotes de Compras de Esperma',NULL,2,'2022-04-02 18:25:45','2022-04-02 18:25:45','ACTIVO'),(46,'LOTES EMBRIONES','Administrar los Lotes de Compras de Embrion',NULL,2,'2022-04-02 18:26:06','2022-04-02 18:26:06','ACTIVO'),(47,'VENTAS','Administrar las Ventas de Ganado',NULL,2,'2022-04-02 18:26:24','2022-04-02 18:26:24','ACTIVO'),(48,'GANADO','Administrar el ganado Registrado',NULL,2,'2022-04-02 18:26:38','2022-04-02 18:26:38','ACTIVO'),(49,'GANADO MUERTO','Gestionar el ganado muerto',NULL,2,'2022-04-02 18:27:02','2022-04-02 18:27:02','ACTIVO'),(50,'TRANSFERENCIAS EMBRION','Administrar las transferecencias de Embriones',NULL,2,'2022-04-02 18:27:17','2022-04-02 18:27:17','ACTIVO'),(51,'TRANSFERENCIAS ESPERMA','Administrar las transferecencias de Esperma',NULL,2,'2022-04-02 18:27:29','2022-04-02 18:27:29','ACTIVO'),(52,'MONTAS','Administrar las transferecencias de Montas de toros',NULL,2,'2022-04-02 18:27:42','2022-04-02 18:27:42','ACTIVO'),(53,'PRENADAS EMBRION','Administrar las Vacas Preñadas por Embrión',NULL,2,'2022-04-02 18:27:59','2022-04-02 18:27:59','ACTIVO'),(54,'PRENADAS ESPERMA','Administrar las Vacas Preñadas por Esperma',NULL,2,'2022-04-02 18:28:12','2022-04-02 18:28:12','ACTIVO'),(55,'PRENADAS MONTA','Administrar las Vacas Preñadas por Monta',NULL,2,'2022-04-02 18:28:26','2022-04-02 18:28:26','ACTIVO'),(56,'NACIMIENTOS EMBRION','Nacimientos por Embrión',NULL,2,'2022-04-02 18:28:52','2022-04-02 18:28:52','ACTIVO'),(57,'NACIMIENTOS ESPERMA','Nacimientos por Esperma',NULL,2,'2022-04-02 18:29:03','2022-04-02 18:29:03','ACTIVO'),(58,'NACIMIENTOS MONTA','Nacimientos por Montas',NULL,2,'2022-04-02 18:29:39','2022-04-02 18:29:39','ACTIVO'),(59,'PRODUCCION LECHE','Administrar la Producción de Leche',NULL,2,'2022-04-02 18:29:56','2022-04-02 18:29:56','ACTIVO'),(60,'INVENTARIO MEDICAMENTOS','Administrar el Inventario de Medicamentos',NULL,2,'2022-04-02 18:30:09','2022-04-02 18:30:09','ACTIVO'),(61,'ORDEN TRABAJO','Administrar las ordenes de Trabajo',NULL,2,'2022-04-02 18:30:20','2022-04-02 18:30:20','ACTIVO'),(62,'REPORTES','Consultar Reportes',NULL,2,'2022-04-02 18:30:36','2022-04-02 18:30:36','ACTIVO'),(63,'RESTORE','Gestionar el restablecimiento de los datos almacenados.',NULL,2,'2022-04-04 18:41:13','2022-04-04 18:41:13','ACTIVO');
/*!40000 ALTER TABLE `objetos` ENABLE KEYS */;
UNLOCK TABLES;

--
-- Temporary table structure for view `orden_trabajo`
--

DROP TABLE IF EXISTS `orden_trabajo`;
/*!50001 DROP VIEW IF EXISTS `orden_trabajo`*/;
SET @saved_cs_client     = @@character_set_client;
SET character_set_client = utf8;
/*!50001 CREATE TABLE `orden_trabajo` (
  `COD_ORDENT` tinyint NOT NULL,
  `NOM_MEDICAMENTO` tinyint NOT NULL,
  `COD_MEDICAMENTO` tinyint NOT NULL,
  `CAN_MEDICAMENTO` tinyint NOT NULL,
  `FEC_REGISTRO` tinyint NOT NULL
) ENGINE=MyISAM */;
SET character_set_client = @saved_cs_client;

--
-- Table structure for table `parametros`
--

DROP TABLE IF EXISTS `parametros`;
/*!40101 SET @saved_cs_client     = @@character_set_client */;
/*!40101 SET character_set_client = utf8 */;
CREATE TABLE `parametros` (
  `id` bigint(20) unsigned NOT NULL AUTO_INCREMENT,
  `parametro` varchar(255) COLLATE utf8_spanish_ci NOT NULL,
  `valor` varchar(255) COLLATE utf8_spanish_ci NOT NULL,
  `Modificado_Por` bigint(20) unsigned DEFAULT NULL,
  `Creado_Por` bigint(20) unsigned NOT NULL,
  `created_at` timestamp NULL DEFAULT NULL,
  `updated_at` timestamp NULL DEFAULT NULL,
  PRIMARY KEY (`id`),
  KEY `parametros_modificado_por_foreign` (`Modificado_Por`),
  KEY `parametros_creado_por_foreign` (`Creado_Por`),
  CONSTRAINT `parametros_creado_por_foreign` FOREIGN KEY (`Creado_Por`) REFERENCES `users` (`id`) ON DELETE CASCADE ON UPDATE CASCADE,
  CONSTRAINT `parametros_modificado_por_foreign` FOREIGN KEY (`Modificado_Por`) REFERENCES `users` (`id`) ON DELETE CASCADE ON UPDATE CASCADE
) ENGINE=InnoDB AUTO_INCREMENT=7 DEFAULT CHARSET=utf8 COLLATE=utf8_spanish_ci;
/*!40101 SET character_set_client = @saved_cs_client */;

--
-- Dumping data for table `parametros`
--

LOCK TABLES `parametros` WRITE;
/*!40000 ALTER TABLE `parametros` DISABLE KEYS */;
INSERT INTO `parametros` VALUES (1,'CANTIDAD DE PREGUNTAS DE SEGURIDAD','3',NULL,2,'2022-04-02 17:03:37','2022-04-16 20:51:08'),(2,'Nombre de la empresa','RANCHO PERALTA',NULL,2,'2022-04-02 17:03:37','2022-04-02 17:03:37'),(3,'MAX_PREGUNTAS_CONTESTAR','2',NULL,2,'2022-04-04 18:56:41','2022-04-04 18:56:41'),(4,'MAX_RESPUESTAS_CORRECTAS','3',NULL,2,'2022-04-04 18:57:22','2022-04-16 20:54:20'),(5,'VENCIMIENTO_ENLACE','60',NULL,2,'2022-04-05 23:08:58','2022-04-05 23:08:58'),(6,'Correo del Rancho','ranchoperalta@gmail.com',NULL,2,'2022-04-13 15:04:12','2022-04-13 15:04:12');
/*!40000 ALTER TABLE `parametros` ENABLE KEYS */;
UNLOCK TABLES;

--
-- Table structure for table `password_resets`
--

DROP TABLE IF EXISTS `password_resets`;
/*!40101 SET @saved_cs_client     = @@character_set_client */;
/*!40101 SET character_set_client = utf8 */;
CREATE TABLE `password_resets` (
  `email` varchar(255) COLLATE utf8_spanish_ci NOT NULL,
  `token` varchar(255) COLLATE utf8_spanish_ci NOT NULL,
  `created_at` timestamp NULL DEFAULT NULL,
  KEY `password_resets_email_index` (`email`)
) ENGINE=InnoDB DEFAULT CHARSET=utf8 COLLATE=utf8_spanish_ci;
/*!40101 SET character_set_client = @saved_cs_client */;

--
-- Dumping data for table `password_resets`
--

LOCK TABLES `password_resets` WRITE;
/*!40000 ALTER TABLE `password_resets` DISABLE KEYS */;
INSERT INTO `password_resets` VALUES ('jeniclaros028@gmail.com','$2y$10$8LiUlHMIFM3NFTzSHisCyeA2cdhVzLYc9WHl9Xviolpko4JVtyeYC','2022-04-19 01:20:42');
/*!40000 ALTER TABLE `password_resets` ENABLE KEYS */;
UNLOCK TABLES;

--
-- Table structure for table `permissions`
--

DROP TABLE IF EXISTS `permissions`;
/*!40101 SET @saved_cs_client     = @@character_set_client */;
/*!40101 SET character_set_client = utf8 */;
CREATE TABLE `permissions` (
  `id` bigint(20) unsigned NOT NULL AUTO_INCREMENT,
  `name` varchar(255) COLLATE utf8_spanish_ci NOT NULL,
  `guard_name` varchar(255) COLLATE utf8_spanish_ci NOT NULL,
  `created_at` timestamp NULL DEFAULT NULL,
  `updated_at` timestamp NULL DEFAULT NULL,
  PRIMARY KEY (`id`),
  UNIQUE KEY `permissions_name_guard_name_unique` (`name`,`guard_name`)
) ENGINE=InnoDB AUTO_INCREMENT=120 DEFAULT CHARSET=utf8 COLLATE=utf8_spanish_ci;
/*!40101 SET character_set_client = @saved_cs_client */;

--
-- Dumping data for table `permissions`
--

LOCK TABLES `permissions` WRITE;
/*!40000 ALTER TABLE `permissions` DISABLE KEYS */;
INSERT INTO `permissions` VALUES (1,'VER_ESTADOS GANADO','web','2022-04-01 21:27:09','2022-04-01 21:27:09'),(2,'VER_LUGARES','web','2022-04-01 21:27:09','2022-04-01 21:27:09'),(3,'VER_RAZAS','web','2022-04-01 21:27:09','2022-04-01 21:27:09'),(4,'VER_ROLES','web','2022-04-01 21:27:09','2022-04-01 21:27:09'),(5,'VER_USUARIOS','web','2022-04-01 21:27:10','2022-04-01 21:27:10'),(6,'VER_PREGUNTAS','web','2022-04-01 21:27:10','2022-04-01 21:27:10'),(7,'VER_OBJETOS','web','2022-04-01 21:27:10','2022-04-01 21:27:10'),(8,'VER_PARAMETROS','web','2022-04-01 21:27:10','2022-04-01 21:27:10'),(9,'VER_BITACORA','web','2022-04-01 21:27:10','2022-04-01 21:27:10'),(10,'VER_BACKUP','web','2022-04-01 21:27:10','2022-04-01 21:27:10'),(11,'VER_CLIENTES','web','2022-04-01 21:27:10','2022-04-01 21:27:10'),(12,'VER_PROVEEDORES','web','2022-04-01 21:27:10','2022-04-01 21:27:10'),(13,'VER_LOTES GANADO','web','2022-04-01 21:27:10','2022-04-01 21:27:10'),(14,'VER_LOTES ESPERMA','web','2022-04-01 21:27:10','2022-04-01 21:27:10'),(15,'VER_LOTES EMBRIONES','web','2022-04-01 21:27:11','2022-04-01 21:27:11'),(16,'VER_VENTAS','web','2022-04-01 21:27:11','2022-04-01 21:27:11'),(17,'VER_TRANSFERENCIAS EMBRION','web','2022-04-01 21:27:11','2022-04-01 21:27:11'),(18,'VER_TRANSFERENCIAS ESPERMA','web','2022-04-01 21:27:11','2022-04-01 21:27:11'),(19,'VER_MONTAS','web','2022-04-01 21:27:11','2022-04-01 21:27:11'),(20,'VER_PRENADAS EMBRION','web','2022-04-01 21:27:11','2022-04-01 21:27:11'),(21,'VER_PRENADAS ESPERMA','web','2022-04-01 21:27:11','2022-04-01 21:27:11'),(22,'VER_PRENADAS MONTA','web','2022-04-01 21:27:12','2022-04-01 21:27:12'),(23,'VER_NACIMIENTOS EMBRION','web','2022-04-01 21:27:12','2022-04-01 21:27:12'),(24,'VER_NACIMIENTOS ESPERMA','web','2022-04-01 21:27:12','2022-04-01 21:27:12'),(25,'VER_NACIMIENTOS MONTA','web','2022-04-01 21:27:12','2022-04-01 21:27:12'),(26,'VER_PRODUCCION LECHE','web','2022-04-01 21:27:12','2022-04-01 21:27:12'),(27,'VER_INVENTARIO MEDICAMENTOS','web','2022-04-01 21:27:12','2022-04-01 21:27:12'),(28,'VER_ORDEN TRABAJO','web','2022-04-01 21:27:12','2022-04-01 21:27:12'),(29,'VER_REPORTES','web','2022-04-01 21:27:12','2022-04-01 21:27:12'),(30,'INSERTAR_ESTADOS GANADO','web','2022-04-01 21:27:12','2022-04-01 21:27:12'),(31,'INSERTAR_LUGARES','web','2022-04-01 21:27:12','2022-04-01 21:27:12'),(32,'INSERTAR_RAZAS','web','2022-04-01 21:27:12','2022-04-01 21:27:12'),(33,'INSERTAR_ROLES','web','2022-04-01 21:27:13','2022-04-01 21:27:13'),(34,'INSERTAR_USUARIOS','web','2022-04-01 21:27:13','2022-04-01 21:27:13'),(35,'INSERTAR_PREGUNTAS','web','2022-04-01 21:27:13','2022-04-01 21:27:13'),(36,'INSERTAR_OBJETOS','web','2022-04-01 21:27:13','2022-04-01 21:27:13'),(37,'INSERTAR_PARAMETROS','web','2022-04-01 21:27:13','2022-04-01 21:27:13'),(38,'INSERTAR_BITACORA','web','2022-04-01 21:27:13','2022-04-01 21:27:13'),(39,'INSERTAR_BACKUP','web','2022-04-01 21:27:13','2022-04-01 21:27:13'),(40,'INSERTAR_CLIENTES','web','2022-04-01 21:27:13','2022-04-01 21:27:13'),(41,'INSERTAR_PROVEEDORES','web','2022-04-01 21:27:13','2022-04-01 21:27:13'),(42,'INSERTAR_LOTES GANADO','web','2022-04-01 21:27:13','2022-04-01 21:27:13'),(43,'INSERTAR_LOTES ESPERMA','web','2022-04-01 21:27:13','2022-04-01 21:27:13'),(44,'INSERTAR_LOTES EMBRIONES','web','2022-04-01 21:27:13','2022-04-01 21:27:13'),(45,'INSERTAR_VENTAS','web','2022-04-01 21:27:14','2022-04-01 21:27:14'),(46,'INSERTAR_TRANSFERENCIAS EMBRION','web','2022-04-01 21:27:14','2022-04-01 21:27:14'),(47,'INSERTAR_TRANSFERENCIAS ESPERMA','web','2022-04-01 21:27:14','2022-04-01 21:27:14'),(48,'INSERTAR_MONTAS','web','2022-04-01 21:27:14','2022-04-01 21:27:14'),(49,'INSERTAR_NACIMIENTOS EMBRION','web','2022-04-01 21:27:14','2022-04-01 21:27:14'),(50,'INSERTAR_NACIMIENTOS ESPERMA','web','2022-04-01 21:27:14','2022-04-01 21:27:14'),(51,'INSERTAR_NACIMIENTOS MONTA','web','2022-04-01 21:27:14','2022-04-01 21:27:14'),(52,'INSERTAR_PRODUCCION LECHE','web','2022-04-01 21:27:14','2022-04-01 21:27:14'),(53,'INSERTAR_INVENTARIO MEDICAMENTOS','web','2022-04-01 21:27:14','2022-04-01 21:27:14'),(54,'INSERTAR_ORDEN TRABAJO','web','2022-04-01 21:27:14','2022-04-01 21:27:14'),(55,'INSERTAR_REPORTES','web','2022-04-01 21:27:14','2022-04-01 21:27:14'),(56,'EDITAR_ESTADOS GANADO','web','2022-04-01 21:27:14','2022-04-01 21:27:14'),(57,'EDITAR_LUGARES','web','2022-04-01 21:27:15','2022-04-01 21:27:15'),(58,'EDITAR_RAZAS','web','2022-04-01 21:27:15','2022-04-01 21:27:15'),(59,'EDITAR_ROLES','web','2022-04-01 21:27:15','2022-04-01 21:27:15'),(60,'EDITAR_USUARIOS','web','2022-04-01 21:27:15','2022-04-01 21:27:15'),(61,'EDITAR_PREGUNTAS','web','2022-04-01 21:27:15','2022-04-01 21:27:15'),(62,'EDITAR_OBJETOS','web','2022-04-01 21:27:15','2022-04-01 21:27:15'),(63,'EDITAR_PARAMETROS','web','2022-04-01 21:27:15','2022-04-01 21:27:15'),(64,'EDITAR_BITACORA','web','2022-04-01 21:27:15','2022-04-01 21:27:15'),(65,'EDITAR_BACKUP','web','2022-04-01 21:27:15','2022-04-01 21:27:15'),(66,'EDITAR_CLIENTES','web','2022-04-01 21:27:15','2022-04-01 21:27:15'),(67,'EDITAR_PROVEEDORES','web','2022-04-01 21:27:15','2022-04-01 21:27:15'),(68,'EDITAR_LOTES GANADO','web','2022-04-01 21:27:15','2022-04-01 21:27:15'),(69,'EDITAR_LOTES ESPERMA','web','2022-04-01 21:27:15','2022-04-01 21:27:15'),(70,'EDITAR_LOTES EMBRIONES','web','2022-04-01 21:27:16','2022-04-01 21:27:16'),(71,'EDITAR_VENTAS','web','2022-04-01 21:27:16','2022-04-01 21:27:16'),(72,'EDITAR_TRANSFERENCIAS EMBRION','web','2022-04-01 21:27:16','2022-04-01 21:27:16'),(73,'EDITAR_TRANSFERENCIAS ESPERMA','web','2022-04-01 21:27:16','2022-04-01 21:27:16'),(74,'EDITAR_MONTAS','web','2022-04-01 21:27:16','2022-04-01 21:27:16'),(75,'EDITAR_PRENADAS EMBRION','web','2022-04-01 21:27:16','2022-04-01 21:27:16'),(76,'EDITAR_PRENADAS ESPERMA','web','2022-04-01 21:27:16','2022-04-01 21:27:16'),(77,'EDITAR_PRENADAS MONTA','web','2022-04-01 21:27:16','2022-04-01 21:27:16'),(78,'EDITAR_NACIMIENTOS EMBRION','web','2022-04-01 21:27:16','2022-04-01 21:27:16'),(79,'EDITAR_NACIMIENTOS ESPERMA','web','2022-04-01 21:27:16','2022-04-01 21:27:16'),(80,'EDITAR_NACIMIENTOS MONTA','web','2022-04-01 21:27:16','2022-04-01 21:27:16'),(81,'EDITAR_PRODUCCION LECHE','web','2022-04-01 21:27:17','2022-04-01 21:27:17'),(82,'EDITAR_INVENTARIO MEDICAMENTOS','web','2022-04-01 21:27:17','2022-04-01 21:27:17'),(83,'EDITAR_ORDEN TRABAJO','web','2022-04-01 21:27:17','2022-04-01 21:27:17'),(84,'EDITAR_REPORTES','web','2022-04-01 21:27:17','2022-04-01 21:27:17'),(85,'ELIMINAR_ESTADOS GANADO','web','2022-04-01 21:27:17','2022-04-01 21:27:17'),(86,'ELIMINAR_LUGARES','web','2022-04-01 21:27:17','2022-04-01 21:27:17'),(87,'ELIMINAR_RAZAS','web','2022-04-01 21:27:17','2022-04-01 21:27:17'),(88,'ELIMINAR_ROLES','web','2022-04-01 21:27:17','2022-04-01 21:27:17'),(89,'ELIMINAR_USUARIOS','web','2022-04-01 21:27:17','2022-04-01 21:27:17'),(90,'ELIMINAR_PREGUNTAS','web','2022-04-01 21:27:17','2022-04-01 21:27:17'),(91,'ELIMINAR_OBJETOS','web','2022-04-01 21:27:17','2022-04-01 21:27:17'),(92,'ELIMINAR_PARAMETROS','web','2022-04-01 21:27:18','2022-04-01 21:27:18'),(93,'ELIMINAR_BITACORA','web','2022-04-01 21:27:18','2022-04-01 21:27:18'),(94,'ELIMINAR_BACKUP','web','2022-04-01 21:27:18','2022-04-01 21:27:18'),(95,'ELIMINAR_CLIENTES','web','2022-04-01 21:27:18','2022-04-01 21:27:18'),(96,'ELIMINAR_PROVEEDORES','web','2022-04-01 21:27:18','2022-04-01 21:27:18'),(97,'ELIMINAR_LOTES GANADO','web','2022-04-01 21:27:18','2022-04-01 21:27:18'),(98,'ELIMINAR_LOTES ESPERMA','web','2022-04-01 21:27:18','2022-04-01 21:27:18'),(99,'ELIMINAR_LOTES EMBRIONES','web','2022-04-01 21:27:18','2022-04-01 21:27:18'),(100,'ELIMINAR_VENTAS','web','2022-04-01 21:27:18','2022-04-01 21:27:18'),(101,'ELIMINAR_TRANSFERENCIAS EMBRION','web','2022-04-01 21:27:18','2022-04-01 21:27:18'),(102,'ELIMINAR_TRANSFERENCIAS ESPERMA','web','2022-04-01 21:27:19','2022-04-01 21:27:19'),(103,'ELIMINAR_MONTAS','web','2022-04-01 21:27:19','2022-04-01 21:27:19'),(104,'ELIMINAR_PRENADAS EMBRION','web','2022-04-01 21:27:19','2022-04-01 21:27:19'),(105,'ELIMINAR_PRENADAS ESPERMA','web','2022-04-01 21:27:19','2022-04-01 21:27:19'),(106,'ELIMINAR_PRENADAS MONTA','web','2022-04-01 21:27:19','2022-04-01 21:27:19'),(107,'ELIMINAR_NACIMIENTOS EMBRION','web','2022-04-01 21:27:19','2022-04-01 21:27:19'),(108,'ELIMINAR_NACIMIENTOS ESPERMA','web','2022-04-01 21:27:19','2022-04-01 21:27:19'),(109,'ELIMINAR_NACIMIENTOS MONTA','web','2022-04-01 21:27:19','2022-04-01 21:27:19'),(110,'ELIMINAR_PRODUCCION LECHE','web','2022-04-01 21:27:19','2022-04-01 21:27:19'),(111,'ELIMINAR_INVENTARIO MEDICAMENTOS','web','2022-04-01 21:27:19','2022-04-01 21:27:19'),(112,'ELIMINAR_ORDEN TRABAJO','web','2022-04-01 21:27:20','2022-04-01 21:27:20'),(113,'ELIMINAR_REPORTES','web','2022-04-01 21:27:20','2022-04-01 21:27:20'),(114,'VER_GANADO','web','2022-04-01 21:42:19','2022-04-01 21:42:19'),(115,'INSERTAR_GANADO','web','2022-04-01 21:42:19','2022-04-01 21:42:19'),(116,'EDITAR_GANADO','web','2022-04-01 21:42:19','2022-04-01 21:42:19'),(117,'ELIMINAR_GANADO','web','2022-04-01 21:42:19','2022-04-01 21:42:19'),(118,'VER_RESTORE','web','2022-04-04 18:42:54','2022-04-04 18:42:54'),(119,'INSERTAR_RESTORE','web','2022-04-04 18:43:16','2022-04-04 18:43:16');
/*!40000 ALTER TABLE `permissions` ENABLE KEYS */;
UNLOCK TABLES;

--
-- Table structure for table `personal_access_tokens`
--

DROP TABLE IF EXISTS `personal_access_tokens`;
/*!40101 SET @saved_cs_client     = @@character_set_client */;
/*!40101 SET character_set_client = utf8 */;
CREATE TABLE `personal_access_tokens` (
  `id` bigint(20) unsigned NOT NULL AUTO_INCREMENT,
  `tokenable_type` varchar(255) COLLATE utf8_spanish_ci NOT NULL,
  `tokenable_id` bigint(20) unsigned NOT NULL,
  `name` varchar(255) COLLATE utf8_spanish_ci NOT NULL,
  `token` varchar(64) COLLATE utf8_spanish_ci NOT NULL,
  `abilities` text COLLATE utf8_spanish_ci DEFAULT NULL,
  `last_used_at` timestamp NULL DEFAULT NULL,
  `created_at` timestamp NULL DEFAULT NULL,
  `updated_at` timestamp NULL DEFAULT NULL,
  PRIMARY KEY (`id`),
  UNIQUE KEY `personal_access_tokens_token_unique` (`token`),
  KEY `personal_access_tokens_tokenable_type_tokenable_id_index` (`tokenable_type`,`tokenable_id`)
) ENGINE=InnoDB DEFAULT CHARSET=utf8 COLLATE=utf8_spanish_ci;
/*!40101 SET character_set_client = @saved_cs_client */;

--
-- Dumping data for table `personal_access_tokens`
--

LOCK TABLES `personal_access_tokens` WRITE;
/*!40000 ALTER TABLE `personal_access_tokens` DISABLE KEYS */;
/*!40000 ALTER TABLE `personal_access_tokens` ENABLE KEYS */;
UNLOCK TABLES;

--
-- Table structure for table `preguntas`
--

DROP TABLE IF EXISTS `preguntas`;
/*!40101 SET @saved_cs_client     = @@character_set_client */;
/*!40101 SET character_set_client = utf8 */;
CREATE TABLE `preguntas` (
  `id` bigint(20) unsigned NOT NULL AUTO_INCREMENT,
  `pregunta` varchar(255) COLLATE utf8_spanish_ci NOT NULL,
  `Actualizado_Por` bigint(20) unsigned DEFAULT NULL,
  `Creado_Por` bigint(20) unsigned NOT NULL,
  `created_at` timestamp NULL DEFAULT NULL,
  `updated_at` timestamp NULL DEFAULT NULL,
  PRIMARY KEY (`id`),
  KEY `preguntas_actualizado_por_foreign` (`Actualizado_Por`),
  KEY `preguntas_creado_por_foreign` (`Creado_Por`),
  CONSTRAINT `preguntas_actualizado_por_foreign` FOREIGN KEY (`Actualizado_Por`) REFERENCES `users` (`id`) ON DELETE CASCADE ON UPDATE CASCADE,
  CONSTRAINT `preguntas_creado_por_foreign` FOREIGN KEY (`Creado_Por`) REFERENCES `users` (`id`) ON DELETE CASCADE ON UPDATE CASCADE
) ENGINE=InnoDB AUTO_INCREMENT=5 DEFAULT CHARSET=utf8 COLLATE=utf8_spanish_ci;
/*!40101 SET character_set_client = @saved_cs_client */;

--
-- Dumping data for table `preguntas`
--

LOCK TABLES `preguntas` WRITE;
/*!40000 ALTER TABLE `preguntas` DISABLE KEYS */;
INSERT INTO `preguntas` VALUES (1,'NOMBRE DE TU MASCOTA',NULL,2,'2022-04-04 20:41:35','2022-04-04 20:41:35'),(2,'NOMBRE DE TU EQUIPO FAVORITO',NULL,2,'2022-04-04 20:41:35','2022-04-04 20:41:35'),(3,'NOMBRE DE TU MAMÁ',NULL,2,'2022-04-04 20:41:35','2022-04-11 19:02:29'),(4,'ARTISTA FAVORITO',NULL,2,'2022-04-05 22:14:10','2022-04-14 18:23:40');
/*!40000 ALTER TABLE `preguntas` ENABLE KEYS */;
UNLOCK TABLES;

--
-- Temporary table structure for view `produccion`
--

DROP TABLE IF EXISTS `produccion`;
/*!50001 DROP VIEW IF EXISTS `produccion`*/;
SET @saved_cs_client     = @@character_set_client;
SET character_set_client = utf8;
/*!50001 CREATE TABLE `produccion` (
  `COD_REGISTRO_LECHE` tinyint NOT NULL,
  `NOM_GANADO` tinyint NOT NULL,
  `ARETE` tinyint NOT NULL,
  `COLOR` tinyint NOT NULL,
  `EDAD_GANADO` tinyint NOT NULL,
  `FEC_ORDENIO` tinyint NOT NULL,
  `DIA_LACTANCIA` tinyint NOT NULL,
  `PRD_LITROS` tinyint NOT NULL,
  `OBS_REGISTRO` tinyint NOT NULL
) ENGINE=MyISAM */;
SET character_set_client = @saved_cs_client;

--
-- Temporary table structure for view `produccion_leche`
--

DROP TABLE IF EXISTS `produccion_leche`;
/*!50001 DROP VIEW IF EXISTS `produccion_leche`*/;
SET @saved_cs_client     = @@character_set_client;
SET character_set_client = utf8;
/*!50001 CREATE TABLE `produccion_leche` (
  `COD_REGISTRO_LECHE` tinyint NOT NULL,
  `COD_REGISTRO_GANADO` tinyint NOT NULL,
  `DIA_LACTANCIA` tinyint NOT NULL,
  `PRD_LITROS` tinyint NOT NULL,
  `FEC_ORDENIO` tinyint NOT NULL
) ENGINE=MyISAM */;
SET character_set_client = @saved_cs_client;

--
-- Temporary table structure for view `proveedores`
--

DROP TABLE IF EXISTS `proveedores`;
/*!50001 DROP VIEW IF EXISTS `proveedores`*/;
SET @saved_cs_client     = @@character_set_client;
SET character_set_client = utf8;
/*!50001 CREATE TABLE `proveedores` (
  `COD_PROVEEDOR` tinyint NOT NULL,
  `PERSONA` tinyint NOT NULL
) ENGINE=MyISAM */;
SET character_set_client = @saved_cs_client;

--
-- Temporary table structure for view `proveedores_registrados`
--

DROP TABLE IF EXISTS `proveedores_registrados`;
/*!50001 DROP VIEW IF EXISTS `proveedores_registrados`*/;
SET @saved_cs_client     = @@character_set_client;
SET character_set_client = utf8;
/*!50001 CREATE TABLE `proveedores_registrados` (
  `COD_PROVEEDOR` tinyint NOT NULL,
  `PRI_NOMBRE` tinyint NOT NULL,
  `PRI_APELLIDO` tinyint NOT NULL,
  `DET_DIRECCION` tinyint NOT NULL,
  `IND_COMERCIAL` tinyint NOT NULL,
  `FEC_NACIMIENTO` tinyint NOT NULL,
  `ID_PROVEEDOR` tinyint NOT NULL,
  `SEX_PROVEEDOR` tinyint NOT NULL,
  `NUM_AREA` tinyint NOT NULL,
  `NUM_CELULAR` tinyint NOT NULL,
  `NUM_TELEFONO` tinyint NOT NULL
) ENGINE=MyISAM */;
SET character_set_client = @saved_cs_client;

--
-- Temporary table structure for view `recienparidas_embrion`
--

DROP TABLE IF EXISTS `recienparidas_embrion`;
/*!50001 DROP VIEW IF EXISTS `recienparidas_embrion`*/;
SET @saved_cs_client     = @@character_set_client;
SET character_set_client = utf8;
/*!50001 CREATE TABLE `recienparidas_embrion` (
  `COD_PRENADA_EMBRION` tinyint NOT NULL,
  `COD_REGISTRO_GANADO` tinyint NOT NULL,
  `NOM_GANADO` tinyint NOT NULL,
  `NUM_ARETE` tinyint NOT NULL
) ENGINE=MyISAM */;
SET character_set_client = @saved_cs_client;

--
-- Temporary table structure for view `recienparidas_esperma`
--

DROP TABLE IF EXISTS `recienparidas_esperma`;
/*!50001 DROP VIEW IF EXISTS `recienparidas_esperma`*/;
SET @saved_cs_client     = @@character_set_client;
SET character_set_client = utf8;
/*!50001 CREATE TABLE `recienparidas_esperma` (
  `COD_PRENADA_ESPERMA` tinyint NOT NULL,
  `COD_REGISTRO_GANADO` tinyint NOT NULL,
  `NOM_GANADO` tinyint NOT NULL,
  `NUM_ARETE` tinyint NOT NULL
) ENGINE=MyISAM */;
SET character_set_client = @saved_cs_client;

--
-- Temporary table structure for view `recienparidas_monta`
--

DROP TABLE IF EXISTS `recienparidas_monta`;
/*!50001 DROP VIEW IF EXISTS `recienparidas_monta`*/;
SET @saved_cs_client     = @@character_set_client;
SET character_set_client = utf8;
/*!50001 CREATE TABLE `recienparidas_monta` (
  `COD_PRENADA_MONTA` tinyint NOT NULL,
  `COD_REGISTRO_GANADO` tinyint NOT NULL,
  `NOM_GANADO` tinyint NOT NULL,
  `NUM_ARETE` tinyint NOT NULL
) ENGINE=MyISAM */;
SET character_set_client = @saved_cs_client;

--
-- Table structure for table `respuestas`
--

DROP TABLE IF EXISTS `respuestas`;
/*!40101 SET @saved_cs_client     = @@character_set_client */;
/*!40101 SET character_set_client = utf8 */;
CREATE TABLE `respuestas` (
  `id_pregunta` bigint(20) unsigned NOT NULL,
  `id_usuario` bigint(20) unsigned NOT NULL,
  `respuesta` varchar(255) COLLATE utf8_spanish_ci NOT NULL,
  `created_at` timestamp NULL DEFAULT NULL,
  `updated_at` timestamp NULL DEFAULT NULL,
  `id_respuesta` bigint(20) NOT NULL AUTO_INCREMENT,
  PRIMARY KEY (`id_respuesta`),
  KEY `respuestas_id_pregunta_foreign` (`id_pregunta`),
  KEY `respuestas_id_usuario_foreign` (`id_usuario`),
  KEY `id_respuesta` (`id_respuesta`),
  CONSTRAINT `fk_preguntas_respuestas` FOREIGN KEY (`id_pregunta`) REFERENCES `preguntas` (`id`),
  CONSTRAINT `respuestas_id_pregunta_foreign` FOREIGN KEY (`id_pregunta`) REFERENCES `preguntas` (`id`) ON DELETE CASCADE ON UPDATE CASCADE,
  CONSTRAINT `respuestas_id_usuario_foreign` FOREIGN KEY (`id_usuario`) REFERENCES `users` (`id`) ON DELETE CASCADE ON UPDATE CASCADE
) ENGINE=InnoDB AUTO_INCREMENT=15 DEFAULT CHARSET=utf8 COLLATE=utf8_spanish_ci;
/*!40101 SET character_set_client = @saved_cs_client */;

--
-- Dumping data for table `respuestas`
--

LOCK TABLES `respuestas` WRITE;
/*!40000 ALTER TABLE `respuestas` DISABLE KEYS */;
INSERT INTO `respuestas` VALUES (1,2,'THANOS',NULL,'2022-04-16 20:52:57',3),(2,2,'PSG',NULL,NULL,4),(1,3,'RAMBO',NULL,NULL,5),(2,3,'LIVERPOOL',NULL,NULL,6),(1,5,'RIQUI',NULL,NULL,7),(2,5,'PSG',NULL,NULL,8),(1,12,'ROJO',NULL,NULL,9),(2,12,'ROJO',NULL,NULL,10),(1,14,'AZUL',NULL,NULL,11),(4,14,'AZUL',NULL,NULL,12),(4,2,'CONAN GRAY',NULL,NULL,13),(4,3,'HARRY',NULL,NULL,14);
/*!40000 ALTER TABLE `respuestas` ENABLE KEYS */;
UNLOCK TABLES;

--
-- Table structure for table `role_has_permissions`
--

DROP TABLE IF EXISTS `role_has_permissions`;
/*!40101 SET @saved_cs_client     = @@character_set_client */;
/*!40101 SET character_set_client = utf8 */;
CREATE TABLE `role_has_permissions` (
  `permission_id` bigint(20) unsigned NOT NULL,
  `role_id` bigint(20) unsigned NOT NULL,
  PRIMARY KEY (`permission_id`,`role_id`),
  KEY `role_has_permissions_role_id_foreign` (`role_id`),
  CONSTRAINT `role_has_permissions_permission_id_foreign` FOREIGN KEY (`permission_id`) REFERENCES `permissions` (`id`) ON DELETE CASCADE,
  CONSTRAINT `role_has_permissions_role_id_foreign` FOREIGN KEY (`role_id`) REFERENCES `roles` (`id`) ON DELETE CASCADE
) ENGINE=InnoDB DEFAULT CHARSET=utf8 COLLATE=utf8_spanish_ci;
/*!40101 SET character_set_client = @saved_cs_client */;

--
-- Dumping data for table `role_has_permissions`
--

LOCK TABLES `role_has_permissions` WRITE;
/*!40000 ALTER TABLE `role_has_permissions` DISABLE KEYS */;
INSERT INTO `role_has_permissions` VALUES (1,1),(1,4),(1,5),(1,6),(2,1),(2,4),(2,5),(2,6),(3,1),(3,4),(3,5),(3,6),(4,1),(4,3),(4,5),(4,6),(5,1),(5,3),(5,6),(6,1),(6,3),(6,6),(7,1),(7,3),(7,6),(8,1),(8,3),(8,5),(8,6),(9,1),(9,3),(9,6),(10,1),(10,3),(10,6),(11,1),(11,2),(12,1),(12,2),(13,1),(13,2),(14,1),(14,2),(15,1),(15,2),(16,1),(16,2),(17,1),(17,2),(18,1),(18,2),(19,1),(19,2),(20,1),(20,2),(21,1),(21,2),(22,1),(22,2),(23,1),(23,2),(24,1),(24,2),(25,1),(25,2),(26,1),(26,2),(27,1),(27,2),(28,1),(28,2),(29,1),(29,2),(30,1),(30,4),(30,5),(30,6),(31,1),(31,4),(31,6),(32,1),(32,4),(32,5),(32,6),(33,1),(33,3),(33,5),(33,6),(34,1),(34,3),(34,6),(35,1),(35,3),(35,6),(36,1),(36,3),(36,5),(36,6),(37,1),(37,3),(37,5),(37,6),(38,6),(39,1),(39,3),(39,6),(40,1),(41,1),(42,1),(43,1),(44,1),(45,1),(46,1),(47,1),(48,1),(49,1),(50,1),(51,1),(52,1),(53,1),(54,1),(55,1),(56,1),(56,4),(56,5),(56,6),(57,1),(57,4),(57,6),(58,1),(58,4),(58,6),(59,1),(59,3),(59,5),(59,6),(60,1),(60,3),(60,6),(61,1),(61,3),(61,5),(61,6),(62,1),(62,3),(62,5),(62,6),(63,1),(63,3),(63,5),(63,6),(64,6),(65,1),(65,6),(66,1),(67,1),(68,1),(69,1),(70,1),(71,1),(72,1),(73,1),(74,1),(75,1),(76,1),(77,1),(79,1),(80,1),(82,1),(83,1),(84,1),(85,1),(85,4),(85,5),(85,6),(86,1),(86,4),(86,6),(87,1),(87,4),(87,6),(88,3),(88,6),(89,3),(89,5),(89,6),(90,1),(90,3),(90,5),(90,6),(91,3),(91,5),(91,6),(92,1),(92,3),(92,5),(92,6),(93,6),(94,1),(94,6),(100,1),(107,1),(108,1),(109,1),(111,1),(112,1),(113,1),(114,1),(114,2),(115,1),(116,1),(117,1),(118,1),(118,3),(119,1),(119,3);
/*!40000 ALTER TABLE `role_has_permissions` ENABLE KEYS */;
UNLOCK TABLES;

--
-- Table structure for table `roles`
--

DROP TABLE IF EXISTS `roles`;
/*!40101 SET @saved_cs_client     = @@character_set_client */;
/*!40101 SET character_set_client = utf8 */;
CREATE TABLE `roles` (
  `id` bigint(20) unsigned NOT NULL AUTO_INCREMENT,
  `name` varchar(255) COLLATE utf8_spanish_ci NOT NULL,
  `guard_name` varchar(255) COLLATE utf8_spanish_ci NOT NULL,
  `created_at` timestamp NULL DEFAULT NULL,
  `updated_at` timestamp NULL DEFAULT NULL,
  `STATUS` enum('ACTIVO','INACTIVO') COLLATE utf8_spanish_ci DEFAULT 'ACTIVO',
  PRIMARY KEY (`id`),
  UNIQUE KEY `roles_name_guard_name_unique` (`name`,`guard_name`)
) ENGINE=InnoDB AUTO_INCREMENT=7 DEFAULT CHARSET=utf8 COLLATE=utf8_spanish_ci;
/*!40101 SET character_set_client = @saved_cs_client */;

--
-- Dumping data for table `roles`
--

LOCK TABLES `roles` WRITE;
/*!40000 ALTER TABLE `roles` DISABLE KEYS */;
INSERT INTO `roles` VALUES (1,'ADMINISTRADOR GENERAL','','2022-04-01 20:40:57','2022-04-11 18:49:14','ACTIVO'),(2,'INVITADO','','2022-04-01 20:41:02','2022-04-01 20:40:57','ACTIVO'),(3,'ADMINISTRADOR DE SEGURIDAD','web','2022-04-04 20:52:13','2022-04-04 20:52:13','ACTIVO'),(4,'ADMINISTRADOR DE MANTENIMIENTO','web','2022-04-04 20:54:51','2022-04-04 20:54:51','ACTIVO'),(5,'PROFESORES','web','2022-04-06 01:04:03','2022-04-16 21:54:51','ACTIVO'),(6,'CONSEJERO','web','2022-04-06 01:09:53','2022-04-11 18:45:35','ACTIVO');
/*!40000 ALTER TABLE `roles` ENABLE KEYS */;
UNLOCK TABLES;

--
-- Table structure for table `sessions`
--

DROP TABLE IF EXISTS `sessions`;
/*!40101 SET @saved_cs_client     = @@character_set_client */;
/*!40101 SET character_set_client = utf8 */;
CREATE TABLE `sessions` (
  `id` varchar(255) COLLATE utf8_spanish_ci NOT NULL,
  `user_id` bigint(20) unsigned DEFAULT NULL,
  `ip_address` varchar(45) COLLATE utf8_spanish_ci DEFAULT NULL,
  `user_agent` text COLLATE utf8_spanish_ci DEFAULT NULL,
  `payload` text COLLATE utf8_spanish_ci NOT NULL,
  `last_activity` int(11) NOT NULL,
  PRIMARY KEY (`id`),
  KEY `sessions_user_id_index` (`user_id`),
  KEY `sessions_last_activity_index` (`last_activity`)
) ENGINE=InnoDB DEFAULT CHARSET=utf8 COLLATE=utf8_spanish_ci;
/*!40101 SET character_set_client = @saved_cs_client */;

--
-- Dumping data for table `sessions`
--

LOCK TABLES `sessions` WRITE;
/*!40000 ALTER TABLE `sessions` DISABLE KEYS */;
INSERT INTO `sessions` VALUES ('qautEJlCq2dncLTCm7QnaL7opeBaE2W7MClP9HDz',2,'127.0.0.1','Mozilla/5.0 (Windows NT 10.0; Win64; x64) AppleWebKit/537.36 (KHTML, like Gecko) Chrome/100.0.4896.127 Safari/537.36','YTo2OntzOjY6Il90b2tlbiI7czo0MDoiTjZxWk9kVDFaT1Vqd0hESDc2MnN6bFloUjF0SGNPeVozUllWVmY2aCI7czo2OiJfZmxhc2giO2E6Mjp7czozOiJvbGQiO2E6MDp7fXM6MzoibmV3IjthOjA6e319czo5OiJfcHJldmlvdXMiO2E6MTp7czozOiJ1cmwiO3M6Mjg6Imh0dHA6Ly8xMjcuMC4wLjE6ODAwMC9iYWNrdXAiO31zOjUwOiJsb2dpbl93ZWJfNTliYTM2YWRkYzJiMmY5NDAxNTgwZjAxNGM3ZjU4ZWE0ZTMwOTg5ZCI7aToyO3M6MTc6InBhc3N3b3JkX2hhc2hfd2ViIjtzOjYwOiIkMnkkMTAkbUx1bTE0cGlzMm5RSTZPRkFpSy5rLmJac3JwclhPZ2JJeWlGS3BsSkZmTW1iYlFLODB1aDIiO3M6MjE6InBhc3N3b3JkX2hhc2hfc2FuY3R1bSI7czo2MDoiJDJ5JDEwJG1MdW0xNHBpczJuUUk2T0ZBaUsuay5iWnNycHJYT2diSXlpRktwbEpGZk1tYmJRSzgwdWgyIjt9',1650332103);
/*!40000 ALTER TABLE `sessions` ENABLE KEYS */;
UNLOCK TABLES;

--
-- Table structure for table `tbl_mc_compra_embrion`
--

DROP TABLE IF EXISTS `tbl_mc_compra_embrion`;
/*!40101 SET @saved_cs_client     = @@character_set_client */;
/*!40101 SET character_set_client = utf8 */;
CREATE TABLE `tbl_mc_compra_embrion` (
  `COD_COMPRA_EMBRION` bigint(20) NOT NULL AUTO_INCREMENT COMMENT 'CÓDIGO DE LA COMPRA DE EMBRIÓN',
  `COD_PROVEEDOR` bigint(20) DEFAULT NULL COMMENT 'CÓDIGO DE LA PERSONA',
  `FEC_COMPRA` date NOT NULL COMMENT 'FECHA DE LA COMPRA',
  `CAN_TOTAL` int(3) DEFAULT 0,
  `TOTAL_PRECIO` decimal(10,2) DEFAULT 0.00,
  `updated_at` date DEFAULT NULL,
  `created_at` date DEFAULT NULL,
  `STATUS_LOTE` enum('EN PROCESO','CONFIRMADO','CANCELADO') COLLATE utf8_spanish_ci DEFAULT 'EN PROCESO',
  PRIMARY KEY (`COD_COMPRA_EMBRION`),
  KEY `FK_COMPRAEMBRION_PROVEEDOR` (`COD_PROVEEDOR`),
  CONSTRAINT `FK_COMPRAEMBRION_PROVEEDOR` FOREIGN KEY (`COD_PROVEEDOR`) REFERENCES `tbl_mp_proveedores` (`COD_PROVEEDOR`)
) ENGINE=InnoDB AUTO_INCREMENT=6 DEFAULT CHARSET=utf8 COLLATE=utf8_spanish_ci;
/*!40101 SET character_set_client = @saved_cs_client */;

--
-- Dumping data for table `tbl_mc_compra_embrion`
--

LOCK TABLES `tbl_mc_compra_embrion` WRITE;
/*!40000 ALTER TABLE `tbl_mc_compra_embrion` DISABLE KEYS */;
INSERT INTO `tbl_mc_compra_embrion` VALUES (1,1,'2022-04-02',2,456.43,'2022-04-02','2022-04-02','CANCELADO'),(2,2,'2022-04-06',2,400.46,'2022-04-06','2022-04-06','CONFIRMADO'),(3,3,'2022-04-06',1,10000.50,'2022-04-06','2022-04-06','CONFIRMADO'),(4,3,'2022-04-11',1,156.23,'2022-04-11','2022-04-11','CONFIRMADO'),(5,4,'2022-04-14',2,1157.72,'2022-04-14','2022-04-14','CONFIRMADO');
/*!40000 ALTER TABLE `tbl_mc_compra_embrion` ENABLE KEYS */;
UNLOCK TABLES;

--
-- Table structure for table `tbl_mc_compra_esperma`
--

DROP TABLE IF EXISTS `tbl_mc_compra_esperma`;
/*!40101 SET @saved_cs_client     = @@character_set_client */;
/*!40101 SET character_set_client = utf8 */;
CREATE TABLE `tbl_mc_compra_esperma` (
  `COD_COMPRA_ESPERMA` bigint(20) NOT NULL AUTO_INCREMENT COMMENT 'CÓDIGO DE LA COMPRA DEL ESPERMA',
  `COD_PROVEEDOR` bigint(20) DEFAULT NULL COMMENT 'CÓDIGO DE LA PERSONA',
  `FEC_COMPRA` date NOT NULL COMMENT 'FECHA DE LA COMPRA',
  `CAN_TOTAL` int(3) DEFAULT 0,
  `TOTAL_PRECIO` decimal(10,2) DEFAULT 0.00,
  `STATUS_LOTE` enum('EN PROCESO','CONFIRMADO','CANCELADO') COLLATE utf8_spanish_ci DEFAULT 'EN PROCESO',
  `updated_at` date DEFAULT NULL,
  `created_at` date DEFAULT NULL,
  PRIMARY KEY (`COD_COMPRA_ESPERMA`),
  KEY `FK_COMPRAESPERMA_PROVEEDOR` (`COD_PROVEEDOR`),
  CONSTRAINT `FK_COMPRAESPERMA_PROVEEDOR` FOREIGN KEY (`COD_PROVEEDOR`) REFERENCES `tbl_mp_proveedores` (`COD_PROVEEDOR`)
) ENGINE=InnoDB AUTO_INCREMENT=7 DEFAULT CHARSET=utf8 COLLATE=utf8_spanish_ci;
/*!40101 SET character_set_client = @saved_cs_client */;

--
-- Dumping data for table `tbl_mc_compra_esperma`
--

LOCK TABLES `tbl_mc_compra_esperma` WRITE;
/*!40000 ALTER TABLE `tbl_mc_compra_esperma` DISABLE KEYS */;
INSERT INTO `tbl_mc_compra_esperma` VALUES (1,1,'2022-04-02',4,915.00,'CONFIRMADO','2022-04-02','2022-04-02'),(2,1,'2022-04-04',2,352.00,'CONFIRMADO','2022-04-04','2022-04-04'),(3,1,'2022-04-06',2,160.00,'CONFIRMADO','2022-04-06','2022-04-06'),(4,1,'2022-04-06',2,30002.00,'CONFIRMADO','2022-04-06','2022-04-06'),(5,3,'2022-04-09',1,156.23,'CONFIRMADO','2022-04-09','2022-04-09'),(6,1,'2022-04-14',2,1111.13,'CONFIRMADO','2022-04-14','2022-04-14');
/*!40000 ALTER TABLE `tbl_mc_compra_esperma` ENABLE KEYS */;
UNLOCK TABLES;

--
-- Table structure for table `tbl_mc_compra_ganado`
--

DROP TABLE IF EXISTS `tbl_mc_compra_ganado`;
/*!40101 SET @saved_cs_client     = @@character_set_client */;
/*!40101 SET character_set_client = utf8 */;
CREATE TABLE `tbl_mc_compra_ganado` (
  `COD_COMPRA_GANADO` bigint(20) NOT NULL AUTO_INCREMENT COMMENT 'CÓDIGO DE LA COMPRA DE UN GANADO',
  `FEC_COMPRA` date NOT NULL COMMENT 'FECHA DE LA COMPRA',
  `COD_PROVEEDOR` bigint(20) DEFAULT NULL COMMENT 'CÓDIGO DE LA PERSONA',
  `CAN_TOTAL` int(3) DEFAULT 0,
  `TOTAL_PRECIO` decimal(10,2) DEFAULT 0.00,
  `updated_at` date DEFAULT NULL,
  `created_at` date DEFAULT NULL,
  `STATUS_LOTE` enum('EN PROCESO','CONFIRMADO','CANCELADO') COLLATE utf8_spanish_ci DEFAULT 'EN PROCESO',
  PRIMARY KEY (`COD_COMPRA_GANADO`),
  KEY `FK_COMPRAGANADO_PROVEEDOR` (`COD_PROVEEDOR`),
  CONSTRAINT `FK_COMPRAGANADO_PROVEEDOR` FOREIGN KEY (`COD_PROVEEDOR`) REFERENCES `tbl_mp_proveedores` (`COD_PROVEEDOR`)
) ENGINE=InnoDB AUTO_INCREMENT=7 DEFAULT CHARSET=utf8 COLLATE=utf8_spanish_ci;
/*!40101 SET character_set_client = @saved_cs_client */;

--
-- Dumping data for table `tbl_mc_compra_ganado`
--

LOCK TABLES `tbl_mc_compra_ganado` WRITE;
/*!40000 ALTER TABLE `tbl_mc_compra_ganado` DISABLE KEYS */;
INSERT INTO `tbl_mc_compra_ganado` VALUES (1,'2022-04-01',1,2,35675.90,'2022-04-01','2022-04-01','CONFIRMADO'),(2,'2022-04-04',1,1,16523.23,'2022-04-04','2022-04-04','CONFIRMADO'),(3,'2022-04-06',1,1,16523.36,'2022-04-06','2022-04-06','CONFIRMADO'),(4,'2022-04-06',3,2,36253.75,'2022-04-06','2022-04-06','CONFIRMADO'),(5,'2022-04-10',4,1,26563.25,'2022-04-10','2022-04-10','CONFIRMADO'),(6,'2022-04-16',1,1,16523.50,'2022-04-16','2022-04-16','CONFIRMADO');
/*!40000 ALTER TABLE `tbl_mc_compra_ganado` ENABLE KEYS */;
UNLOCK TABLES;

--
-- Table structure for table `tbl_mc_detalle_cembrion`
--

DROP TABLE IF EXISTS `tbl_mc_detalle_cembrion`;
/*!40101 SET @saved_cs_client     = @@character_set_client */;
/*!40101 SET character_set_client = utf8 */;
CREATE TABLE `tbl_mc_detalle_cembrion` (
  `COD_DETALLE_COMPRA` bigint(20) NOT NULL AUTO_INCREMENT COMMENT 'CÓDIGO DEL EMBRION',
  `COD_COMPRA_EMBRION` bigint(20) DEFAULT NULL COMMENT 'CÓDIGO DEL EMBRION QUE SE COMPRÓ',
  `RAZ_ESPERADA` varchar(100) COLLATE utf8_spanish_ci NOT NULL COMMENT 'RAZA ESPERADA DE LA TRANSFERENCIA DEL EMBRIO A LA VACA RECEPTORA',
  `NOM_VACA_DONADORA` varchar(20) COLLATE utf8_spanish_ci DEFAULT NULL COMMENT 'NOMBRE DE LA VACA DONADORA',
  `RAZ_VACA_DONADORA` varchar(20) COLLATE utf8_spanish_ci NOT NULL COMMENT 'RAZA DE LA VACA DONADORA',
  `RAZ_TORO_DONADOR` varchar(25) COLLATE utf8_spanish_ci NOT NULL COMMENT 'RAZA DEL TORO DONADOR',
  `NOM_TORO_DONADOR` varchar(50) COLLATE utf8_spanish_ci DEFAULT NULL COMMENT 'NOMBRE DEL DONADOR DE ESPERMA',
  `PRE_EMBRION` decimal(10,2) NOT NULL COMMENT 'PRECIO ASIGNADO DEL EMBRION',
  `OBS_COMPRA_EMBRION` varchar(100) COLLATE utf8_spanish_ci DEFAULT NULL COMMENT 'OBSERVACIONES DEL EMBRION COMPRADO',
  `IND_EMBRION` enum('DISPONIBLE','NO DISPONIBLE') COLLATE utf8_spanish_ci DEFAULT 'DISPONIBLE' COMMENT 'ESTADO DEL EMBRION',
  `FEC_REGISTRO` date DEFAULT NULL COMMENT 'FECHA EN LA QUE SE REALIZO EL REGISTRO DE TRANSFERENCIA',
  `STATUS_COMPRA` enum('EN PROCESO','CONFIRMADA','REGISTRADA','CANCELADA') COLLATE utf8_spanish_ci DEFAULT 'EN PROCESO',
  PRIMARY KEY (`COD_DETALLE_COMPRA`),
  KEY `FK_EMBRION_COMPRA_EMBRION` (`COD_COMPRA_EMBRION`)
) ENGINE=InnoDB AUTO_INCREMENT=10 DEFAULT CHARSET=utf8 COLLATE=utf8_spanish_ci;
/*!40101 SET character_set_client = @saved_cs_client */;

--
-- Dumping data for table `tbl_mc_detalle_cembrion`
--

LOCK TABLES `tbl_mc_detalle_cembrion` WRITE;
/*!40000 ALTER TABLE `tbl_mc_detalle_cembrion` DISABLE KEYS */;
INSERT INTO `tbl_mc_detalle_cembrion` VALUES (1,1,'HIBRIDA-HOLTING',NULL,'HÍBRIDA','HOLTING',NULL,156.23,'Donadores de don Lucio','DISPONIBLE','2022-04-02','CANCELADA'),(2,1,'HIBRIDA-GHR','Rita','HÍBRIDA','GHR','Rulito',300.20,'Donadores del Rancho de Bacaadillas','DISPONIBLE','2022-04-02','CANCELADA'),(3,NULL,'HIBRIDA-HOLTING',NULL,'HÍBRIDA','HOLTING',NULL,150.23,NULL,'DISPONIBLE','2022-04-06','EN PROCESO'),(4,2,'HIBRIDA-HOLTING',NULL,'HÍBRIDA','HOLTING',NULL,150.23,NULL,'DISPONIBLE','2022-04-06','CONFIRMADA'),(5,2,'HIBRIDA-GHR',NULL,'HÍBRIDA','GHR',NULL,250.23,NULL,'DISPONIBLE','2022-04-06','CONFIRMADA'),(6,3,'GHR-HOLTING','Rita','HOLTING','GHR','Rulito',10000.50,'Rulito Prueba','DISPONIBLE','2022-04-06','CONFIRMADA'),(7,4,'HOLTING-AZULBELGA','Lili','HOLTING','AZUL BELGA','Mali',156.23,'De Quebradas','DISPONIBLE','2022-04-11','CONFIRMADA'),(8,5,'HOLTING-AZULBELGA',NULL,'HOLTING','AZUL BELGA',NULL,152.36,'GOOD','DISPONIBLE','2022-04-14','CONFIRMADA'),(9,5,'HIBRIDA-GHR',NULL,'HÍBRIDA','GHR',NULL,1005.36,'bacadillas','DISPONIBLE','2022-04-14','CONFIRMADA');
/*!40000 ALTER TABLE `tbl_mc_detalle_cembrion` ENABLE KEYS */;
UNLOCK TABLES;
ALTER DATABASE `db_rancho_peralta` CHARACTER SET utf8mb4 COLLATE utf8mb4_general_ci ;
/*!50003 SET @saved_cs_client      = @@character_set_client */ ;
/*!50003 SET @saved_cs_results     = @@character_set_results */ ;
/*!50003 SET @saved_col_connection = @@collation_connection */ ;
/*!50003 SET character_set_client  = utf8mb4 */ ;
/*!50003 SET character_set_results = utf8mb4 */ ;
/*!50003 SET collation_connection  = utf8mb4_general_ci */ ;
/*!50003 SET @saved_sql_mode       = @@sql_mode */ ;
/*!50003 SET sql_mode              = 'NO_ZERO_IN_DATE,NO_ZERO_DATE,NO_ENGINE_SUBSTITUTION' */ ;
DELIMITER ;;
/*!50003 CREATE*/ /*!50017 DEFINER=`root`@`localhost`*/ /*!50003 TRIGGER `TG_INSERTAR_COMPRA_EMBRION`
AFTER UPDATE ON `tbl_mc_detalle_cembrion`
FOR EACH ROW
BEGIN
  
    IF  NEW.STATUS_COMPRA = 'CONFIRMADA' THEN
      INSERT INTO TBL_MG_EMBRION(COD_COMPRA_EMBRION,
      COD_DETALLE_COMPRA,
  RAZ_ESPERADA,
  NOM_VACA_DONADORA, 
  RAZ_VACA_DONADORA ,   
  RAZ_TORO_DONADOR  ,       
  NOM_TORO_DONADOR ,       
  PRE_EMBRION ,          
  OBS_COMPRA_EMBRION,
  IND_EMBRION,
  FEC_REGISTRO)
        VALUES (OLD.COD_COMPRA_EMBRION,OLD.COD_DETALLE_COMPRA,OLD.RAZ_ESPERADA,OLD.NOM_VACA_DONADORA,OLD.RAZ_VACA_DONADORA,OLD.RAZ_TORO_DONADOR,OLD.NOM_TORO_DONADOR,OLD.PRE_EMBRION,OLD.OBS_COMPRA_EMBRION,         
                                  OLD.IND_EMBRION,OLD.FEC_REGISTRO);

    END IF;
    
    
END */;;
DELIMITER ;
/*!50003 SET sql_mode              = @saved_sql_mode */ ;
/*!50003 SET character_set_client  = @saved_cs_client */ ;
/*!50003 SET character_set_results = @saved_cs_results */ ;
/*!50003 SET collation_connection  = @saved_col_connection */ ;
ALTER DATABASE `db_rancho_peralta` CHARACTER SET utf8 COLLATE utf8_spanish_ci ;

--
-- Table structure for table `tbl_mc_detalle_cesperma`
--

DROP TABLE IF EXISTS `tbl_mc_detalle_cesperma`;
/*!40101 SET @saved_cs_client     = @@character_set_client */;
/*!40101 SET character_set_client = utf8 */;
CREATE TABLE `tbl_mc_detalle_cesperma` (
  `COD_DETALLE_COMPRA` bigint(20) NOT NULL AUTO_INCREMENT COMMENT 'CÓDIGO DEL DETALLE DE LA COMPRA',
  `COD_COMPRA_ESPERMA` bigint(20) DEFAULT NULL COMMENT 'CÓDIGO DE LA COMPRA DEL ESPERMA',
  `NUM_PAJILLA` bigint(20) NOT NULL COMMENT 'NUM DE LA PAJILLA USADA PARA INSEMINAR',
  `PRE_ESPERMA` decimal(10,2) NOT NULL COMMENT 'PRECIO DEL ESPERMA',
  `OBS_COMPRA_ESPERMA` varchar(100) COLLATE utf8_spanish_ci DEFAULT NULL COMMENT 'OBSERVACIONES DEL ESPERMA COMPRADO',
  `RAZ_TORO_DONADOR` varchar(25) COLLATE utf8_spanish_ci NOT NULL COMMENT 'RAZA DEL TORO DONADOR',
  `NOM_TORO_DONADOR` varchar(50) COLLATE utf8_spanish_ci DEFAULT NULL COMMENT 'NOMBRE DEL DONADOR DE ESPERMA',
  `IND_ESPERMA` enum('DISPONIBLE','NO DISPONIBLE') COLLATE utf8_spanish_ci DEFAULT 'DISPONIBLE' COMMENT 'ESTADO DEL ESPERMA',
  `FEC_REGISTRO` date NOT NULL COMMENT 'FECHA DE REGISTRO',
  `STATUS_COMPRA` enum('EN PROCESO','CONFIRMADA','CANCELADA','REGISTRADA') COLLATE utf8_spanish_ci DEFAULT 'EN PROCESO',
  PRIMARY KEY (`COD_DETALLE_COMPRA`),
  UNIQUE KEY `NUM_PAJILLA` (`NUM_PAJILLA`),
  KEY `FK_COMPRA_ESPERMA` (`COD_COMPRA_ESPERMA`),
  CONSTRAINT `FK_COMPRA_ESPERMA` FOREIGN KEY (`COD_COMPRA_ESPERMA`) REFERENCES `tbl_mc_compra_esperma` (`COD_COMPRA_ESPERMA`)
) ENGINE=InnoDB AUTO_INCREMENT=15 DEFAULT CHARSET=utf8 COLLATE=utf8_spanish_ci;
/*!40101 SET character_set_client = @saved_cs_client */;

--
-- Dumping data for table `tbl_mc_detalle_cesperma`
--

LOCK TABLES `tbl_mc_detalle_cesperma` WRITE;
/*!40000 ALTER TABLE `tbl_mc_detalle_cesperma` DISABLE KEYS */;
INSERT INTO `tbl_mc_detalle_cesperma` VALUES (1,1,1,151.00,'La raza es manchada','HOLTING','Racio','DISPONIBLE','2022-04-02','CONFIRMADA'),(2,1,2,201.00,NULL,'GHR','Bruno','DISPONIBLE','2022-04-02','CONFIRMADA'),(3,1,3,300.00,NULL,'HÍBRIDO','Lucho','DISPONIBLE','2022-04-02','CONFIRMADA'),(4,1,4,263.00,'Buen elemento','HOLTING',NULL,'DISPONIBLE','2022-04-02','CONFIRMADA'),(5,2,5,152.00,'Del Rancho de don Julio','HOLTING','Macho','DISPONIBLE','2022-04-04','CONFIRMADA'),(6,2,6,200.00,'Buen elemento','HÍBRIDO','Mario','DISPONIBLE','2022-04-04','CONFIRMADA'),(7,NULL,7,150.00,NULL,'HOLTING','Lucho','DISPONIBLE','2022-04-06','EN PROCESO'),(8,3,8,152.32,'De don Julio','HÍBRIDO',NULL,'DISPONIBLE','2022-04-06','CONFIRMADA'),(9,3,9,152.00,'Del rancho de Bacadillas','GHR','Mundo','DISPONIBLE','2022-04-06','CONFIRMADA'),(10,4,10,10001.00,'Brueno prueba.','HOLTING','Bruno','DISPONIBLE','2022-04-06','CONFIRMADA'),(11,4,11,20001.00,'Lucho Prueba','HÍBRIDO','Lucho','DISPONIBLE','2022-04-06','CONFIRMADA'),(12,5,18,156.23,'Del Rancho de Bacadillas','HOLTING','Mario','DISPONIBLE','2022-04-09','CONFIRMADA'),(13,6,12,510.63,'De Quebradas','AZUL BELGA',NULL,'DISPONIBLE','2022-04-14','CONFIRMADA'),(14,6,13,600.50,'De Bacadillas','HIBRIDO','Chele','DISPONIBLE','2022-04-14','CONFIRMADA');
/*!40000 ALTER TABLE `tbl_mc_detalle_cesperma` ENABLE KEYS */;
UNLOCK TABLES;
ALTER DATABASE `db_rancho_peralta` CHARACTER SET utf8mb4 COLLATE utf8mb4_general_ci ;
/*!50003 SET @saved_cs_client      = @@character_set_client */ ;
/*!50003 SET @saved_cs_results     = @@character_set_results */ ;
/*!50003 SET @saved_col_connection = @@collation_connection */ ;
/*!50003 SET character_set_client  = utf8mb4 */ ;
/*!50003 SET character_set_results = utf8mb4 */ ;
/*!50003 SET collation_connection  = utf8mb4_general_ci */ ;
/*!50003 SET @saved_sql_mode       = @@sql_mode */ ;
/*!50003 SET sql_mode              = 'NO_ZERO_IN_DATE,NO_ZERO_DATE,NO_ENGINE_SUBSTITUTION' */ ;
DELIMITER ;;
/*!50003 CREATE*/ /*!50017 DEFINER=`root`@`localhost`*/ /*!50003 TRIGGER `TG_INSERTAR_COMPRA_ESPERMA`
AFTER UPDATE ON `tbl_mc_detalle_cesperma`
FOR EACH ROW
BEGIN
  
    IF  NEW.STATUS_COMPRA = 'CONFIRMADA' THEN
      INSERT INTO TBL_MG_ESPERMA(
      COD_DETALLE_COMPRA,
      COD_COMPRA_ESPERMA,
  NUM_PAJILLA,
  PRE_ESPERMA, 
  OBS_COMPRA_ESPERMA ,   
  RAZ_TORO_DONADOR  ,       
  NOM_TORO_DONADOR ,       
  IND_ESPERMA ,          
 
  FEC_REGISTRO)
        VALUES (
        OLD.COD_DETALLE_COMPRA,
        OLD.COD_COMPRA_ESPERMA,
        OLD.NUM_PAJILLA,
        OLD.PRE_ESPERMA,
        OLD.OBS_COMPRA_ESPERMA,
        OLD.RAZ_TORO_DONADOR,
        OLD.NOM_TORO_DONADOR,
        OLD.IND_ESPERMA,
        OLD.FEC_REGISTRO);

    END IF;
    
    
END */;;
DELIMITER ;
/*!50003 SET sql_mode              = @saved_sql_mode */ ;
/*!50003 SET character_set_client  = @saved_cs_client */ ;
/*!50003 SET character_set_results = @saved_cs_results */ ;
/*!50003 SET collation_connection  = @saved_col_connection */ ;
ALTER DATABASE `db_rancho_peralta` CHARACTER SET utf8 COLLATE utf8_spanish_ci ;

--
-- Table structure for table `tbl_mc_detalle_comprag`
--

DROP TABLE IF EXISTS `tbl_mc_detalle_comprag`;
/*!40101 SET @saved_cs_client     = @@character_set_client */;
/*!40101 SET character_set_client = utf8 */;
CREATE TABLE `tbl_mc_detalle_comprag` (
  `COD_DETALLE_COMPRA` bigint(20) NOT NULL AUTO_INCREMENT COMMENT 'CÓDIGO DE LA COMPRA DE UN GANADO',
  `COD_COMPRA_GANADO` bigint(20) DEFAULT NULL COMMENT 'CÓDIGO DE LA COMPRA DE GANADO',
  `NOM_GANADO` varchar(30) COLLATE utf8_spanish_ci DEFAULT NULL,
  `CLR_GANADO` varchar(30) COLLATE utf8_spanish_ci DEFAULT NULL,
  `COD_ESTADO` bigint(20) DEFAULT NULL,
  `COD_LUGAR` bigint(20) DEFAULT NULL,
  `COD_RAZA` bigint(20) DEFAULT NULL,
  `FIE_GANADO` char(4) COLLATE utf8_spanish_ci DEFAULT NULL,
  `PES_ACTUAL` decimal(10,2) DEFAULT NULL,
  `PRE_GANADO` decimal(10,2) DEFAULT NULL,
  `SEX_GANADO` enum('MACHO','HEMBRA') COLLATE utf8_spanish_ci DEFAULT NULL,
  `STATUS_COMPRA` enum('EN PROCESO','CONFIRMADA','REGISTRADA','CANCELADA') COLLATE utf8_spanish_ci DEFAULT 'EN PROCESO',
  PRIMARY KEY (`COD_DETALLE_COMPRA`),
  KEY `FK_DETALLECOMPRA_ESTADO` (`COD_ESTADO`),
  KEY `FK_DETALLECOMPRA_LUGAR` (`COD_LUGAR`),
  KEY `FK_DETALLECOMPRA_RAZA` (`COD_RAZA`),
  KEY `FK_DETALLE_COMPRAGANADO` (`COD_COMPRA_GANADO`),
  CONSTRAINT `FK_DETALLE_COMPRAGANADO` FOREIGN KEY (`COD_COMPRA_GANADO`) REFERENCES `tbl_mc_compra_ganado` (`COD_COMPRA_GANADO`) ON DELETE CASCADE
) ENGINE=InnoDB AUTO_INCREMENT=15 DEFAULT CHARSET=utf8 COLLATE=utf8_spanish_ci;
/*!40101 SET character_set_client = @saved_cs_client */;

--
-- Dumping data for table `tbl_mc_detalle_comprag`
--

LOCK TABLES `tbl_mc_detalle_comprag` WRITE;
/*!40000 ALTER TABLE `tbl_mc_detalle_comprag` DISABLE KEYS */;
INSERT INTO `tbl_mc_detalle_comprag` VALUES (1,1,'Luna','Chele',9,2,1,'JP',250.23,16052.36,'HEMBRA','CONFIRMADA'),(2,1,'rulitos','Blanca',9,1,1,'JP',302.56,19623.54,'HEMBRA','CONFIRMADA'),(3,2,'Ramona','Chele',9,2,2,'JP',300.56,15006.23,'HEMBRA','CONFIRMADA'),(4,2,'Recio','Negro',9,2,1,'JP',500.63,25631.23,'MACHO','CONFIRMADA'),(5,2,'Recio','Chele',7,2,2,'JP',500.32,15500.23,'MACHO','CONFIRMADA'),(6,2,'lira','Chele',4,1,2,'JP',300.23,12366.63,'HEMBRA','CONFIRMADA'),(7,NULL,'Lunita','Chele',3,1,3,'JP',200.00,15263.23,'HEMBRA','EN PROCESO'),(8,NULL,'lima','Chele',6,2,2,'JP',300.36,15632.32,'HEMBRA','EN PROCESO'),(9,3,'Maria','Chele',4,1,2,'JP',326.32,16523.36,'HEMBRA','CONFIRMADA'),(10,NULL,'Pruebita','Blanca',4,1,2,'JP',256.00,15639.36,'HEMBRA','EN PROCESO'),(11,4,'Blanquita','Blanca',9,2,2,'JP',350.23,16253.25,'HEMBRA','CONFIRMADA'),(12,4,'Negrita','Negra',4,2,3,'JP',305.26,20000.50,'HEMBRA','CONFIRMADA'),(13,5,'ralita','Chele',4,3,3,'JP',256.23,26563.25,'HEMBRA','CONFIRMADA'),(14,6,'Josita','Negro con blanco',9,3,4,'JP',250.36,16523.50,'HEMBRA','CONFIRMADA');
/*!40000 ALTER TABLE `tbl_mc_detalle_comprag` ENABLE KEYS */;
UNLOCK TABLES;
ALTER DATABASE `db_rancho_peralta` CHARACTER SET utf8mb4 COLLATE utf8mb4_general_ci ;
/*!50003 SET @saved_cs_client      = @@character_set_client */ ;
/*!50003 SET @saved_cs_results     = @@character_set_results */ ;
/*!50003 SET @saved_col_connection = @@collation_connection */ ;
/*!50003 SET character_set_client  = utf8mb4 */ ;
/*!50003 SET character_set_results = utf8mb4 */ ;
/*!50003 SET collation_connection  = utf8mb4_general_ci */ ;
/*!50003 SET @saved_sql_mode       = @@sql_mode */ ;
/*!50003 SET sql_mode              = 'NO_ZERO_IN_DATE,NO_ZERO_DATE,NO_ENGINE_SUBSTITUTION' */ ;
DELIMITER ;;
/*!50003 CREATE*/ /*!50017 DEFINER=`root`@`localhost`*/ /*!50003 TRIGGER `TG_INSERTAR_COMPRA_GANADO`
AFTER UPDATE ON `tbl_mc_detalle_comprag`
FOR EACH ROW
BEGIN
  
    IF  NEW.STATUS_COMPRA = 'CONFIRMADA' THEN
      INSERT INTO TBL_MG_GANADO(NOM_GANADO,CLR_GANADO,COD_ESTADO,COD_LUGAR,PES_ACTUAL,FIE_GANADO,COD_RAZA         
                                  ,SEX_GANADO,PRE_GANADO,COD_COMPRA_GANADO,COD_DETALLE_COMPRA)
        VALUES (OLD.NOM_GANADO,OLD.CLR_GANADO,OLD.COD_ESTADO,OLD.COD_LUGAR,OLD.PES_ACTUAL,OLD.FIE_GANADO,OLD.COD_RAZA,         
                                  OLD.SEX_GANADO,OLD.PRE_GANADO,OLD.COD_COMPRA_GANADO,OLD.COD_DETALLE_COMPRA);

    END IF;
    
    
END */;;
DELIMITER ;
/*!50003 SET sql_mode              = @saved_sql_mode */ ;
/*!50003 SET character_set_client  = @saved_cs_client */ ;
/*!50003 SET character_set_results = @saved_cs_results */ ;
/*!50003 SET collation_connection  = @saved_col_connection */ ;
ALTER DATABASE `db_rancho_peralta` CHARACTER SET utf8 COLLATE utf8_spanish_ci ;

--
-- Table structure for table `tbl_mg_embrion`
--

DROP TABLE IF EXISTS `tbl_mg_embrion`;
/*!40101 SET @saved_cs_client     = @@character_set_client */;
/*!40101 SET character_set_client = utf8 */;
CREATE TABLE `tbl_mg_embrion` (
  `COD_EMBRION` bigint(20) NOT NULL AUTO_INCREMENT COMMENT 'CÓDIGO DEL EMBRION',
  `COD_COMPRA_EMBRION` bigint(20) NOT NULL COMMENT 'CÓDIGO DEL EMBRION QUE SE COMPRÓ',
  `RAZ_ESPERADA` varchar(100) COLLATE utf8_spanish_ci NOT NULL COMMENT 'RAZA ESPERADA DE LA TRANSFERENCIA DEL EMBRIO A LA VACA RECEPTORA',
  `NOM_VACA_DONADORA` varchar(20) COLLATE utf8_spanish_ci DEFAULT NULL COMMENT 'NOMBRE DE LA VACA DONADORA',
  `RAZ_VACA_DONADORA` varchar(20) COLLATE utf8_spanish_ci NOT NULL COMMENT 'RAZA DE LA VACA DONADORA',
  `RAZ_TORO_DONADOR` varchar(25) COLLATE utf8_spanish_ci NOT NULL COMMENT 'RAZA DEL TORO DONADOR',
  `NOM_TORO_DONADOR` varchar(50) COLLATE utf8_spanish_ci DEFAULT NULL COMMENT 'NOMBRE DEL DONADOR DE ESPERMA',
  `PRE_EMBRION` decimal(10,2) NOT NULL COMMENT 'PRECIO ASIGNADO DEL EMBRION',
  `OBS_COMPRA_EMBRION` varchar(100) COLLATE utf8_spanish_ci DEFAULT NULL COMMENT 'OBSERVACIONES DEL EMBRION COMPRADO',
  `IND_EMBRION` enum('DISPONIBLE','NO DISPONIBLE') COLLATE utf8_spanish_ci DEFAULT 'DISPONIBLE' COMMENT 'ESTADO DEL EMBRION',
  `FEC_REGISTRO` date DEFAULT NULL COMMENT 'FECHA EN LA QUE SE REALIZO EL REGISTRO DE TRANSFERENCIA',
  `COD_DETALLE_COMPRA` bigint(20) DEFAULT NULL,
  PRIMARY KEY (`COD_EMBRION`),
  KEY `FK_EMBRION_COMPRA_EM` (`COD_COMPRA_EMBRION`),
  KEY `FK_EMBRION_DETALLECOMPRA` (`COD_DETALLE_COMPRA`),
  CONSTRAINT `FK_EMBRION_COMPRA_EM` FOREIGN KEY (`COD_COMPRA_EMBRION`) REFERENCES `tbl_mc_compra_embrion` (`COD_COMPRA_EMBRION`),
  CONSTRAINT `FK_EMBRION_DETALLECOMPRA` FOREIGN KEY (`COD_DETALLE_COMPRA`) REFERENCES `tbl_mc_detalle_cembrion` (`COD_DETALLE_COMPRA`) ON DELETE CASCADE
) ENGINE=InnoDB AUTO_INCREMENT=9 DEFAULT CHARSET=utf8 COLLATE=utf8_spanish_ci;
/*!40101 SET character_set_client = @saved_cs_client */;

--
-- Dumping data for table `tbl_mg_embrion`
--

LOCK TABLES `tbl_mg_embrion` WRITE;
/*!40000 ALTER TABLE `tbl_mg_embrion` DISABLE KEYS */;
INSERT INTO `tbl_mg_embrion` VALUES (1,1,'HIBRIDA-HOLTING',NULL,'HÍBRIDA','HOLTING',NULL,156.23,'Donadores de don Lucio','NO DISPONIBLE','2022-04-02',1),(2,1,'HIBRIDA-GHR','Rita','HÍBRIDA','GHR','Rulito',300.20,'Donadores del Rancho de Bacaadillas','NO DISPONIBLE','2022-04-02',2),(3,2,'HIBRIDA-HOLTING',NULL,'HÍBRIDA','HOLTING',NULL,150.23,NULL,'NO DISPONIBLE','2022-04-06',4),(4,2,'HIBRIDA-GHR',NULL,'HÍBRIDA','GHR',NULL,250.23,NULL,'NO DISPONIBLE','2022-04-06',5),(5,3,'GHR-HOLTING','Rita','HOLTING','GHR','Rulito',10000.50,'Rulito Prueba','NO DISPONIBLE','2022-04-06',6),(6,4,'HOLTING-AZULBELGA','Lili','HOLTING','AZUL BELGA','Mali',156.23,'De Quebradas','DISPONIBLE','2022-04-11',7),(7,5,'HOLTING-AZULBELGA',NULL,'HOLTING','AZUL BELGA',NULL,152.36,'GOOD','DISPONIBLE','2022-04-14',8),(8,5,'HIBRIDA-GHR',NULL,'HÍBRIDA','GHR',NULL,1005.36,'bacadillas','DISPONIBLE','2022-04-14',9);
/*!40000 ALTER TABLE `tbl_mg_embrion` ENABLE KEYS */;
UNLOCK TABLES;

--
-- Table structure for table `tbl_mg_esperma`
--

DROP TABLE IF EXISTS `tbl_mg_esperma`;
/*!40101 SET @saved_cs_client     = @@character_set_client */;
/*!40101 SET character_set_client = utf8 */;
CREATE TABLE `tbl_mg_esperma` (
  `COD_ESPERMA` bigint(20) NOT NULL AUTO_INCREMENT COMMENT 'CÓDIGO DEL ESPERMA',
  `COD_COMPRA_ESPERMA` bigint(20) DEFAULT NULL COMMENT 'CÓDIGO DE LA COMPRA DE ESPERMA',
  `NUM_PAJILLA` bigint(20) NOT NULL COMMENT 'NUM DE LA PAJILLA USADA PARA INSEMINAR',
  `PRE_ESPERMA` decimal(10,2) NOT NULL COMMENT 'PRECIO DEL ESPERMA',
  `OBS_COMPRA_ESPERMA` varchar(100) COLLATE utf8_spanish_ci DEFAULT NULL COMMENT 'OBSERVACIONES DEL ESPERMA COMPRADO',
  `RAZ_TORO_DONADOR` varchar(25) COLLATE utf8_spanish_ci NOT NULL COMMENT 'RAZA DEL TORO DONADOR',
  `NOM_TORO_DONADOR` varchar(50) COLLATE utf8_spanish_ci DEFAULT NULL COMMENT 'NOMBRE DEL DONADOR DE ESPERMA',
  `IND_ESPERMA` enum('DISPONIBLE','NO DISPONIBLE') COLLATE utf8_spanish_ci DEFAULT 'DISPONIBLE' COMMENT 'ESTADO DEL ESPERMA',
  `FEC_REGISTRO` date NOT NULL COMMENT 'FECHA DE REGISTRO',
  `COD_DETALLE_COMPRA` bigint(20) DEFAULT NULL,
  PRIMARY KEY (`COD_ESPERMA`),
  UNIQUE KEY `NUM_PAJILLA` (`NUM_PAJILLA`),
  KEY `FK_ESPERMA_COMPRA_ESPERMA` (`COD_COMPRA_ESPERMA`),
  KEY `FK_DETALLECOMPRA_ESPERMA` (`COD_DETALLE_COMPRA`)
) ENGINE=InnoDB AUTO_INCREMENT=14 DEFAULT CHARSET=utf8 COLLATE=utf8_spanish_ci;
/*!40101 SET character_set_client = @saved_cs_client */;

--
-- Dumping data for table `tbl_mg_esperma`
--

LOCK TABLES `tbl_mg_esperma` WRITE;
/*!40000 ALTER TABLE `tbl_mg_esperma` DISABLE KEYS */;
INSERT INTO `tbl_mg_esperma` VALUES (1,1,1,151.00,'La raza es manchada','HOLTING','Racio','NO DISPONIBLE','2022-04-02',1),(2,1,2,201.00,NULL,'GHR','Bruno','DISPONIBLE','2022-04-02',2),(3,1,3,300.00,NULL,'HÍBRIDO','Lucho','DISPONIBLE','2022-04-02',3),(4,1,4,263.00,'Buen elemento','HOLTING',NULL,'DISPONIBLE','2022-04-02',4),(5,2,5,152.00,'Del Rancho de don Julio','HOLTING','Macho','DISPONIBLE','2022-04-04',5),(6,2,6,200.00,'Buen elemento','HÍBRIDO','Mario','DISPONIBLE','2022-04-04',6),(7,3,8,152.32,'De don Julio','HÍBRIDO',NULL,'DISPONIBLE','2022-04-06',8),(8,3,9,152.00,'Del rancho de Bacadillas','GHR','Mundo','DISPONIBLE','2022-04-06',9),(9,4,10,10001.00,'Brueno prueba.','HOLTING','Bruno','DISPONIBLE','2022-04-06',10),(10,4,11,20001.00,'Lucho Prueba','HÍBRIDO','Lucho','NO DISPONIBLE','2022-04-06',11),(11,5,18,156.23,'Del Rancho de Bacadillas','HOLTING','Mario','DISPONIBLE','2022-04-09',12),(12,6,12,510.63,'De Quebradas','AZUL BELGA',NULL,'DISPONIBLE','2022-04-14',13),(13,6,13,600.50,'De Bacadillas','HIBRIDO','Chele','DISPONIBLE','2022-04-14',14);
/*!40000 ALTER TABLE `tbl_mg_esperma` ENABLE KEYS */;
UNLOCK TABLES;

--
-- Table structure for table `tbl_mg_estado_ganado`
--

DROP TABLE IF EXISTS `tbl_mg_estado_ganado`;
/*!40101 SET @saved_cs_client     = @@character_set_client */;
/*!40101 SET character_set_client = utf8 */;
CREATE TABLE `tbl_mg_estado_ganado` (
  `COD_ESTADO` bigint(20) NOT NULL AUTO_INCREMENT COMMENT 'CÓDIGO DEL ESTADO DEL GANADO',
  `DET_ESTADO` varchar(50) COLLATE utf8_spanish_ci NOT NULL COMMENT 'DETALLE DEL ESTADO DEL GANADO',
  `DESCRIPCION_ESTADO` varchar(150) COLLATE utf8_spanish_ci DEFAULT NULL,
  `STATUS` enum('ACTIVO','INACTIVO') COLLATE utf8_spanish_ci DEFAULT 'ACTIVO',
  `updated_at` datetime DEFAULT NULL,
  `created_at` datetime DEFAULT NULL,
  `Creado_Por` bigint(20) unsigned DEFAULT NULL,
  `Actualizado_Por` bigint(20) unsigned DEFAULT NULL,
  PRIMARY KEY (`COD_ESTADO`),
  KEY `Creado_Por` (`Creado_Por`),
  KEY `Actualizado_Por` (`Actualizado_Por`),
  CONSTRAINT `estado_usuario_actualizar` FOREIGN KEY (`Actualizado_Por`) REFERENCES `users` (`id`),
  CONSTRAINT `estado_usuariocrear` FOREIGN KEY (`Creado_Por`) REFERENCES `users` (`id`),
  CONSTRAINT `tbl_mg_estado_ganado_ibfk_1` FOREIGN KEY (`Actualizado_Por`) REFERENCES `users` (`id`),
  CONSTRAINT `tbl_mg_estado_ganado_ibfk_2` FOREIGN KEY (`Actualizado_Por`) REFERENCES `users` (`id`)
) ENGINE=InnoDB AUTO_INCREMENT=25 DEFAULT CHARSET=utf8 COLLATE=utf8_spanish_ci;
/*!40101 SET character_set_client = @saved_cs_client */;

--
-- Dumping data for table `tbl_mg_estado_ganado`
--

LOCK TABLES `tbl_mg_estado_ganado` WRITE;
/*!40000 ALTER TABLE `tbl_mg_estado_ganado` DISABLE KEYS */;
INSERT INTO `tbl_mg_estado_ganado` VALUES (1,'PREÑADA','Una trasferencia de fecundación fue exitosa.','ACTIVO','2022-04-01 06:04:23','2022-04-01 09:27:12',2,3),(2,'PARIDA','Parió un ternero en excelentes condiciones.','ACTIVO','2022-04-11 11:15:40','2022-04-01 00:00:00',2,2),(3,'SECA','Sin producción ni nada.','ACTIVO','2022-04-11 11:24:13','2022-04-01 00:00:00',2,2),(4,'SINCRONIZADA','Lista para ser fecundada.','ACTIVO','2022-04-09 20:13:47','2022-04-01 00:00:00',2,2),(5,'MUERTO','El ganado está died.','ACTIVO','2022-04-09 20:13:56','2022-04-01 00:00:00',2,2),(6,'MAMANDO','Este estado le pertenece a un Ternero.','ACTIVO','2022-04-09 20:14:15','2022-04-01 00:00:00',2,2),(7,'DESTETADO','Este estado le pertenece a un ternero.','ACTIVO','2022-04-09 20:14:33','2022-04-01 00:00:00',2,2),(8,'VENDIDO','Se le vendió a un cliente.','ACTIVO','2022-04-09 20:14:40','2022-04-01 00:00:00',2,2),(9,'SIN ESTADO ACTUAL','No tiene un estado definido.','ACTIVO','2022-04-09 20:14:50','2022-04-01 00:00:00',2,2),(10,'EN PROCESO DE FECUNDACIÓN','Se ha hecho con ella, una trasferencia reciente.','ACTIVO','2022-04-09 20:15:04','2022-04-01 00:00:00',2,2),(11,'NO FECUNDADA','Una trasnferencia de fecundación no tuvo éxito','ACTIVO','2022-04-08 00:00:00','2022-04-01 00:00:00',2,14),(12,'RECIEN PARIDA','Recién dio a luz, se espera el registro de su ternero.','ACTIVO','2022-04-08 00:00:00','2022-04-01 00:00:00',2,14),(13,'EN PROCESO DE VENTA','Está siendo incluido en lote para venta','ACTIVO','2022-04-01 00:00:00','2022-04-01 00:00:00',2,14),(14,'DESCARTADO','El ganado ya no aporta nada al rancho','ACTIVO','2022-04-02 00:00:00','2022-04-02 00:00:00',2,14),(15,'PREÑADAS','HFDS','INACTIVO','2022-04-17 10:28:02','2022-04-05 00:00:00',2,2),(16,'PRUEBA','Probaremos','INACTIVO','2022-04-11 11:35:18','2022-04-08 00:00:00',12,2),(17,'PRUEBA2','Prueba2','INACTIVO','2022-04-11 11:33:32','2022-04-09 00:00:00',2,2),(18,'EN PROCESO','Prueba','INACTIVO','2022-04-11 11:35:27','2022-04-09 17:13:51',2,2),(19,'OTRO MAS','oTRO','INACTIVO','2022-04-11 11:50:14','2022-04-11 11:49:25',2,2),(20,'A VER','DSF EFEF','INACTIVO','2022-04-11 12:14:01','2022-04-11 11:50:03',2,2),(21,'OTTO MAS',NULL,'INACTIVO','2022-04-11 11:51:35','2022-04-11 11:50:58',2,2),(22,'CON ESPACIOS','asqq','INACTIVO','2022-04-11 12:13:28','2022-04-11 12:12:30',2,2),(23,'MAYUSCULAS D','D','INACTIVO','2022-04-11 12:14:08','2022-04-11 12:13:40',2,2),(24,'NUEVO PRUEBA','Es nuevo','INACTIVO','2022-04-11 21:27:10','2022-04-11 21:26:59',2,2);
/*!40000 ALTER TABLE `tbl_mg_estado_ganado` ENABLE KEYS */;
UNLOCK TABLES;

--
-- Table structure for table `tbl_mg_ganado`
--

DROP TABLE IF EXISTS `tbl_mg_ganado`;
/*!40101 SET @saved_cs_client     = @@character_set_client */;
/*!40101 SET character_set_client = utf8 */;
CREATE TABLE `tbl_mg_ganado` (
  `COD_REGISTRO_GANADO` bigint(20) NOT NULL AUTO_INCREMENT COMMENT 'CÓDIGO REGISTRO DEL GANADO',
  `NUM_ARETE` int(11) DEFAULT NULL COMMENT 'NÚMERO DE ARETE',
  `NOM_GANADO` varchar(50) COLLATE utf8_spanish_ci DEFAULT NULL COMMENT 'NOMBRE DEL GANADO',
  `CLR_GANADO` varchar(50) COLLATE utf8_spanish_ci NOT NULL COMMENT 'COLOR DEL GANADO',
  `COD_ESTADO` bigint(20) DEFAULT NULL COMMENT 'CÓDIGO DEL ESTADO GANADO',
  `COD_LUGAR` bigint(20) NOT NULL COMMENT 'CÓDIGO DEL LUGAR DONDE SE ENCUENTRA EL GANADO',
  `PES_ACTUAL` decimal(10,2) DEFAULT NULL COMMENT 'PESO DEL GANADO',
  `FIE_GANADO` char(4) COLLATE utf8_spanish_ci DEFAULT NULL COMMENT 'FIERRO EL GANADO',
  `COD_RAZA` bigint(20) DEFAULT NULL COMMENT 'RAZA EL GANADO',
  `SEX_GANADO` enum('MACHO','HEMBRA') COLLATE utf8_spanish_ci NOT NULL COMMENT 'SEXO DEL GANADO',
  `FEC_REGISTRO` date DEFAULT NULL COMMENT 'FECHA DE REGISTRO DEL GANADO',
  `PRE_GANADO` decimal(10,2) DEFAULT NULL COMMENT 'PRECIO DE REGISTRO DEL GANADO',
  `FEC_NACIMIENTO` date DEFAULT NULL,
  `COD_COMPRA_GANADO` bigint(20) DEFAULT NULL COMMENT 'CÓDIGO DE LA COMPRA DE UN GANADO',
  `COD_DETALLE_COMPRA` bigint(20) DEFAULT NULL,
  PRIMARY KEY (`COD_REGISTRO_GANADO`),
  UNIQUE KEY `NUM_ARETE` (`NUM_ARETE`),
  KEY `FK_GANADO_COMPRAGANADO` (`COD_COMPRA_GANADO`),
  KEY `FK_LUGAR_GANADO` (`COD_LUGAR`),
  KEY `FK_ESTADO_GANADO` (`COD_ESTADO`),
  KEY `FK_GANADO_RAZA` (`COD_RAZA`) USING BTREE,
  KEY `FK_GANADO_DETALLECOMPRA` (`COD_DETALLE_COMPRA`),
  CONSTRAINT `FK_ESTADO_GANADO` FOREIGN KEY (`COD_ESTADO`) REFERENCES `tbl_mg_estado_ganado` (`COD_ESTADO`),
  CONSTRAINT `FK_GANADO_DETALLECOMPRA` FOREIGN KEY (`COD_DETALLE_COMPRA`) REFERENCES `tbl_mc_detalle_comprag` (`COD_DETALLE_COMPRA`) ON DELETE CASCADE,
  CONSTRAINT `FK_LUGAR_GANADO` FOREIGN KEY (`COD_LUGAR`) REFERENCES `tbl_mg_lugar` (`COD_LUGAR`),
  CONSTRAINT `FK_RAZA_GANADO` FOREIGN KEY (`COD_RAZA`) REFERENCES `tbl_mg_raza` (`COD_RAZA`)
) ENGINE=InnoDB AUTO_INCREMENT=44 DEFAULT CHARSET=utf8 COLLATE=utf8_spanish_ci;
/*!40101 SET character_set_client = @saved_cs_client */;

--
-- Dumping data for table `tbl_mg_ganado`
--

LOCK TABLES `tbl_mg_ganado` WRITE;
/*!40000 ALTER TABLE `tbl_mg_ganado` DISABLE KEYS */;
INSERT INTO `tbl_mg_ganado` VALUES (1,1,'Halsey','Chele',8,2,250.50,'JK',1,'HEMBRA','2022-04-01',NULL,'2012-12-01',NULL,NULL),(2,NULL,'Luna','Chele',5,2,250.23,'JP',1,'HEMBRA',NULL,16052.36,'2014-01-01',1,1),(3,2,'Rulitos','Blanca',1,1,302.56,'JP',1,'HEMBRA',NULL,19623.54,'2015-01-01',1,2),(4,3,'Placi','Chele',2,1,250.50,'JK',1,'HEMBRA','2022-04-02',NULL,'2013-01-01',NULL,NULL),(5,4,'Ruli','Chele',6,2,50.50,'JP',1,'MACHO','2022-04-02',NULL,'2022-04-02',NULL,NULL),(6,6,'Ash','Chele',8,2,50.50,'JP',1,'HEMBRA','2022-04-02',NULL,'2022-01-01',NULL,NULL),(7,5,'Risa','Chele',8,1,250.50,'JK',1,'HEMBRA','2022-04-02',NULL,'2017-01-01',NULL,NULL),(8,NULL,'Luka','Negro con manchas',8,2,250.50,'JK',2,'MACHO','2022-04-02',NULL,'2018-01-01',NULL,NULL),(9,8,'Marita','Negro con blanco',2,2,405.23,'JP',2,'HEMBRA','2022-04-02',NULL,'2019-01-01',NULL,NULL),(10,9,'Lola','Chele',2,1,250.50,'JK',2,'HEMBRA','2022-04-02',NULL,'2013-01-01',NULL,NULL),(11,10,'Ramona','Chele',2,2,300.56,'JP',2,'HEMBRA',NULL,15006.23,'2014-01-01',2,3),(28,NULL,'Maria','Chele',8,1,326.32,'JP',2,'HEMBRA',NULL,16523.36,'2018-01-01',3,9),(29,13,'Malina','Chele',2,2,250.50,'JP',2,'HEMBRA','2022-04-06',NULL,'2012-01-01',NULL,NULL),(30,NULL,'Blanquita','Blanca',8,2,350.23,'JP',2,'HEMBRA',NULL,16253.25,'2020-01-01',4,11),(31,14,'Negrita','Negra',2,2,305.26,'JP',3,'HEMBRA',NULL,20000.50,'2013-01-01',4,12),(32,118,'Patitas','Blanca',4,2,300.50,'kg',1,'HEMBRA','2022-04-06',NULL,'2012-01-23',NULL,NULL),(33,NULL,'Copito','Blanquito',8,2,50.50,'JP',2,'MACHO','2022-04-06',NULL,'2022-04-06',NULL,NULL),(34,15,'Ramoncito','Pintado',6,2,50.50,'JP',1,'MACHO','2022-04-06',NULL,'2022-02-01',NULL,NULL),(35,16,'Gaga','Chele',2,2,250.50,'JK',1,'HEMBRA','2022-04-07',NULL,'2021-01-01',NULL,NULL),(36,17,'Marina','Blanca',12,2,300.50,'JP',2,'HEMBRA','2022-04-07',NULL,'2020-01-14',NULL,NULL),(37,NULL,'Malinito','Blanquito',8,2,50.50,'JP',2,'MACHO','2022-04-07',NULL,'2022-04-05',NULL,NULL),(38,19,'Katito','Blanquito',6,2,50.50,'JP',2,'MACHO','2022-04-07',NULL,'2022-04-06',NULL,NULL),(39,20,'Lolita','Negro',6,2,52.63,'JP',1,'HEMBRA','2022-04-07',NULL,'2022-04-06',NULL,NULL),(40,22,'Negrito','Negro',6,2,55.60,'KG',2,'MACHO','2022-04-07',NULL,'2022-04-07',NULL,NULL),(41,NULL,'Marilino','Blanco',8,2,50.50,'KG',2,'MACHO','2022-04-07',NULL,'2022-04-07',NULL,NULL),(42,25,'Ralita','Chele',4,3,256.23,'JP',3,'HEMBRA',NULL,26563.25,'2019-01-10',5,13),(43,26,'Josita','Negro con blanco',9,1,250.36,'JP',4,'HEMBRA',NULL,16523.50,'2018-02-06',6,14);
/*!40000 ALTER TABLE `tbl_mg_ganado` ENABLE KEYS */;
UNLOCK TABLES;
ALTER DATABASE `db_rancho_peralta` CHARACTER SET utf8mb4 COLLATE utf8mb4_general_ci ;
/*!50003 SET @saved_cs_client      = @@character_set_client */ ;
/*!50003 SET @saved_cs_results     = @@character_set_results */ ;
/*!50003 SET @saved_col_connection = @@collation_connection */ ;
/*!50003 SET character_set_client  = utf8mb4 */ ;
/*!50003 SET character_set_results = utf8mb4 */ ;
/*!50003 SET collation_connection  = utf8mb4_general_ci */ ;
/*!50003 SET @saved_sql_mode       = @@sql_mode */ ;
/*!50003 SET sql_mode              = 'NO_ZERO_IN_DATE,NO_ZERO_DATE,NO_ENGINE_SUBSTITUTION' */ ;
DELIMITER ;;
/*!50003 CREATE*/ /*!50017 DEFINER=`root`@`localhost`*/ /*!50003 TRIGGER `db_rancho_peralta`.`TG_GANADO_MUERTO` AFTER UPDATE
    ON db_rancho_peralta.tbl_mg_ganado FOR EACH ROW
BEGIN

  IF NEW.COD_ESTADO = 5 THEN
  
      SELECT L.DIR_LUGAR INTO @DIR_LUGAR 
      FROM TBL_MG_GANADO G INNER JOIN TBL_MG_LUGAR L ON (G.COD_LUGAR = L.COD_LUGAR)
      WHERE G.COD_LUGAR = OLD.COD_LUGAR AND  G.COD_REGISTRO_GANADO = OLD.COD_REGISTRO_GANADO;
      
      SELECT R.NOM_RAZA INTO @NOM_RAZA
      FROM TBL_MG_GANADO G INNER JOIN TBL_MG_RAZA R ON (G.COD_RAZA = R.COD_RAZA)
      WHERE G.COD_RAZA = OLD.COD_RAZA AND G.COD_REGISTRO_GANADO = OLD.COD_REGISTRO_GANADO;
      
      INSERT INTO TBL_MG_GANADO_MUERTO(COD_REGISTRO_GANADO, NUM_ARETE, NOM_GANADO,CLR_GANADO,DIR_LUGAR,FIE_GANADO,PES_ACTUAL,RAZ_GANADO,SEX_GANADO, FEC_REGISTRO_MUERTE)
      VALUES (OLD.COD_REGISTRO_GANADO, OLD.NUM_ARETE, OLD.NOM_GANADO,CLR_GANADO,@DIR_LUGAR,FIE_GANADO,OLD.PES_ACTUAL,@NOM_RAZA,OLD.SEX_GANADO,CURDATE());  
  END IF;

END */;;
DELIMITER ;
/*!50003 SET sql_mode              = @saved_sql_mode */ ;
/*!50003 SET character_set_client  = @saved_cs_client */ ;
/*!50003 SET character_set_results = @saved_cs_results */ ;
/*!50003 SET collation_connection  = @saved_col_connection */ ;
ALTER DATABASE `db_rancho_peralta` CHARACTER SET utf8 COLLATE utf8_spanish_ci ;

--
-- Table structure for table `tbl_mg_ganado_muerto`
--

DROP TABLE IF EXISTS `tbl_mg_ganado_muerto`;
/*!40101 SET @saved_cs_client     = @@character_set_client */;
/*!40101 SET character_set_client = utf8 */;
CREATE TABLE `tbl_mg_ganado_muerto` (
  `COD_MUERTE` bigint(20) NOT NULL AUTO_INCREMENT COMMENT 'CÓDIGO DEL GANADO MUERTO',
  `COD_REGISTRO_GANADO` bigint(20) DEFAULT NULL COMMENT 'CÓDIGO DEL REGISTRO DEL GANADO',
  `NUM_ARETE` int(11) DEFAULT NULL COMMENT 'NUMERO DE ARETE',
  `NOM_GANADO` varchar(50) COLLATE utf8_spanish_ci DEFAULT NULL COMMENT 'NOMBRE DEL GANADO',
  `CLR_GANADO` varchar(50) COLLATE utf8_spanish_ci DEFAULT NULL COMMENT 'COLOR DEL GANADO',
  `DIR_LUGAR` varchar(100) COLLATE utf8_spanish_ci DEFAULT NULL COMMENT 'LUGAR DONDE SE ENCUENTRA EL GANADO',
  `PES_ACTUAL` decimal(10,2) DEFAULT NULL COMMENT 'PESO DEL GANADO',
  `FIE_GANADO` char(4) COLLATE utf8_spanish_ci DEFAULT NULL COMMENT 'FIERRO EL GANADO',
  `RAZ_GANADO` varchar(50) COLLATE utf8_spanish_ci DEFAULT NULL COMMENT 'RAZA EL GANADO',
  `SEX_GANADO` enum('MACHO','HEMBRA') COLLATE utf8_spanish_ci DEFAULT NULL COMMENT 'SEXO DEL GANADO',
  `ETA_PRODUCTIVA` varchar(50) COLLATE utf8_spanish_ci DEFAULT NULL COMMENT 'ETAPA PRODUCTIVA DEL GANADO',
  `CAUSA` varchar(100) COLLATE utf8_spanish_ci DEFAULT NULL COMMENT 'CAUSA POR LA QUE MURIO EL GANADO',
  `FEC_REGISTRO_MUERTE` date DEFAULT NULL COMMENT 'FECHA EN LA QUE SE REALIZO EL REGISTRO DE LA MUERTE',
  PRIMARY KEY (`COD_MUERTE`),
  UNIQUE KEY `NUM_ARETE` (`NUM_ARETE`)
) ENGINE=InnoDB AUTO_INCREMENT=3 DEFAULT CHARSET=utf8 COLLATE=utf8_spanish_ci;
/*!40101 SET character_set_client = @saved_cs_client */;

--
-- Dumping data for table `tbl_mg_ganado_muerto`
--

LOCK TABLES `tbl_mg_ganado_muerto` WRITE;
/*!40000 ALTER TABLE `tbl_mg_ganado_muerto` DISABLE KEYS */;
INSERT INTO `tbl_mg_ganado_muerto` VALUES (1,2,3,'Luna','BLANCA','BACADILLAS',250.23,'JP','HOLTING','HEMBRA',NULL,NULL,'2022-04-01'),(2,2,NULL,'Luna',NULL,'BACADILLAS',250.23,NULL,'HOLTING','HEMBRA',NULL,NULL,'2022-04-07');
/*!40000 ALTER TABLE `tbl_mg_ganado_muerto` ENABLE KEYS */;
UNLOCK TABLES;

--
-- Table structure for table `tbl_mg_lugar`
--

DROP TABLE IF EXISTS `tbl_mg_lugar`;
/*!40101 SET @saved_cs_client     = @@character_set_client */;
/*!40101 SET character_set_client = utf8 */;
CREATE TABLE `tbl_mg_lugar` (
  `COD_LUGAR` bigint(20) NOT NULL AUTO_INCREMENT COMMENT 'CÓDIGO DEL LUGAR DONDE SE ENCUENTRA EL GANADO',
  `DIR_LUGAR` varchar(100) COLLATE utf8_spanish_ci NOT NULL COMMENT 'DIRECCIÓN DEL LUGAR DONDE SE ENCUENTRA EL GANADO',
  `UBI_EXACTA` varchar(200) COLLATE utf8_spanish_ci DEFAULT NULL,
  `STATUS` enum('ACTIVO','INACTIVO') COLLATE utf8_spanish_ci DEFAULT 'ACTIVO',
  `updated_at` datetime DEFAULT NULL,
  `created_at` datetime DEFAULT NULL,
  `Creado_Por` bigint(20) unsigned DEFAULT NULL,
  `Actualizado_Por` bigint(20) unsigned DEFAULT NULL,
  PRIMARY KEY (`COD_LUGAR`),
  KEY `Lugar_UsuarioCrear` (`Creado_Por`),
  KEY `Lugar_UsuarioActualizar` (`Actualizado_Por`),
  CONSTRAINT `Lugar_UsuarioActualizar` FOREIGN KEY (`Actualizado_Por`) REFERENCES `users` (`id`),
  CONSTRAINT `Lugar_UsuarioCrear` FOREIGN KEY (`Creado_Por`) REFERENCES `users` (`id`)
) ENGINE=InnoDB AUTO_INCREMENT=11 DEFAULT CHARSET=utf8 COLLATE=utf8_spanish_ci;
/*!40101 SET character_set_client = @saved_cs_client */;

--
-- Dumping data for table `tbl_mg_lugar`
--

LOCK TABLES `tbl_mg_lugar` WRITE;
/*!40000 ALTER TABLE `tbl_mg_lugar` DISABLE KEYS */;
INSERT INTO `tbl_mg_lugar` VALUES (1,'AGUJAS','Cerca de Tegus','ACTIVO','2022-04-01 16:25:14','2022-04-01 14:23:27',2,3),(2,'BACADILLAS','Cerca de Olancho y','ACTIVO','2022-04-11 11:28:19','2022-04-01 11:30:34',2,3),(3,'QUEBRADAS','Por Gracias a Dios así es.','ACTIVO','2022-04-08 00:00:00','2022-04-01 11:29:26',2,3),(6,'UNAH','Cerca de Tegus','INACTIVO','2022-04-11 11:53:41','2022-04-11 11:29:58',NULL,NULL),(7,'OLANCHO CENTRO','A 10 km del parque','INACTIVO','2022-04-11 11:53:51','2022-04-11 11:53:33',NULL,NULL),(8,'JUTICALPA CENTRO',NULL,'INACTIVO','2022-04-11 12:05:00','2022-04-11 12:04:46',NULL,NULL),(9,'JUTIAPA CENTRO','Por carretera a Catacamas','INACTIVO','2022-04-11 12:16:01','2022-04-11 12:15:46',NULL,NULL),(10,'RANCHO SAN JUAN',NULL,'INACTIVO','2022-04-11 12:29:50','2022-04-11 12:20:23',NULL,NULL);
/*!40000 ALTER TABLE `tbl_mg_lugar` ENABLE KEYS */;
UNLOCK TABLES;

--
-- Table structure for table `tbl_mg_monta`
--

DROP TABLE IF EXISTS `tbl_mg_monta`;
/*!40101 SET @saved_cs_client     = @@character_set_client */;
/*!40101 SET character_set_client = utf8 */;
CREATE TABLE `tbl_mg_monta` (
  `COD_MONTA` bigint(20) NOT NULL AUTO_INCREMENT COMMENT 'CÓDIGO DE MONTA DEL TORO',
  `COD_REGISTRO_GANADO` bigint(20) NOT NULL COMMENT 'CÓDIGO DE REGISTRO GANADO',
  `FEC_MONTA` date NOT NULL COMMENT 'FECHA EN QUE EL TORO MONTO A LA VACA',
  `RAZ_TORO_MONTA` varchar(25) COLLATE utf8_spanish_ci NOT NULL COMMENT 'RAZA DEL TORO QUE LA MONTÓ',
  `IND_FECUNDACION` enum('FECUNDÓ','NO FECUNDÓ','EN PROCESO') COLLATE utf8_spanish_ci DEFAULT 'EN PROCESO' COMMENT 'ESTADO DE LA MONTA SI FECUNDÓ O NO',
  PRIMARY KEY (`COD_MONTA`),
  KEY `FK_MONTA_GANADO` (`COD_REGISTRO_GANADO`),
  CONSTRAINT `FK_MONTA_GANADO` FOREIGN KEY (`COD_REGISTRO_GANADO`) REFERENCES `tbl_mg_ganado` (`COD_REGISTRO_GANADO`)
) ENGINE=InnoDB AUTO_INCREMENT=5 DEFAULT CHARSET=utf8 COLLATE=utf8_spanish_ci;
/*!40101 SET character_set_client = @saved_cs_client */;

--
-- Dumping data for table `tbl_mg_monta`
--

LOCK TABLES `tbl_mg_monta` WRITE;
/*!40000 ALTER TABLE `tbl_mg_monta` DISABLE KEYS */;
INSERT INTO `tbl_mg_monta` VALUES (1,7,'2022-04-02','HOLTING','FECUNDÓ'),(2,11,'2022-04-04','HOLTING','FECUNDÓ'),(3,9,'2022-04-06','HOLTING','FECUNDÓ'),(4,35,'2022-04-07','HÍBRIDA','FECUNDÓ');
/*!40000 ALTER TABLE `tbl_mg_monta` ENABLE KEYS */;
UNLOCK TABLES;

--
-- Table structure for table `tbl_mg_nacimiento_embrion`
--

DROP TABLE IF EXISTS `tbl_mg_nacimiento_embrion`;
/*!40101 SET @saved_cs_client     = @@character_set_client */;
/*!40101 SET character_set_client = utf8 */;
CREATE TABLE `tbl_mg_nacimiento_embrion` (
  `COD_NACIMIENTO_EMBRION` bigint(20) NOT NULL AUTO_INCREMENT COMMENT 'CÓDIGO DEL NACIMIENTO DEL GANADO ',
  `COD_REGISTRO_GANADO` bigint(20) NOT NULL COMMENT 'CÓDIGO EN QUE SE REGISTRO EL GANADO',
  `COD_PRENADA_EMBRION` bigint(20) NOT NULL COMMENT 'CÓDIGO DE LA VACA PREÃ‘ADA',
  `FEC_NACIMIENTO` date NOT NULL COMMENT 'FECHA DE NACIMIENTO DEL GANADO',
  `FEC_REGISTRO` date NOT NULL COMMENT 'FECHA EN LA QUE SE REALIZO EL REGISTRO DE NACIMIENTO',
  PRIMARY KEY (`COD_NACIMIENTO_EMBRION`),
  KEY `FK_NACIMIENTO_PRENADA_EMBRION` (`COD_PRENADA_EMBRION`),
  KEY `FK_NACIMIENTO_EMB_GANADO` (`COD_REGISTRO_GANADO`),
  CONSTRAINT `FK_NACIMIENTO_EMB_GANADO` FOREIGN KEY (`COD_REGISTRO_GANADO`) REFERENCES `tbl_mg_ganado` (`COD_REGISTRO_GANADO`),
  CONSTRAINT `FK_NACIMIENTO_PRENADA_EMBRION` FOREIGN KEY (`COD_PRENADA_EMBRION`) REFERENCES `tbl_mg_prenada_embrion` (`COD_PRENADA_EMBRION`)
) ENGINE=InnoDB AUTO_INCREMENT=5 DEFAULT CHARSET=utf8 COLLATE=utf8_spanish_ci;
/*!40101 SET character_set_client = @saved_cs_client */;

--
-- Dumping data for table `tbl_mg_nacimiento_embrion`
--

LOCK TABLES `tbl_mg_nacimiento_embrion` WRITE;
/*!40000 ALTER TABLE `tbl_mg_nacimiento_embrion` DISABLE KEYS */;
INSERT INTO `tbl_mg_nacimiento_embrion` VALUES (1,5,1,'2022-04-02','2022-04-02'),(2,33,4,'2022-04-06','2022-04-06'),(3,37,5,'2022-04-07','2022-04-07'),(4,39,2,'2022-04-06','2022-04-07');
/*!40000 ALTER TABLE `tbl_mg_nacimiento_embrion` ENABLE KEYS */;
UNLOCK TABLES;

--
-- Table structure for table `tbl_mg_nacimiento_esperma`
--

DROP TABLE IF EXISTS `tbl_mg_nacimiento_esperma`;
/*!40101 SET @saved_cs_client     = @@character_set_client */;
/*!40101 SET character_set_client = utf8 */;
CREATE TABLE `tbl_mg_nacimiento_esperma` (
  `COD_NACIMIENTO_ESPERMA` bigint(20) NOT NULL AUTO_INCREMENT COMMENT 'CÓDIGO DEL NACIMIENTO DEL GANADO ',
  `COD_REGISTRO_GANADO` bigint(20) NOT NULL COMMENT 'CÓDIGO EN QUE SE REGISTRO EL GANADO',
  `COD_PRENADA_ESPERMA` bigint(20) NOT NULL COMMENT 'CÓDIGO DE LA VACA PREÃ‘ADA',
  `FEC_NACIMIENTO` date NOT NULL COMMENT 'FECHA DE NACIMIENTO DEL GANADO',
  `FEC_REGISTRO` date NOT NULL COMMENT 'FECHA EN LA QUE SE REALIZO EL REGISTRO DE NACIMIENTO',
  PRIMARY KEY (`COD_NACIMIENTO_ESPERMA`),
  KEY `FK_NACIMIENTO_PRENADA_ESPERMA` (`COD_PRENADA_ESPERMA`),
  KEY `FK_NACIMIENTO_ESP_GANADO` (`COD_REGISTRO_GANADO`),
  CONSTRAINT `FK_NACIMIENTO_ESP_GANADO` FOREIGN KEY (`COD_REGISTRO_GANADO`) REFERENCES `tbl_mg_ganado` (`COD_REGISTRO_GANADO`),
  CONSTRAINT `FK_NACIMIENTO_PRENADA_ESPERMA` FOREIGN KEY (`COD_PRENADA_ESPERMA`) REFERENCES `tbl_mg_prenada_esperma` (`COD_PRENADA_ESPERMA`)
) ENGINE=InnoDB AUTO_INCREMENT=3 DEFAULT CHARSET=utf8 COLLATE=utf8_spanish_ci;
/*!40101 SET character_set_client = @saved_cs_client */;

--
-- Dumping data for table `tbl_mg_nacimiento_esperma`
--

LOCK TABLES `tbl_mg_nacimiento_esperma` WRITE;
/*!40000 ALTER TABLE `tbl_mg_nacimiento_esperma` DISABLE KEYS */;
INSERT INTO `tbl_mg_nacimiento_esperma` VALUES (1,6,1,'2022-04-02','2022-04-02'),(2,40,2,'2022-04-07','2022-04-07');
/*!40000 ALTER TABLE `tbl_mg_nacimiento_esperma` ENABLE KEYS */;
UNLOCK TABLES;

--
-- Table structure for table `tbl_mg_nacimiento_monta`
--

DROP TABLE IF EXISTS `tbl_mg_nacimiento_monta`;
/*!40101 SET @saved_cs_client     = @@character_set_client */;
/*!40101 SET character_set_client = utf8 */;
CREATE TABLE `tbl_mg_nacimiento_monta` (
  `COD_NACIMIENTO_MONTA` bigint(20) NOT NULL AUTO_INCREMENT COMMENT 'CÓDIGO DEL NACIMIENTO DEL GANADO ',
  `COD_REGISTRO_GANADO` bigint(20) NOT NULL COMMENT 'CÓDIGO EN QUE SE REGISTRO EL GANADO',
  `COD_PRENADA_MONTA` bigint(20) NOT NULL COMMENT 'CÓDIGO DE LA VACA PREÃ‘ADA',
  `FEC_NACIMIENTO` date NOT NULL COMMENT 'FECHA DE NACIMIENTO DEL GANADO',
  `FEC_REGISTRO` date NOT NULL COMMENT 'FECHA EN LA QUE SE REALIZO EL REGISTRO DE NACIMIENTO',
  PRIMARY KEY (`COD_NACIMIENTO_MONTA`),
  KEY `FK_NACIMIENTO_PRENADA_MONTA` (`COD_PRENADA_MONTA`),
  KEY `FK_NACIMIENTO_MONTA_GANADO` (`COD_REGISTRO_GANADO`),
  CONSTRAINT `FK_NACIMIENTO_MONTA_GANADO` FOREIGN KEY (`COD_REGISTRO_GANADO`) REFERENCES `tbl_mg_ganado` (`COD_REGISTRO_GANADO`),
  CONSTRAINT `FK_NACIMIENTO_PRENADA_MONTA` FOREIGN KEY (`COD_PRENADA_MONTA`) REFERENCES `tbl_mg_prenada_monta` (`COD_PRENADA_MONTA`)
) ENGINE=InnoDB AUTO_INCREMENT=4 DEFAULT CHARSET=utf8 COLLATE=utf8_spanish_ci;
/*!40101 SET character_set_client = @saved_cs_client */;

--
-- Dumping data for table `tbl_mg_nacimiento_monta`
--

LOCK TABLES `tbl_mg_nacimiento_monta` WRITE;
/*!40000 ALTER TABLE `tbl_mg_nacimiento_monta` DISABLE KEYS */;
INSERT INTO `tbl_mg_nacimiento_monta` VALUES (1,34,2,'2022-04-06','2022-04-06'),(2,38,4,'2022-04-07','2022-04-07'),(3,41,3,'2022-04-07','2022-04-07');
/*!40000 ALTER TABLE `tbl_mg_nacimiento_monta` ENABLE KEYS */;
UNLOCK TABLES;

--
-- Table structure for table `tbl_mg_parida_embrion`
--

DROP TABLE IF EXISTS `tbl_mg_parida_embrion`;
/*!40101 SET @saved_cs_client     = @@character_set_client */;
/*!40101 SET character_set_client = utf8 */;
CREATE TABLE `tbl_mg_parida_embrion` (
  `COD_PARIDA_EMBRION` bigint(20) NOT NULL AUTO_INCREMENT COMMENT 'CÓDIGO DE LA VACA PARIDA',
  `COD_PRENADA_EMBRION` bigint(20) NOT NULL COMMENT 'CÓDIGO DE LA VACA PREÃ‘ADA',
  `COD_NACIMIENTO_EMBRION` bigint(20) NOT NULL COMMENT 'CÓDIGO DEL NACIMIENTO DEL GANADO',
  `FEC_REGISTRO` date NOT NULL COMMENT 'FECHA EN LA QUE SE REALIZO EL REGISTRO DEL PARTO',
  PRIMARY KEY (`COD_PARIDA_EMBRION`),
  KEY `FK_PARIDA_NACIMIENTO_EMBRION` (`COD_NACIMIENTO_EMBRION`),
  KEY `FK_PARIDA_PRENADA_EMBRION` (`COD_PRENADA_EMBRION`),
  CONSTRAINT `FK_PARIDA_NACIMIENTO_EMBRION` FOREIGN KEY (`COD_NACIMIENTO_EMBRION`) REFERENCES `tbl_mg_nacimiento_embrion` (`COD_NACIMIENTO_EMBRION`),
  CONSTRAINT `FK_PARIDA_PRENADA_EMBRION` FOREIGN KEY (`COD_PRENADA_EMBRION`) REFERENCES `tbl_mg_prenada_embrion` (`COD_PRENADA_EMBRION`)
) ENGINE=InnoDB AUTO_INCREMENT=5 DEFAULT CHARSET=utf8 COLLATE=utf8_spanish_ci;
/*!40101 SET character_set_client = @saved_cs_client */;

--
-- Dumping data for table `tbl_mg_parida_embrion`
--

LOCK TABLES `tbl_mg_parida_embrion` WRITE;
/*!40000 ALTER TABLE `tbl_mg_parida_embrion` DISABLE KEYS */;
INSERT INTO `tbl_mg_parida_embrion` VALUES (1,1,1,'2022-04-02'),(2,4,2,'2022-04-06'),(3,5,3,'2022-04-07'),(4,2,4,'2022-04-07');
/*!40000 ALTER TABLE `tbl_mg_parida_embrion` ENABLE KEYS */;
UNLOCK TABLES;

--
-- Table structure for table `tbl_mg_parida_esperma`
--

DROP TABLE IF EXISTS `tbl_mg_parida_esperma`;
/*!40101 SET @saved_cs_client     = @@character_set_client */;
/*!40101 SET character_set_client = utf8 */;
CREATE TABLE `tbl_mg_parida_esperma` (
  `COD_PARIDA_ESPERMA` bigint(20) NOT NULL AUTO_INCREMENT COMMENT 'CÓDIGO DE LA VACA PARIDA',
  `COD_PRENADA_ESPERMA` bigint(20) NOT NULL COMMENT 'CÓDIGO DE LA VACA PREÃ‘ADA',
  `COD_NACIMIENTO_ESPERMA` bigint(20) NOT NULL COMMENT 'CÓDIGO DEL NACIMIENTO DEL GANADO',
  `FEC_REGISTRO` date NOT NULL COMMENT 'FECHA EN LA QUE SE REALIZO EL REGISTRO DEL PARTO',
  PRIMARY KEY (`COD_PARIDA_ESPERMA`),
  KEY `FK_PARIDA_NACIMIENTO_ESPERMA` (`COD_NACIMIENTO_ESPERMA`),
  KEY `FK_PARIDA_PRENADA_ESPERMA` (`COD_PRENADA_ESPERMA`),
  CONSTRAINT `FK_PARIDA_NACIMIENTO_ESPERMA` FOREIGN KEY (`COD_NACIMIENTO_ESPERMA`) REFERENCES `tbl_mg_nacimiento_esperma` (`COD_NACIMIENTO_ESPERMA`),
  CONSTRAINT `FK_PARIDA_PRENADA_ESPERMA` FOREIGN KEY (`COD_PRENADA_ESPERMA`) REFERENCES `tbl_mg_prenada_esperma` (`COD_PRENADA_ESPERMA`)
) ENGINE=InnoDB AUTO_INCREMENT=3 DEFAULT CHARSET=utf8 COLLATE=utf8_spanish_ci;
/*!40101 SET character_set_client = @saved_cs_client */;

--
-- Dumping data for table `tbl_mg_parida_esperma`
--

LOCK TABLES `tbl_mg_parida_esperma` WRITE;
/*!40000 ALTER TABLE `tbl_mg_parida_esperma` DISABLE KEYS */;
INSERT INTO `tbl_mg_parida_esperma` VALUES (1,1,1,'2022-04-02'),(2,2,2,'2022-04-07');
/*!40000 ALTER TABLE `tbl_mg_parida_esperma` ENABLE KEYS */;
UNLOCK TABLES;

--
-- Table structure for table `tbl_mg_parida_monta`
--

DROP TABLE IF EXISTS `tbl_mg_parida_monta`;
/*!40101 SET @saved_cs_client     = @@character_set_client */;
/*!40101 SET character_set_client = utf8 */;
CREATE TABLE `tbl_mg_parida_monta` (
  `COD_PARIDA_MONTA` bigint(20) NOT NULL AUTO_INCREMENT COMMENT 'CÓDIGO DE LA VACA PARIDA',
  `COD_PRENADA_MONTA` bigint(20) NOT NULL COMMENT 'CÓDIGO DE LA VACA PREÃ‘ADA',
  `COD_NACIMIENTO_MONTA` bigint(20) NOT NULL COMMENT 'CÓDIGO DEL NACIMIENTO DEL GANADO',
  `FEC_REGISTRO` date NOT NULL COMMENT 'FECHA EN LA QUE SE REALIZO EL REGISTRO DEL PARTO',
  PRIMARY KEY (`COD_PARIDA_MONTA`),
  KEY `FK_PARIDA_NACIMIENTO_MONTA` (`COD_NACIMIENTO_MONTA`),
  KEY `FK_PARIDA_PRENADA_MONTA` (`COD_PRENADA_MONTA`),
  CONSTRAINT `FK_PARIDA_NACIMIENTO_MONTA` FOREIGN KEY (`COD_NACIMIENTO_MONTA`) REFERENCES `tbl_mg_nacimiento_monta` (`COD_NACIMIENTO_MONTA`),
  CONSTRAINT `FK_PARIDA_PRENADA_MONTA` FOREIGN KEY (`COD_PRENADA_MONTA`) REFERENCES `tbl_mg_prenada_monta` (`COD_PRENADA_MONTA`)
) ENGINE=InnoDB AUTO_INCREMENT=4 DEFAULT CHARSET=utf8 COLLATE=utf8_spanish_ci;
/*!40101 SET character_set_client = @saved_cs_client */;

--
-- Dumping data for table `tbl_mg_parida_monta`
--

LOCK TABLES `tbl_mg_parida_monta` WRITE;
/*!40000 ALTER TABLE `tbl_mg_parida_monta` DISABLE KEYS */;
INSERT INTO `tbl_mg_parida_monta` VALUES (1,2,1,'2022-04-06'),(2,4,2,'2022-04-07'),(3,3,3,'2022-04-07');
/*!40000 ALTER TABLE `tbl_mg_parida_monta` ENABLE KEYS */;
UNLOCK TABLES;

--
-- Table structure for table `tbl_mg_prenada_embrion`
--

DROP TABLE IF EXISTS `tbl_mg_prenada_embrion`;
/*!40101 SET @saved_cs_client     = @@character_set_client */;
/*!40101 SET character_set_client = utf8 */;
CREATE TABLE `tbl_mg_prenada_embrion` (
  `COD_PRENADA_EMBRION` bigint(20) NOT NULL AUTO_INCREMENT COMMENT 'CÓDIGO DE LA VACA PREÃ‘ADA',
  `COD_TRANS_EMBRION` bigint(20) DEFAULT NULL COMMENT 'CÓDIGO DE TRANSFERENCIA DE EMBRIÓN',
  `FEC_PARIO` date DEFAULT NULL COMMENT 'FECHA DE PARTO',
  `OBS_VACAP` varchar(100) COLLATE utf8_spanish_ci DEFAULT NULL COMMENT 'OBSERVACIONES DEL CONTROL DEL PARTO',
  `IND_PRENADA` enum('ABORTÓ','NO ABORTÓ') COLLATE utf8_spanish_ci DEFAULT NULL COMMENT 'ESTADO  DEL GANADO',
  `FEC_REGISTRO` date NOT NULL COMMENT 'FECHA EN LA QUE SE REALIZO EL REGISTRO DEL PARTO',
  PRIMARY KEY (`COD_PRENADA_EMBRION`),
  KEY `FK_PRENADA_TRANS_EMBRION` (`COD_TRANS_EMBRION`),
  CONSTRAINT `FK_PRENADA_TRANS_EMBRION` FOREIGN KEY (`COD_TRANS_EMBRION`) REFERENCES `tbl_mg_trans_embrion` (`COD_TRANS_EMBRION`)
) ENGINE=InnoDB AUTO_INCREMENT=7 DEFAULT CHARSET=utf8 COLLATE=utf8_spanish_ci;
/*!40101 SET character_set_client = @saved_cs_client */;

--
-- Dumping data for table `tbl_mg_prenada_embrion`
--

LOCK TABLES `tbl_mg_prenada_embrion` WRITE;
/*!40000 ALTER TABLE `tbl_mg_prenada_embrion` DISABLE KEYS */;
INSERT INTO `tbl_mg_prenada_embrion` VALUES (1,1,'2022-04-02','Parió bien','NO ABORTÓ','2022-04-02'),(2,2,'2022-04-04','Ternero good','NO ABORTÓ','2022-04-04'),(3,1,NULL,NULL,NULL,'2022-04-06'),(4,4,'2022-04-06','Una mamá Feliz','NO ABORTÓ','2022-04-06'),(5,3,'2022-04-07','Mon happy','NO ABORTÓ','2022-04-07'),(6,5,'2022-04-08','GOOD','NO ABORTÓ','2022-04-08');
/*!40000 ALTER TABLE `tbl_mg_prenada_embrion` ENABLE KEYS */;
UNLOCK TABLES;

--
-- Table structure for table `tbl_mg_prenada_esperma`
--

DROP TABLE IF EXISTS `tbl_mg_prenada_esperma`;
/*!40101 SET @saved_cs_client     = @@character_set_client */;
/*!40101 SET character_set_client = utf8 */;
CREATE TABLE `tbl_mg_prenada_esperma` (
  `COD_PRENADA_ESPERMA` bigint(20) NOT NULL AUTO_INCREMENT COMMENT 'CÓDIGO DE LA VACA PREÃ‘ADA',
  `COD_TRANS_ESPERMA` bigint(20) DEFAULT NULL COMMENT 'CÓDIGO DE LA COMPRA DE UN PRODUCTO',
  `FEC_PARIO` date DEFAULT NULL COMMENT 'FECHA DE PARTO',
  `OBS_VACAP` varchar(100) COLLATE utf8_spanish_ci DEFAULT NULL COMMENT 'OBSERVACIONES DEL CONTROL DEL PARTO',
  `IND_PRENADA` enum('ABORTÓ','NO ABORTÓ') COLLATE utf8_spanish_ci DEFAULT NULL COMMENT 'ESTADO  DEL GANADO',
  `FEC_REGISTRO` date NOT NULL COMMENT 'FECHA EN LA QUE SE REALIZO EL REGISTRO DEL PARTO',
  PRIMARY KEY (`COD_PRENADA_ESPERMA`),
  KEY `FK_PRENADA_TRANS_ESPERMA` (`COD_TRANS_ESPERMA`),
  CONSTRAINT `FK_PRENADA_TRANS_ESPERMA` FOREIGN KEY (`COD_TRANS_ESPERMA`) REFERENCES `tbl_mg_trans_esperma` (`COD_TRANS_ESPERMA`)
) ENGINE=InnoDB AUTO_INCREMENT=3 DEFAULT CHARSET=utf8 COLLATE=utf8_spanish_ci;
/*!40101 SET character_set_client = @saved_cs_client */;

--
-- Dumping data for table `tbl_mg_prenada_esperma`
--

LOCK TABLES `tbl_mg_prenada_esperma` WRITE;
/*!40000 ALTER TABLE `tbl_mg_prenada_esperma` DISABLE KEYS */;
INSERT INTO `tbl_mg_prenada_esperma` VALUES (1,1,'2022-04-02','Ternero en excelentes condiciones','NO ABORTÓ','2022-04-02'),(2,2,'2022-04-07','Ternero en excelendentes condiciones','NO ABORTÓ','2022-04-06');
/*!40000 ALTER TABLE `tbl_mg_prenada_esperma` ENABLE KEYS */;
UNLOCK TABLES;

--
-- Table structure for table `tbl_mg_prenada_monta`
--

DROP TABLE IF EXISTS `tbl_mg_prenada_monta`;
/*!40101 SET @saved_cs_client     = @@character_set_client */;
/*!40101 SET character_set_client = utf8 */;
CREATE TABLE `tbl_mg_prenada_monta` (
  `COD_PRENADA_MONTA` bigint(20) NOT NULL AUTO_INCREMENT COMMENT 'CÓDIGO DE LA VACA PREÃ‘ADA POR ESPERMA',
  `COD_MONTA` bigint(20) DEFAULT NULL COMMENT 'CÓDIGO DE MONTA DEL TORO',
  `FEC_PARIO` date DEFAULT NULL COMMENT 'FECHA DE PARTO',
  `OBS_VACAP` varchar(100) COLLATE utf8_spanish_ci DEFAULT NULL COMMENT 'OBSERVACIONES DEL CONTROL DEL PARTO',
  `IND_PRENADA` enum('ABORTÓ','NO ABORTÓ') COLLATE utf8_spanish_ci DEFAULT NULL COMMENT 'ESTADO  DEL GANADO',
  `FEC_REGISTRO` date NOT NULL COMMENT 'FECHA EN LA QUE SE REALIZO EL REGISTRO DEL PARTO',
  PRIMARY KEY (`COD_PRENADA_MONTA`),
  KEY `FK_PRENADA_MONTA` (`COD_MONTA`),
  CONSTRAINT `FK_PRENADA_MONTA` FOREIGN KEY (`COD_MONTA`) REFERENCES `tbl_mg_monta` (`COD_MONTA`)
) ENGINE=InnoDB AUTO_INCREMENT=5 DEFAULT CHARSET=utf8 COLLATE=utf8_spanish_ci;
/*!40101 SET character_set_client = @saved_cs_client */;

--
-- Dumping data for table `tbl_mg_prenada_monta`
--

LOCK TABLES `tbl_mg_prenada_monta` WRITE;
/*!40000 ALTER TABLE `tbl_mg_prenada_monta` DISABLE KEYS */;
INSERT INTO `tbl_mg_prenada_monta` VALUES (1,1,'2022-04-02','Ternero good','NO ABORTÓ','2022-04-02'),(2,2,'2022-04-06','Mamá feliz','NO ABORTÓ','2022-04-04'),(3,3,'2022-04-07','Parto con éxito','NO ABORTÓ','2022-04-06'),(4,4,'2022-04-07','Ternero en excelentes condiciones','NO ABORTÓ','2022-04-07');
/*!40000 ALTER TABLE `tbl_mg_prenada_monta` ENABLE KEYS */;
UNLOCK TABLES;

--
-- Table structure for table `tbl_mg_raza`
--

DROP TABLE IF EXISTS `tbl_mg_raza`;
/*!40101 SET @saved_cs_client     = @@character_set_client */;
/*!40101 SET character_set_client = utf8 */;
CREATE TABLE `tbl_mg_raza` (
  `COD_RAZA` bigint(20) NOT NULL AUTO_INCREMENT COMMENT 'CÓDIGO DD LA RAZA',
  `NOM_RAZA` varchar(50) COLLATE utf8_spanish_ci NOT NULL COMMENT 'NOMBRE DE LA RAZA',
  `DET_RAZA` varchar(100) COLLATE utf8_spanish_ci DEFAULT NULL COMMENT 'DETALLE DE LA RAZA',
  `IND_RAZA` enum('ACTIVO','INACTIVO') COLLATE utf8_spanish_ci DEFAULT 'ACTIVO',
  `updated_at` datetime DEFAULT NULL,
  `created_at` datetime DEFAULT NULL,
  `Creado_Por` bigint(20) unsigned DEFAULT NULL,
  `Actualizado_Por` bigint(20) unsigned DEFAULT NULL,
  PRIMARY KEY (`COD_RAZA`),
  KEY `raza_usuariocrear` (`Creado_Por`),
  KEY `razas_usuarioactualizar` (`Actualizado_Por`),
  CONSTRAINT `raza_usuariocrear` FOREIGN KEY (`Creado_Por`) REFERENCES `users` (`id`),
  CONSTRAINT `razas_usuarioactualizar` FOREIGN KEY (`Actualizado_Por`) REFERENCES `users` (`id`)
) ENGINE=InnoDB AUTO_INCREMENT=6 DEFAULT CHARSET=utf8 COLLATE=utf8_spanish_ci;
/*!40101 SET character_set_client = @saved_cs_client */;

--
-- Dumping data for table `tbl_mg_raza`
--

LOCK TABLES `tbl_mg_raza` WRITE;
/*!40000 ALTER TABLE `tbl_mg_raza` DISABLE KEYS */;
INSERT INTO `tbl_mg_raza` VALUES (1,'HOLTING','Es manchada.','ACTIVO','2022-04-11 12:30:49','2022-04-01 10:27:27',NULL,2),(2,'HÍBRIDA','Es producto de la inseminación artificial','ACTIVO','2022-04-02 00:00:00','2022-04-02 10:27:27',NULL,NULL),(3,'GHR','Es local','ACTIVO','2022-04-02 00:00:00','2022-04-02 10:27:27',NULL,NULL),(4,'ANGUS','Consumo de carne','ACTIVO','2022-04-08 00:00:00','2022-04-08 10:27:27',12,NULL),(5,'AZUL BELGA','Más musculosa.','ACTIVO','2022-04-11 12:28:18','2022-04-11 12:18:30',2,2);
/*!40000 ALTER TABLE `tbl_mg_raza` ENABLE KEYS */;
UNLOCK TABLES;

--
-- Table structure for table `tbl_mg_trans_embrion`
--

DROP TABLE IF EXISTS `tbl_mg_trans_embrion`;
/*!40101 SET @saved_cs_client     = @@character_set_client */;
/*!40101 SET character_set_client = utf8 */;
CREATE TABLE `tbl_mg_trans_embrion` (
  `COD_TRANS_EMBRION` bigint(20) NOT NULL AUTO_INCREMENT COMMENT 'CÓDIGO DE TRANSFERENCIA DE EMBRIÓN',
  `COD_EMBRION` bigint(20) NOT NULL COMMENT 'CÓDIGO DEL EMBRIÓN',
  `COD_REGISTRO_GANADO` bigint(20) NOT NULL COMMENT 'CÓDIGO DE REGISTRO DE GANADO',
  `IND_FECUNDACION` enum('FECUNDÓ','NO FECUNDÓ','EN PROCESO') COLLATE utf8_spanish_ci DEFAULT 'EN PROCESO' COMMENT 'ESTADO DE LA TRANSFERENCIA EMBRION SI FECUNDÓ O NO',
  `FEC_REGISTRO` date DEFAULT NULL COMMENT 'FECHA EN LA QUE SE REALIZO EL REGISTRO DEL CONTROL DE EMBRIÓN',
  PRIMARY KEY (`COD_TRANS_EMBRION`),
  KEY `FK_TRANS_EMBRION` (`COD_EMBRION`),
  KEY `FK_EMBRION_GANADO` (`COD_REGISTRO_GANADO`),
  CONSTRAINT `FK_EMBRION_GANADO` FOREIGN KEY (`COD_REGISTRO_GANADO`) REFERENCES `tbl_mg_ganado` (`COD_REGISTRO_GANADO`),
  CONSTRAINT `FK_TRANS_EMBRION` FOREIGN KEY (`COD_EMBRION`) REFERENCES `tbl_mg_embrion` (`COD_EMBRION`)
) ENGINE=InnoDB AUTO_INCREMENT=6 DEFAULT CHARSET=utf8 COLLATE=utf8_spanish_ci;
/*!40101 SET character_set_client = @saved_cs_client */;

--
-- Dumping data for table `tbl_mg_trans_embrion`
--

LOCK TABLES `tbl_mg_trans_embrion` WRITE;
/*!40000 ALTER TABLE `tbl_mg_trans_embrion` DISABLE KEYS */;
INSERT INTO `tbl_mg_trans_embrion` VALUES (1,1,3,'FECUNDÓ','2022-04-02'),(2,2,10,'FECUNDÓ','2022-04-04'),(3,4,29,'FECUNDÓ','2022-04-06'),(4,3,4,'FECUNDÓ','2022-04-06'),(5,5,36,'FECUNDÓ','2022-04-08');
/*!40000 ALTER TABLE `tbl_mg_trans_embrion` ENABLE KEYS */;
UNLOCK TABLES;

--
-- Table structure for table `tbl_mg_trans_esperma`
--

DROP TABLE IF EXISTS `tbl_mg_trans_esperma`;
/*!40101 SET @saved_cs_client     = @@character_set_client */;
/*!40101 SET character_set_client = utf8 */;
CREATE TABLE `tbl_mg_trans_esperma` (
  `COD_TRANS_ESPERMA` bigint(20) NOT NULL AUTO_INCREMENT COMMENT 'CÓDIGO DE TRANSFERENCIA DEL ESPERMA',
  `COD_ESPERMA` bigint(20) NOT NULL COMMENT 'CÓDIGO DEL ESPERMA',
  `COD_REGISTRO_GANADO` bigint(20) NOT NULL COMMENT 'CÓDIGO DE REGISTRO DE GANADO',
  `OBS_TRANS_ESPERMA` varchar(100) COLLATE utf8_spanish_ci DEFAULT NULL COMMENT 'OBSERVACIONES DEL ESPERMA COMPRADO',
  `IND_FECUNDACION` enum('FECUNDÓ','NO FECUNDÓ','EN PROCESO') COLLATE utf8_spanish_ci DEFAULT 'EN PROCESO' COMMENT 'ESTADO DE LA TRANSFERENCIA ESPERMA SI FECUNDÓ O NO',
  `FEC_REGISTRO` date NOT NULL COMMENT 'FECHA DE REGISTRO',
  PRIMARY KEY (`COD_TRANS_ESPERMA`),
  KEY `FK_TRANS_ESPERMA` (`COD_ESPERMA`),
  KEY `FK_TRANS_GANADO` (`COD_REGISTRO_GANADO`),
  CONSTRAINT `FK_TRANS_ESPERMA` FOREIGN KEY (`COD_ESPERMA`) REFERENCES `tbl_mg_esperma` (`COD_ESPERMA`),
  CONSTRAINT `FK_TRANS_GANADO` FOREIGN KEY (`COD_REGISTRO_GANADO`) REFERENCES `tbl_mg_ganado` (`COD_REGISTRO_GANADO`)
) ENGINE=InnoDB AUTO_INCREMENT=3 DEFAULT CHARSET=utf8 COLLATE=utf8_spanish_ci;
/*!40101 SET character_set_client = @saved_cs_client */;

--
-- Dumping data for table `tbl_mg_trans_esperma`
--

LOCK TABLES `tbl_mg_trans_esperma` WRITE;
/*!40000 ALTER TABLE `tbl_mg_trans_esperma` DISABLE KEYS */;
INSERT INTO `tbl_mg_trans_esperma` VALUES (1,1,1,NULL,'FECUNDÓ','2022-04-02'),(2,10,31,NULL,'FECUNDÓ','2022-04-06');
/*!40000 ALTER TABLE `tbl_mg_trans_esperma` ENABLE KEYS */;
UNLOCK TABLES;

--
-- Table structure for table `tbl_mi_ordent`
--

DROP TABLE IF EXISTS `tbl_mi_ordent`;
/*!40101 SET @saved_cs_client     = @@character_set_client */;
/*!40101 SET character_set_client = utf8 */;
CREATE TABLE `tbl_mi_ordent` (
  `COD_ORDENT` bigint(20) NOT NULL AUTO_INCREMENT COMMENT 'CODIGO DEL ORDEN DE TRABAJO',
  `COD_MEDICAMENTO` bigint(20) NOT NULL COMMENT 'CÓDIGO DEL INVENTARIO',
  `CAN_MEDICAMENTO` int(11) NOT NULL COMMENT 'CANTIDAD DEL MEDICAMENTO',
  `FEC_REGISTRO` date NOT NULL COMMENT 'FECHA EN LA QUE SE REALIZO EL REGISTRO DE LA ORDEN DE TRABAJO',
  PRIMARY KEY (`COD_ORDENT`),
  KEY `FK_ORDENT_INVENARIO` (`COD_MEDICAMENTO`),
  CONSTRAINT `FK_ORDENT_INVENARIO` FOREIGN KEY (`COD_MEDICAMENTO`) REFERENCES `tbl_pr_medicamento` (`COD_MEDICAMENTO`)
) ENGINE=InnoDB AUTO_INCREMENT=5 DEFAULT CHARSET=utf8 COLLATE=utf8_spanish_ci;
/*!40101 SET character_set_client = @saved_cs_client */;

--
-- Dumping data for table `tbl_mi_ordent`
--

LOCK TABLES `tbl_mi_ordent` WRITE;
/*!40000 ALTER TABLE `tbl_mi_ordent` DISABLE KEYS */;
INSERT INTO `tbl_mi_ordent` VALUES (1,1,10,'2022-04-04'),(2,2,75,'2022-04-07'),(3,1,10,'2022-04-09'),(4,3,10,'2022-04-09');
/*!40000 ALTER TABLE `tbl_mi_ordent` ENABLE KEYS */;
UNLOCK TABLES;

--
-- Table structure for table `tbl_mp_clientes`
--

DROP TABLE IF EXISTS `tbl_mp_clientes`;
/*!40101 SET @saved_cs_client     = @@character_set_client */;
/*!40101 SET character_set_client = utf8 */;
CREATE TABLE `tbl_mp_clientes` (
  `COD_CLIENTE` bigint(20) NOT NULL AUTO_INCREMENT COMMENT 'CÓDIGO DE LA CLIENTE',
  `PRI_NOMBRE` varchar(50) COLLATE utf8_spanish_ci NOT NULL COMMENT 'PRIMER  NOMBRE',
  `PRI_APELLIDO` varchar(50) COLLATE utf8_spanish_ci NOT NULL COMMENT 'PRIMER APELLIDO',
  `ID_CLIENTE` varchar(55) COLLATE utf8_spanish_ci NOT NULL COMMENT 'DNI DEL CLIENTE, PUEDE SER EL PASAPORTE O DNI NACIONAL',
  `SEX_CLIENTE` enum('M','F') COLLATE utf8_spanish_ci DEFAULT NULL COMMENT 'SEXO DEL CLIENTE',
  `FEC_NACIMIENTO` date DEFAULT NULL COMMENT 'FECHA DE NACIEMIENTO DEL CLIENTE',
  `DET_DIRECCION` varchar(200) COLLATE utf8_spanish_ci DEFAULT NULL COMMENT 'NOMBRE DEL DEPARTAMENTO DE RESIDENCIA',
  `FEC_REGISTRO` date NOT NULL COMMENT 'FECHA EN LA QUE SE REALIZO EL REGISTRO DEL CLIENTE',
  `IND_COMERCIAL` enum('ACTIVO','INACTIVO') COLLATE utf8_spanish_ci DEFAULT 'ACTIVO',
  PRIMARY KEY (`COD_CLIENTE`),
  UNIQUE KEY `ID_CLIENTE` (`ID_CLIENTE`)
) ENGINE=InnoDB AUTO_INCREMENT=5 DEFAULT CHARSET=utf8 COLLATE=utf8_spanish_ci;
/*!40101 SET character_set_client = @saved_cs_client */;

--
-- Dumping data for table `tbl_mp_clientes`
--

LOCK TABLES `tbl_mp_clientes` WRITE;
/*!40000 ALTER TABLE `tbl_mp_clientes` DISABLE KEYS */;
INSERT INTO `tbl_mp_clientes` VALUES (1,'Lucas Felipe','Perez Ramos','0801197512345','M','1975-04-20','Colón','2022-04-02','ACTIVO'),(2,'Nancy Gicela','Lopez','0801199956231','F','1999-03-05','Santa Barbara','2022-04-02','ACTIVO'),(3,'Marlon Noel','Alvarado','0802200015623','M','2000-04-26','Tegus','2022-04-02','ACTIVO'),(4,'Josué Ramos','Cerrato Cruz','0802200012345','M','2000-04-26','Alubarén','2022-04-05','INACTIVO');
/*!40000 ALTER TABLE `tbl_mp_clientes` ENABLE KEYS */;
UNLOCK TABLES;

--
-- Table structure for table `tbl_mp_proveedores`
--

DROP TABLE IF EXISTS `tbl_mp_proveedores`;
/*!40101 SET @saved_cs_client     = @@character_set_client */;
/*!40101 SET character_set_client = utf8 */;
CREATE TABLE `tbl_mp_proveedores` (
  `COD_PROVEEDOR` bigint(20) NOT NULL AUTO_INCREMENT COMMENT 'CÓDIGO DE LA CLIENTE',
  `PRI_NOMBRE` varchar(50) COLLATE utf8_spanish_ci NOT NULL COMMENT 'PRIMER  NOMBRE',
  `PRI_APELLIDO` varchar(50) COLLATE utf8_spanish_ci NOT NULL COMMENT 'PRIMER APELLIDO',
  `ID_PROVEEDOR` varchar(55) COLLATE utf8_spanish_ci NOT NULL COMMENT 'DNI DEL PROVEEDOR, PUEDE SER EL PASAPORTE O DNI NACIONAL',
  `SEX_PROVEEDOR` enum('M','F') COLLATE utf8_spanish_ci DEFAULT NULL COMMENT 'SEXO DEL PROVEEDOR',
  `FEC_NACIMIENTO` date DEFAULT NULL COMMENT 'FECHA DE NACIEMIENTO DEL PROVEEDOR',
  `DET_DIRECCION` varchar(200) COLLATE utf8_spanish_ci DEFAULT NULL COMMENT 'NOMBRE DEL DEPARTAMENTO DE RESIDENCIA',
  `FEC_REGISTRO` date NOT NULL COMMENT 'FECHA EN LA QUE SE REALIZO EL REGISTRO DEL PROVEEDOR',
  `IND_COMERCIAL` enum('ACTIVO','INACTIVO') COLLATE utf8_spanish_ci DEFAULT 'ACTIVO',
  PRIMARY KEY (`COD_PROVEEDOR`),
  UNIQUE KEY `ID_PROVEEDOR` (`ID_PROVEEDOR`)
) ENGINE=InnoDB AUTO_INCREMENT=5 DEFAULT CHARSET=utf8 COLLATE=utf8_spanish_ci;
/*!40101 SET character_set_client = @saved_cs_client */;

--
-- Dumping data for table `tbl_mp_proveedores`
--

LOCK TABLES `tbl_mp_proveedores` WRITE;
/*!40000 ALTER TABLE `tbl_mp_proveedores` DISABLE KEYS */;
INSERT INTO `tbl_mp_proveedores` VALUES (1,'Heber Josué','Espinoza','0802200000060','M','2000-04-26','Tegucigalpa','2022-04-01','ACTIVO'),(2,'Joel','Ramos','0802199656231','M','1996-05-21','San Pedro Sula','2022-04-04','INACTIVO'),(3,'Jeffry','Aguilar','08001199623156','M','1996-04-26','Tegucigalpa, M.D.C','2022-04-06','ACTIVO'),(4,'Mario','Luna','0801199456789','M','1994-05-26','Santa Barbara','2022-04-07','ACTIVO');
/*!40000 ALTER TABLE `tbl_mp_proveedores` ENABLE KEYS */;
UNLOCK TABLES;

--
-- Table structure for table `tbl_mp_telefono_proveedores`
--

DROP TABLE IF EXISTS `tbl_mp_telefono_proveedores`;
/*!40101 SET @saved_cs_client     = @@character_set_client */;
/*!40101 SET character_set_client = utf8 */;
CREATE TABLE `tbl_mp_telefono_proveedores` (
  `COD_TELEFONO` bigint(20) NOT NULL AUTO_INCREMENT COMMENT 'CÓDIGO DEL TELEFONO DE LA PERSONA',
  `COD_PROVEEDOR` bigint(20) DEFAULT NULL COMMENT 'NÚMERO DE TELÉFONO',
  `NUM_AREA` varchar(4) COLLATE utf8_spanish_ci NOT NULL COMMENT 'NÚMERO DE ÁREA',
  `NUM_CELULAR` varchar(15) COLLATE utf8_spanish_ci NOT NULL COMMENT 'NÚMERO DE CELULAR',
  `NUM_TELEFONO` varchar(15) COLLATE utf8_spanish_ci DEFAULT NULL COMMENT 'NÚMERO DE TELÉFONO',
  `FEC_REGISTRO` date NOT NULL COMMENT 'FECHA EN LA QUE SE REALIZO EL REGISTRO DEL TELEFONO',
  PRIMARY KEY (`COD_TELEFONO`),
  UNIQUE KEY `NUM_CELULAR` (`NUM_CELULAR`),
  KEY `FK_TELEFONO_PROVEEDORES` (`COD_PROVEEDOR`),
  CONSTRAINT `FK_TELEFONO_PROVEEDORES` FOREIGN KEY (`COD_PROVEEDOR`) REFERENCES `tbl_mp_proveedores` (`COD_PROVEEDOR`)
) ENGINE=InnoDB AUTO_INCREMENT=5 DEFAULT CHARSET=utf8 COLLATE=utf8_spanish_ci;
/*!40101 SET character_set_client = @saved_cs_client */;

--
-- Dumping data for table `tbl_mp_telefono_proveedores`
--

LOCK TABLES `tbl_mp_telefono_proveedores` WRITE;
/*!40000 ALTER TABLE `tbl_mp_telefono_proveedores` DISABLE KEYS */;
INSERT INTO `tbl_mp_telefono_proveedores` VALUES (1,1,'504','98395173',NULL,'2022-04-01'),(2,2,'504','89561472','22154678','2022-04-04'),(3,3,'504','98561472','22154678','2022-04-06'),(4,4,'503','89765423',NULL,'2022-04-07');
/*!40000 ALTER TABLE `tbl_mp_telefono_proveedores` ENABLE KEYS */;
UNLOCK TABLES;

--
-- Table structure for table `tbl_mp_telefonos_clientes`
--

DROP TABLE IF EXISTS `tbl_mp_telefonos_clientes`;
/*!40101 SET @saved_cs_client     = @@character_set_client */;
/*!40101 SET character_set_client = utf8 */;
CREATE TABLE `tbl_mp_telefonos_clientes` (
  `COD_TELEFONO_CLIENTE` bigint(20) NOT NULL AUTO_INCREMENT COMMENT 'CÓDIGO DEL TELEFONO DE LA PERSONA',
  `COD_CLIENTE` bigint(20) DEFAULT NULL COMMENT 'NÚMERO DE TELÉFONO',
  `NUM_AREA` varchar(4) COLLATE utf8_spanish_ci NOT NULL COMMENT 'NÚMERO DE ÁREA',
  `NUM_CELULAR` varchar(15) COLLATE utf8_spanish_ci NOT NULL COMMENT 'NÚMERO DE CELULAR',
  `NUM_TELEFONO` varchar(15) COLLATE utf8_spanish_ci DEFAULT NULL COMMENT 'NÚMERO DE TELÉFONO',
  `FEC_REGISTRO` date NOT NULL COMMENT 'FECHA EN LA QUE SE REALIZO EL REGISTRO DEL TELEFONO',
  PRIMARY KEY (`COD_TELEFONO_CLIENTE`),
  UNIQUE KEY `NUM_CELULAR` (`NUM_CELULAR`),
  KEY `FK_TELEFONO_CLIENTE` (`COD_CLIENTE`),
  CONSTRAINT `FK_TELEFONO_CLIENTE` FOREIGN KEY (`COD_CLIENTE`) REFERENCES `tbl_mp_clientes` (`COD_CLIENTE`)
) ENGINE=InnoDB AUTO_INCREMENT=5 DEFAULT CHARSET=utf8 COLLATE=utf8_spanish_ci;
/*!40101 SET character_set_client = @saved_cs_client */;

--
-- Dumping data for table `tbl_mp_telefonos_clientes`
--

LOCK TABLES `tbl_mp_telefonos_clientes` WRITE;
/*!40000 ALTER TABLE `tbl_mp_telefonos_clientes` DISABLE KEYS */;
INSERT INTO `tbl_mp_telefonos_clientes` VALUES (1,1,'504','95623148','22561234','2022-04-02'),(2,2,'504','89562314',NULL,'2022-04-02'),(3,3,'504','85231469',NULL,'2022-04-02'),(4,4,'504','85231456',NULL,'2022-04-05');
/*!40000 ALTER TABLE `tbl_mp_telefonos_clientes` ENABLE KEYS */;
UNLOCK TABLES;

--
-- Table structure for table `tbl_mv_detalle_venta`
--

DROP TABLE IF EXISTS `tbl_mv_detalle_venta`;
/*!40101 SET @saved_cs_client     = @@character_set_client */;
/*!40101 SET character_set_client = utf8 */;
CREATE TABLE `tbl_mv_detalle_venta` (
  `COD_DETALLE_VENTA` bigint(20) NOT NULL AUTO_INCREMENT COMMENT 'CÓDIGO DE DETALLE DE LA VENTA QUE SE ESTÁ REALIZANDO',
  `COD_VENTA` bigint(20) NOT NULL COMMENT 'CÓDIGO DE LA VENTA ',
  `COD_REGISTRO_GANADO` bigint(20) NOT NULL COMMENT 'CÓDIGO DE REGISTRO DEL GANADO',
  `PRE_VENTA` decimal(10,2) DEFAULT NULL COMMENT 'PRECIO DEL GANADO',
  `FEC_REGISTRO` date DEFAULT NULL COMMENT 'FECAH DE REGISTRO',
  `STATUS_VENTA` enum('EN PROCESO','CANCELADA','CONFIRMADA','REGISTRADA','ANULADA') COLLATE utf8_spanish_ci DEFAULT 'EN PROCESO',
  PRIMARY KEY (`COD_DETALLE_VENTA`),
  KEY `FK_DETALLE_VENTA_GANADO` (`COD_REGISTRO_GANADO`),
  KEY `FK_DETALLE_VENTA_VENTA` (`COD_VENTA`),
  CONSTRAINT `FK_DETALLE_VENTA_GANADO` FOREIGN KEY (`COD_REGISTRO_GANADO`) REFERENCES `tbl_mg_ganado` (`COD_REGISTRO_GANADO`),
  CONSTRAINT `FK_DETALLE_VENTA_VENTA` FOREIGN KEY (`COD_VENTA`) REFERENCES `tbl_mv_venta` (`COD_VENTA`) ON DELETE CASCADE
) ENGINE=InnoDB AUTO_INCREMENT=12 DEFAULT CHARSET=utf8 COLLATE=utf8_spanish_ci;
/*!40101 SET character_set_client = @saved_cs_client */;

--
-- Dumping data for table `tbl_mv_detalle_venta`
--

LOCK TABLES `tbl_mv_detalle_venta` WRITE;
/*!40000 ALTER TABLE `tbl_mv_detalle_venta` DISABLE KEYS */;
INSERT INTO `tbl_mv_detalle_venta` VALUES (1,1,8,15563.23,'2022-04-04','CONFIRMADA'),(2,2,7,15632.23,'2022-04-06','CONFIRMADA'),(3,2,9,14562.63,'2022-04-06','CONFIRMADA'),(5,4,1,10000.50,'2022-04-06','CONFIRMADA'),(6,4,28,15000.50,'2022-04-06','CONFIRMADA'),(7,5,30,15500.63,'2022-04-06','CONFIRMADA'),(8,6,37,15600.23,'2022-04-12','CONFIRMADA'),(9,7,32,15600.36,'2022-04-13','CONFIRMADA'),(10,7,33,10500.63,'2022-04-13','CONFIRMADA'),(11,8,41,15600.23,'2022-04-18','CONFIRMADA');
/*!40000 ALTER TABLE `tbl_mv_detalle_venta` ENABLE KEYS */;
UNLOCK TABLES;

--
-- Table structure for table `tbl_mv_venta`
--

DROP TABLE IF EXISTS `tbl_mv_venta`;
/*!40101 SET @saved_cs_client     = @@character_set_client */;
/*!40101 SET character_set_client = utf8 */;
CREATE TABLE `tbl_mv_venta` (
  `COD_VENTA` bigint(20) NOT NULL AUTO_INCREMENT COMMENT 'CÓDIGO DE LA VENTA QUE SE ESTÁ REALIZANDO',
  `COD_CLIENTE` bigint(20) DEFAULT NULL COMMENT 'CÓDIGO DE LA PERSONA A LA QUE SE LE ESTÁ REALIZANDO LA VENTA',
  `FEC_VENTA` date NOT NULL COMMENT 'FECHA DE VENTA EN LA QUE SE REALIZA LA VENTA',
  `CAN_TOTAL` bigint(3) DEFAULT 0,
  `TOTAL_PRECIO` decimal(10,2) DEFAULT 0.00,
  `STATUS_LOTE` enum('EN PROCESO','CANCELADO','CONFIRMADO','ANULADO') COLLATE utf8_spanish_ci DEFAULT 'EN PROCESO',
  PRIMARY KEY (`COD_VENTA`),
  KEY `FK_VENTA_CLIENTE` (`COD_CLIENTE`),
  CONSTRAINT `FK_VENTA_CLIENTE` FOREIGN KEY (`COD_CLIENTE`) REFERENCES `tbl_mp_clientes` (`COD_CLIENTE`)
) ENGINE=InnoDB AUTO_INCREMENT=9 DEFAULT CHARSET=utf8 COLLATE=utf8_spanish_ci;
/*!40101 SET character_set_client = @saved_cs_client */;

--
-- Dumping data for table `tbl_mv_venta`
--

LOCK TABLES `tbl_mv_venta` WRITE;
/*!40000 ALTER TABLE `tbl_mv_venta` DISABLE KEYS */;
INSERT INTO `tbl_mv_venta` VALUES (1,3,'2022-04-04',1,15563.23,'CONFIRMADO'),(2,2,'2022-04-06',2,30868.61,'CONFIRMADO'),(3,2,'2022-04-06',0,0.00,'ANULADO'),(4,2,'2022-04-06',2,25001.00,'CONFIRMADO'),(5,1,'2022-04-06',1,15500.63,'CONFIRMADO'),(6,2,'2022-04-12',0,0.00,'CONFIRMADO'),(7,4,'2022-04-13',2,26100.99,'CONFIRMADO'),(8,1,'2022-04-18',1,15600.23,'CONFIRMADO');
/*!40000 ALTER TABLE `tbl_mv_venta` ENABLE KEYS */;
UNLOCK TABLES;

--
-- Table structure for table `tbl_pr_compra_medicamento`
--

DROP TABLE IF EXISTS `tbl_pr_compra_medicamento`;
/*!40101 SET @saved_cs_client     = @@character_set_client */;
/*!40101 SET character_set_client = utf8 */;
CREATE TABLE `tbl_pr_compra_medicamento` (
  `COD_COMPRA_MEDICAMENTO` bigint(20) NOT NULL AUTO_INCREMENT COMMENT 'CÓDIGO DE DETALLE DEL MEDICAMENTO',
  `FEC_LOTE` date DEFAULT NULL COMMENT 'FECHA EN LA QUE SE REALIZO LA COMPRA',
  `CAN_TOTAL` int(11) DEFAULT 0 COMMENT 'CANTIDAD DEL MEDICAMENTO',
  `FEC_VENCIMIENTO` date NOT NULL COMMENT 'FECHA DE VENCIMIENTO DEL MEDICAMENTO',
  `updated_at` date DEFAULT NULL,
  `created_at` date DEFAULT NULL,
  `STATUS_LOTE` enum('EN PROCESO','CANCELADO','CONFIRMADO','VENCIDO') COLLATE utf8_spanish_ci DEFAULT 'EN PROCESO',
  PRIMARY KEY (`COD_COMPRA_MEDICAMENTO`)
) ENGINE=InnoDB AUTO_INCREMENT=6 DEFAULT CHARSET=utf8 COLLATE=utf8_spanish_ci;
/*!40101 SET character_set_client = @saved_cs_client */;

--
-- Dumping data for table `tbl_pr_compra_medicamento`
--

LOCK TABLES `tbl_pr_compra_medicamento` WRITE;
/*!40000 ALTER TABLE `tbl_pr_compra_medicamento` DISABLE KEYS */;
INSERT INTO `tbl_pr_compra_medicamento` VALUES (1,'2022-04-02',1,'2022-05-02','2022-04-02','2022-04-02','CONFIRMADO'),(2,'2022-04-05',2,'2022-05-07','2022-04-05','2022-04-05','CONFIRMADO'),(3,'2022-04-06',2,'2022-04-23','2022-04-06','2022-04-06','CONFIRMADO'),(4,'2022-04-07',2,'2022-04-27','2022-04-07','2022-04-07','CONFIRMADO'),(5,'2022-04-07',2,'2022-05-07','2022-04-07','2022-04-07','CONFIRMADO');
/*!40000 ALTER TABLE `tbl_pr_compra_medicamento` ENABLE KEYS */;
UNLOCK TABLES;

--
-- Table structure for table `tbl_pr_detalle_lote`
--

DROP TABLE IF EXISTS `tbl_pr_detalle_lote`;
/*!40101 SET @saved_cs_client     = @@character_set_client */;
/*!40101 SET character_set_client = utf8 */;
CREATE TABLE `tbl_pr_detalle_lote` (
  `COD_DETALLE_LOTE` bigint(20) NOT NULL AUTO_INCREMENT,
  `COD_MEDICAMENTO` bigint(20) DEFAULT NULL,
  `CAN_MEDICAMENTO` int(11) DEFAULT NULL COMMENT 'CANTIDAD DEL MEDICAMENTO',
  `COD_COMPRA_MEDICAMENTO` bigint(20) DEFAULT NULL COMMENT 'CÓDIGO DE DETALLE DEL MEDICAMENTO',
  `STATUS_DETALLE` enum('EN PROCESO','CANCELADA','CONFIRMADA','REGISTRADA') COLLATE utf8_spanish_ci DEFAULT 'EN PROCESO',
  `UNI_DISPONIBLES` int(11) DEFAULT NULL,
  PRIMARY KEY (`COD_DETALLE_LOTE`),
  KEY `FK_COMPRA_MEDICAMENTO` (`COD_MEDICAMENTO`),
  KEY `FK_DETALLE_COMPRA` (`COD_COMPRA_MEDICAMENTO`)
) ENGINE=InnoDB AUTO_INCREMENT=10 DEFAULT CHARSET=utf8 COLLATE=utf8_spanish_ci;
/*!40101 SET character_set_client = @saved_cs_client */;

--
-- Dumping data for table `tbl_pr_detalle_lote`
--

LOCK TABLES `tbl_pr_detalle_lote` WRITE;
/*!40000 ALTER TABLE `tbl_pr_detalle_lote` DISABLE KEYS */;
INSERT INTO `tbl_pr_detalle_lote` VALUES (1,1,60,1,'CONFIRMADA',50),(2,1,30,2,'CONFIRMADA',30),(3,2,35,2,'CONFIRMADA',0),(4,2,30,3,'CONFIRMADA',0),(5,1,10,3,'CONFIRMADA',0),(6,3,20,4,'CONFIRMADA',10),(7,2,10,4,'CONFIRMADA',0),(8,3,20,5,'CONFIRMADA',20),(9,2,100,5,'CONFIRMADA',100);
/*!40000 ALTER TABLE `tbl_pr_detalle_lote` ENABLE KEYS */;
UNLOCK TABLES;

--
-- Table structure for table `tbl_pr_medicamento`
--

DROP TABLE IF EXISTS `tbl_pr_medicamento`;
/*!40101 SET @saved_cs_client     = @@character_set_client */;
/*!40101 SET character_set_client = utf8 */;
CREATE TABLE `tbl_pr_medicamento` (
  `COD_MEDICAMENTO` bigint(20) NOT NULL AUTO_INCREMENT COMMENT 'CÓDIGO DE LA COMPRA DE UN PRODUCTO',
  `NOM_MEDICAMENTO` varchar(50) COLLATE utf8_spanish_ci NOT NULL COMMENT 'CÓDIGO DE USUARIO QUE REGISTRA LA COMPRA',
  `ADM_MEDICAMENTO` varchar(100) COLLATE utf8_spanish_ci DEFAULT NULL COMMENT 'CÓDIGO DEL PROVEEDOR',
  `TRA_MEDICAMENTO` varchar(700) COLLATE utf8_spanish_ci DEFAULT NULL COMMENT 'CÓDIGO DEL PRODUCTO QUE SE COMPRA',
  `DOS_MEDICAMENTO` varchar(700) COLLATE utf8_spanish_ci DEFAULT NULL COMMENT 'PRECIO DEL PRODUCTO',
  `CAN_DISPONIBLE` int(11) DEFAULT NULL COMMENT 'CANTIDAD DISPONIBLE',
  `CAN_REORDEN` int(11) NOT NULL COMMENT 'CANTIDAD DE REORDEN',
  `FEC_REGISTRO` date NOT NULL COMMENT 'FECHA DE REGISTRO',
  PRIMARY KEY (`COD_MEDICAMENTO`),
  UNIQUE KEY `NOM_MEDICAMENTO` (`NOM_MEDICAMENTO`)
) ENGINE=InnoDB AUTO_INCREMENT=4 DEFAULT CHARSET=utf8 COLLATE=utf8_spanish_ci;
/*!40101 SET character_set_client = @saved_cs_client */;

--
-- Dumping data for table `tbl_pr_medicamento`
--

LOCK TABLES `tbl_pr_medicamento` WRITE;
/*!40000 ALTER TABLE `tbl_pr_medicamento` DISABLE KEYS */;
INSERT INTO `tbl_pr_medicamento` VALUES (1,'ALBENDAZOL','Oral con Jeringa , Dosificadora','Control de paracitos Gastrointestinales','7.5 ml por 220 libras de peso fasicola Epatica, 10 ml por 220 libras de peso,20 ml por 440 libras de peso,30 ml por 660 libras de peso.',70,10,'2022-04-02'),(2,'ACUPRIN','Via Subcutnea','Acuprin, previene enfermedades  Fisiopatológicas y desbalances metabólicos \r\nComo son: anestro nutricional y síndrome  De infertilidad carencial aborto, relaciones \r\nPlacentarias por mala nutrición, mastitis Ovarios quísticos y poli quísticos repetición De celos','Recien Nacidos= 1ml   , Recien Nacidos= 1ml ,Mayores 201  Lbs=3ml,Novillas ,Vaquillas,Toro Vacas =4 ml',100,20,'2022-04-05'),(3,'ACETAMINOFEN','Oral','Vacas sincronizadas','1 tableta diaria',30,10,'2022-04-07');
/*!40000 ALTER TABLE `tbl_pr_medicamento` ENABLE KEYS */;
UNLOCK TABLES;

--
-- Table structure for table `tbl_pr_produccion_leche`
--

DROP TABLE IF EXISTS `tbl_pr_produccion_leche`;
/*!40101 SET @saved_cs_client     = @@character_set_client */;
/*!40101 SET character_set_client = utf8 */;
CREATE TABLE `tbl_pr_produccion_leche` (
  `COD_REGISTRO_LECHE` bigint(20) NOT NULL AUTO_INCREMENT COMMENT 'CÓDIGO REGISTRO DE PRODUCCIÓN DE LECHE',
  `COD_REGISTRO_GANADO` bigint(20) DEFAULT NULL COMMENT 'CÓDIGO DE REGISTRO DEL GANADO',
  `FEC_ORDENIO` date NOT NULL COMMENT 'FECHA EN LA QUE SE ESTA ORDEÃ‘ANDO',
  `DIA_LACTANCIA` int(11) DEFAULT NULL COMMENT 'DÍAS DE LACTANCIA DEL GANADO',
  `PRD_LITROS` decimal(10,2) NOT NULL COMMENT 'PRODUCCIÓN DE LECHE EN LITROS',
  `OBS_REGISTRO` varchar(200) COLLATE utf8_spanish_ci DEFAULT NULL COMMENT 'OBSERVACIONES DEL REGISTRO DE PRODUCCIÓN DE LECHE',
  `FEC_REGISTRO` date NOT NULL COMMENT 'FECHA EN LA QUE SE REALIZO EL REGISTRO DE PRODUCCIÓN DE LECHE',
  PRIMARY KEY (`COD_REGISTRO_LECHE`),
  KEY `FK_PRODUCLECHE_GANADO` (`COD_REGISTRO_GANADO`),
  CONSTRAINT `FK_PRODUCLECHE_GANADO` FOREIGN KEY (`COD_REGISTRO_GANADO`) REFERENCES `tbl_mg_ganado` (`COD_REGISTRO_GANADO`)
) ENGINE=InnoDB AUTO_INCREMENT=4 DEFAULT CHARSET=utf8 COLLATE=utf8_spanish_ci;
/*!40101 SET character_set_client = @saved_cs_client */;

--
-- Dumping data for table `tbl_pr_produccion_leche`
--

LOCK TABLES `tbl_pr_produccion_leche` WRITE;
/*!40000 ALTER TABLE `tbl_pr_produccion_leche` DISABLE KEYS */;
INSERT INTO `tbl_pr_produccion_leche` VALUES (1,1,'2022-04-04',2,15.00,'Buena producción','2022-04-04'),(2,4,'2022-04-07',1,1.50,'Buena producción','2022-04-07'),(3,31,'2022-04-07',1,5.00,'Buena producción','2022-04-07');
/*!40000 ALTER TABLE `tbl_pr_produccion_leche` ENABLE KEYS */;
UNLOCK TABLES;

--
-- Temporary table structure for view `trans_embrion`
--

DROP TABLE IF EXISTS `trans_embrion`;
/*!50001 DROP VIEW IF EXISTS `trans_embrion`*/;
SET @saved_cs_client     = @@character_set_client;
SET character_set_client = utf8;
/*!50001 CREATE TABLE `trans_embrion` (
  `COD_TRANS_EMBRION` tinyint NOT NULL,
  `NOM_GANADO` tinyint NOT NULL,
  `RAZA` tinyint NOT NULL,
  `ARETE` tinyint NOT NULL,
  `COLOR` tinyint NOT NULL,
  `EDAD_GANADO` tinyint NOT NULL,
  `COD_EMBRION` tinyint NOT NULL,
  `RAZ_VACA_DONADORA` tinyint NOT NULL,
  `RAZ_TORO_DONADOR` tinyint NOT NULL,
  `IND_FECUNDACION` tinyint NOT NULL,
  `FEC_REGISTRO` tinyint NOT NULL
) ENGINE=MyISAM */;
SET character_set_client = @saved_cs_client;

--
-- Temporary table structure for view `transf_esperma`
--

DROP TABLE IF EXISTS `transf_esperma`;
/*!50001 DROP VIEW IF EXISTS `transf_esperma`*/;
SET @saved_cs_client     = @@character_set_client;
SET character_set_client = utf8;
/*!50001 CREATE TABLE `transf_esperma` (
  `COD_TRANS_ESPERMA` tinyint NOT NULL,
  `NOM_GANADO` tinyint NOT NULL,
  `RAZA` tinyint NOT NULL,
  `ARETE` tinyint NOT NULL,
  `COLOR` tinyint NOT NULL,
  `EDAD_GANADO` tinyint NOT NULL,
  `COD_ESPERMA` tinyint NOT NULL,
  `NUM_PAJILLA` tinyint NOT NULL,
  `RAZ_TORO_DONADOR` tinyint NOT NULL,
  `IND_FECUNDACION` tinyint NOT NULL,
  `FEC_REGISTRO` tinyint NOT NULL
) ENGINE=MyISAM */;
SET character_set_client = @saved_cs_client;

--
-- Table structure for table `users`
--

DROP TABLE IF EXISTS `users`;
/*!40101 SET @saved_cs_client     = @@character_set_client */;
/*!40101 SET character_set_client = utf8 */;
CREATE TABLE `users` (
  `id` bigint(20) unsigned NOT NULL AUTO_INCREMENT,
  `name` varchar(255) COLLATE utf8_spanish_ci NOT NULL,
  `email` varchar(255) COLLATE utf8_spanish_ci NOT NULL,
  `password` varchar(255) COLLATE utf8_spanish_ci NOT NULL,
  `remember_token` varchar(100) COLLATE utf8_spanish_ci DEFAULT NULL,
  `current_team_id` bigint(20) unsigned DEFAULT NULL,
  `profile_photo_path` varchar(2048) COLLATE utf8_spanish_ci DEFAULT NULL,
  `created_at` timestamp NULL DEFAULT NULL,
  `updated_at` timestamp NULL DEFAULT NULL,
  `username` varchar(255) COLLATE utf8_spanish_ci NOT NULL,
  `preguntas_contestadas` int(11) NOT NULL DEFAULT 0,
  `estado` int(11) NOT NULL DEFAULT 1,
  `primera_vez` tinyint(1) NOT NULL DEFAULT 1,
  `fecha_vencimiento` date NOT NULL DEFAULT '2022-02-07',
  `intentos_preguntas` int(3) DEFAULT 0,
  `preguntas_correctas` int(3) DEFAULT 0,
  PRIMARY KEY (`id`),
  UNIQUE KEY `users_email_unique` (`email`)
) ENGINE=InnoDB AUTO_INCREMENT=21 DEFAULT CHARSET=utf8 COLLATE=utf8_spanish_ci;
/*!40101 SET character_set_client = @saved_cs_client */;

--
-- Dumping data for table `users`
--

LOCK TABLES `users` WRITE;
/*!40000 ALTER TABLE `users` DISABLE KEYS */;
INSERT INTO `users` VALUES (2,'Administrador General','pucho2526v5@gmail.com','$2y$10$mLum14pis2nQI6OFAiK.k.bZsrprXOgbIyiFKplJFfMmbbQK80uh2',NULL,NULL,NULL,'2022-04-01 21:34:08','2022-04-04 18:51:16','ADMINISTRADOR',3,1,0,'2022-06-15',0,0),(3,'Heber Espinoza','papucho2526v5@gmail.com','$2y$10$DJ.7OhLc9PmJ9FaxdoYGdeNphc2KRv14jUUMwJEpUgJPkjYMKO.YO',NULL,NULL,NULL,'2022-04-04 18:51:53','2022-04-10 01:03:30','INVITADO',3,1,0,'2022-04-29',0,0),(5,'Jennifer Claros','jiclaros028@gmail.com','$2y$10$sH/eGRbajB03ejZAK8dVUu6R1aDj/xwfOhaNKbIlVpi6NZNn6c5O.',NULL,NULL,NULL,'2022-04-05 21:35:03','2022-04-05 22:07:39','SEGURIDAD',2,1,0,'2022-04-30',0,0),(12,'Prueba Admin','jenicla028@gmail.com','$2y$10$tZWhgY2Mrger4YbiMVAB.ewMsvWtuKWqgZkvXFiiQbmuxsnpTJp/e','oNXt4JMxfUp3528wni1lVcNslGf4QMaJ9DvMtkYk4bi9CpeBuCHZx9VJbA28',NULL,NULL,'2022-04-06 00:22:10','2022-04-08 16:38:23','PRUEBAADMIN',2,1,0,'2022-04-16',0,0),(13,'prueba Invitado','jeniclos028@gmail.com','$2y$10$W8xYDAhC3xHuh0X29VSLq.dnGbItu/A3y9bQ0Pw6gh9MxyE1FkN.m',NULL,NULL,NULL,'2022-04-06 00:23:20','2022-04-09 19:26:27','PRUEBAINVITADO',0,1,1,'2022-04-06',0,0),(14,'prueba Mantenimiento','jenicls028@gmail.com','$2y$10$NPQH5sTcNmHMjeSX6WrG/OZPT1zf2WfXTTVbv0VrwME/LLya9N6me',NULL,NULL,NULL,'2022-04-06 00:24:06','2022-04-17 16:53:15','PRUEBAMANTENIMIENTO',2,0,0,'2022-04-15',0,0),(15,'prueba Seguridad','jenlaros028@gmail.com','$2y$10$xepb.vmaeVCDZvCjTEXspecHtbRzK.ht9mBEbvxkiHuapQ.idKDG.',NULL,NULL,NULL,'2022-04-06 00:24:47','2022-04-17 16:51:28','PRUEBASEGURIDAD',0,1,1,'2022-04-29',0,0),(16,'Prueba Invitado2','jenlos028@gmail.com','$2y$10$AWNclgM4wpZyNeNscYdT..BYdG705VdW/fRxO8XHpC3KYtrut9sZy',NULL,NULL,NULL,'2022-04-07 14:58:28','2022-04-17 16:41:12','INVITADO2',0,1,1,'2022-04-08',0,0),(17,'Prueba Invitado3','jeniclas028@gmail.com','$2y$10$7TT.dB0iduV6KIgCFQEhm./J9ARqs9rqKIlWCvU97pARXwShulbgq','2FU6NtPxF6CPPHa8jB8pvsdbiuX000uCciaF4pX0vaEWhAax7x1QGeFS63ZJ',NULL,NULL,'2022-04-07 15:06:54','2022-04-13 15:13:27','INVITADO3',0,1,1,'2022-04-08',0,0),(18,'Noel Alvarado','jeni028@gmail.com','$2y$10$FgXR0gAOwrOIdMW3t2tJ.uil7Morpun/bQ0YFDjBGdt9YLiQv0aZS',NULL,NULL,NULL,'2022-04-13 15:14:10','2022-04-17 16:45:25','INVITADO5',0,1,1,'2022-04-17',0,0),(19,'José Peralta','jeniclaros28@gmail.com','$2y$10$HOI38/Ca41uoldul0ObnYuMEOYZ1ZEk2eI3.ftSJG1M0UDX4I..sG',NULL,NULL,NULL,'2022-04-13 15:16:23','2022-04-16 15:24:57','JOSEPERALTA',0,1,1,'2022-04-28',0,0),(20,'Gicela Cruz','jeniclaros028@gmail.com','$2y$10$z6PsQdkDcxWdIBQPVUCs0OeF5h/eeFwyIxPcdJBlk6bKsTahy2rWW',NULL,NULL,NULL,'2022-04-19 01:18:48','2022-04-19 01:18:48','GICELA23',0,1,1,'2022-04-27',0,0);
/*!40000 ALTER TABLE `users` ENABLE KEYS */;
UNLOCK TABLES;

--
-- Temporary table structure for view `usuarios`
--

DROP TABLE IF EXISTS `usuarios`;
/*!50001 DROP VIEW IF EXISTS `usuarios`*/;
SET @saved_cs_client     = @@character_set_client;
SET character_set_client = utf8;
/*!50001 CREATE TABLE `usuarios` (
  `id` tinyint NOT NULL,
  `name` tinyint NOT NULL,
  `username` tinyint NOT NULL,
  `email` tinyint NOT NULL,
  `estado` tinyint NOT NULL,
  `fecha_vencimiento` tinyint NOT NULL,
  `created_at` tinyint NOT NULL,
  `updated_at` tinyint NOT NULL,
  `model_id` tinyint NOT NULL,
  `rol` tinyint NOT NULL
) ENGINE=MyISAM */;
SET character_set_client = @saved_cs_client;

--
-- Temporary table structure for view `vacas_estado`
--

DROP TABLE IF EXISTS `vacas_estado`;
/*!50001 DROP VIEW IF EXISTS `vacas_estado`*/;
SET @saved_cs_client     = @@character_set_client;
SET character_set_client = utf8;
/*!50001 CREATE TABLE `vacas_estado` (
  `TOTAL` tinyint NOT NULL,
  `DET_ESTADO` tinyint NOT NULL
) ENGINE=MyISAM */;
SET character_set_client = @saved_cs_client;

--
-- Temporary table structure for view `vacas_ordenio`
--

DROP TABLE IF EXISTS `vacas_ordenio`;
/*!50001 DROP VIEW IF EXISTS `vacas_ordenio`*/;
SET @saved_cs_client     = @@character_set_client;
SET character_set_client = utf8;
/*!50001 CREATE TABLE `vacas_ordenio` (
  `COD_REGISTRO_GANADO` tinyint NOT NULL,
  `NOM_GANADO` tinyint NOT NULL
) ENGINE=MyISAM */;
SET character_set_client = @saved_cs_client;

--
-- Temporary table structure for view `vacas_paridas`
--

DROP TABLE IF EXISTS `vacas_paridas`;
/*!50001 DROP VIEW IF EXISTS `vacas_paridas`*/;
SET @saved_cs_client     = @@character_set_client;
SET character_set_client = utf8;
/*!50001 CREATE TABLE `vacas_paridas` (
  `COD_REGISTRO_GANADO` tinyint NOT NULL,
  `NUM_ARETE` tinyint NOT NULL,
  `NOM_GANADO` tinyint NOT NULL,
  `CLR_GANADO` tinyint NOT NULL,
  `COD_ESTADO` tinyint NOT NULL,
  `COD_LUGAR` tinyint NOT NULL,
  `PES_ACTUAL` tinyint NOT NULL,
  `FIE_GANADO` tinyint NOT NULL,
  `COD_RAZA` tinyint NOT NULL,
  `SEX_GANADO` tinyint NOT NULL,
  `FEC_REGISTRO` tinyint NOT NULL,
  `PRE_GANADO` tinyint NOT NULL,
  `COD_COMPRA_GANADO` tinyint NOT NULL,
  `COD_DETALLE_COMPRA` tinyint NOT NULL
) ENGINE=MyISAM */;
SET character_set_client = @saved_cs_client;

--
-- Temporary table structure for view `vacas_prenadas_embrion`
--

DROP TABLE IF EXISTS `vacas_prenadas_embrion`;
/*!50001 DROP VIEW IF EXISTS `vacas_prenadas_embrion`*/;
SET @saved_cs_client     = @@character_set_client;
SET character_set_client = utf8;
/*!50001 CREATE TABLE `vacas_prenadas_embrion` (
  `COD_PRENADA_EMBRION` tinyint NOT NULL,
  `COD_TRANS_EMBRION` tinyint NOT NULL,
  `IND_PRENADA` tinyint NOT NULL,
  `OBS_VACAP` tinyint NOT NULL,
  `COD_EMBRION` tinyint NOT NULL,
  `RAZ_ESPERADA` tinyint NOT NULL,
  `NOM_GANADO` tinyint NOT NULL,
  `EDAD_GANADO` tinyint NOT NULL,
  `RAZA` tinyint NOT NULL,
  `ARETE` tinyint NOT NULL,
  `COLOR` tinyint NOT NULL,
  `DIR_LUGAR` tinyint NOT NULL,
  `FEC_PARIO` tinyint NOT NULL
) ENGINE=MyISAM */;
SET character_set_client = @saved_cs_client;

--
-- Temporary table structure for view `vacas_prenadas_esperma`
--

DROP TABLE IF EXISTS `vacas_prenadas_esperma`;
/*!50001 DROP VIEW IF EXISTS `vacas_prenadas_esperma`*/;
SET @saved_cs_client     = @@character_set_client;
SET character_set_client = utf8;
/*!50001 CREATE TABLE `vacas_prenadas_esperma` (
  `COD_PRENADA_ESPERMA` tinyint NOT NULL,
  `COD_TRANS_ESPERMA` tinyint NOT NULL,
  `IND_PRENADA` tinyint NOT NULL,
  `OBS_VACAP` tinyint NOT NULL,
  `NUM_PAJILLA` tinyint NOT NULL,
  `RAZ_TORO_DONADOR` tinyint NOT NULL,
  `NOM_GANADO` tinyint NOT NULL,
  `RAZA` tinyint NOT NULL,
  `ARETE` tinyint NOT NULL,
  `COLOR` tinyint NOT NULL,
  `EDAD_GANADO` tinyint NOT NULL,
  `DIR_LUGAR` tinyint NOT NULL,
  `FEC_PARIO` tinyint NOT NULL
) ENGINE=MyISAM */;
SET character_set_client = @saved_cs_client;

--
-- Temporary table structure for view `vacas_prenadas_monta`
--

DROP TABLE IF EXISTS `vacas_prenadas_monta`;
/*!50001 DROP VIEW IF EXISTS `vacas_prenadas_monta`*/;
SET @saved_cs_client     = @@character_set_client;
SET character_set_client = utf8;
/*!50001 CREATE TABLE `vacas_prenadas_monta` (
  `COD_PRENADA_MONTA` tinyint NOT NULL,
  `COD_MONTA` tinyint NOT NULL,
  `OBS_VACAP` tinyint NOT NULL,
  `NOM_GANADO` tinyint NOT NULL,
  `RAZA` tinyint NOT NULL,
  `ARETE` tinyint NOT NULL,
  `COLOR` tinyint NOT NULL,
  `EDAD_GANADO` tinyint NOT NULL,
  `DIR_LUGAR` tinyint NOT NULL,
  `RAZ_TORO_MONTA` tinyint NOT NULL,
  `FEC_PARIO` tinyint NOT NULL,
  `IND_PRENADA` tinyint NOT NULL
) ENGINE=MyISAM */;
SET character_set_client = @saved_cs_client;

--
-- Temporary table structure for view `vacas_sincronizadas`
--

DROP TABLE IF EXISTS `vacas_sincronizadas`;
/*!50001 DROP VIEW IF EXISTS `vacas_sincronizadas`*/;
SET @saved_cs_client     = @@character_set_client;
SET character_set_client = utf8;
/*!50001 CREATE TABLE `vacas_sincronizadas` (
  `COD_REGISTRO_GANADO` tinyint NOT NULL,
  `NUM_ARETE` tinyint NOT NULL,
  `NOM_GANADO` tinyint NOT NULL,
  `CLR_GANADO` tinyint NOT NULL,
  `DET_ESTADO` tinyint NOT NULL,
  `DIR_LUGAR` tinyint NOT NULL,
  `PES_ACTUAL` tinyint NOT NULL,
  `SEX_GANADO` tinyint NOT NULL,
  `FIE_GANADO` tinyint NOT NULL,
  `NOM_RAZA` tinyint NOT NULL,
  `COD_ESTADO` tinyint NOT NULL,
  `COD_LUGAR` tinyint NOT NULL,
  `FEC_NACIMIENTO` tinyint NOT NULL,
  `COD_RAZA` tinyint NOT NULL,
  `ANIOS` tinyint NOT NULL,
  `MESES` tinyint NOT NULL
) ENGINE=MyISAM */;
SET character_set_client = @saved_cs_client;

--
-- Temporary table structure for view `venta_actual`
--

DROP TABLE IF EXISTS `venta_actual`;
/*!50001 DROP VIEW IF EXISTS `venta_actual`*/;
SET @saved_cs_client     = @@character_set_client;
SET character_set_client = utf8;
/*!50001 CREATE TABLE `venta_actual` (
  `COD_DETALLE_VENTA` tinyint NOT NULL,
  `COD_VENTA` tinyint NOT NULL,
  `COD_REGISTRO_GANADO` tinyint NOT NULL,
  `NOMBRE` tinyint NOT NULL,
  `ARETE` tinyint NOT NULL,
  `COLOR` tinyint NOT NULL,
  `PESO` tinyint NOT NULL,
  `ESTADO` tinyint NOT NULL,
  `LUGAR` tinyint NOT NULL,
  `RAZA` tinyint NOT NULL,
  `PRECIO` tinyint NOT NULL,
  `FECHA_VENTA` tinyint NOT NULL
) ENGINE=MyISAM */;
SET character_set_client = @saved_cs_client;

--
-- Temporary table structure for view `ver_preguntas`
--

DROP TABLE IF EXISTS `ver_preguntas`;
/*!50001 DROP VIEW IF EXISTS `ver_preguntas`*/;
SET @saved_cs_client     = @@character_set_client;
SET character_set_client = utf8;
/*!50001 CREATE TABLE `ver_preguntas` (
  `id` tinyint NOT NULL,
  `pregunta` tinyint NOT NULL,
  `respuesta` tinyint NOT NULL,
  `id_respuesta` tinyint NOT NULL,
  `id_usuario` tinyint NOT NULL,
  `username` tinyint NOT NULL
) ENGINE=MyISAM */;
SET character_set_client = @saved_cs_client;

--
-- Temporary table structure for view `vganado`
--

DROP TABLE IF EXISTS `vganado`;
/*!50001 DROP VIEW IF EXISTS `vganado`*/;
SET @saved_cs_client     = @@character_set_client;
SET character_set_client = utf8;
/*!50001 CREATE TABLE `vganado` (
  `COD_COMPRA_GANADO` tinyint NOT NULL,
  `NOM_GANADO` tinyint NOT NULL,
  `RAZA` tinyint NOT NULL,
  `PRE_GANADO` tinyint NOT NULL,
  `DET_ESTADO` tinyint NOT NULL,
  `DIR_LUGAR` tinyint NOT NULL,
  `FEC_COMPRA` tinyint NOT NULL,
  `PROVEEDOR` tinyint NOT NULL
) ENGINE=MyISAM */;
SET character_set_client = @saved_cs_client;

--
-- Dumping routines for database 'db_rancho_peralta'
--
/*!50003 DROP PROCEDURE IF EXISTS `ANULAR_LOTE_VENTA` */;
/*!50003 SET @saved_cs_client      = @@character_set_client */ ;
/*!50003 SET @saved_cs_results     = @@character_set_results */ ;
/*!50003 SET @saved_col_connection = @@collation_connection */ ;
/*!50003 SET character_set_client  = utf8mb4 */ ;
/*!50003 SET character_set_results = utf8mb4 */ ;
/*!50003 SET collation_connection  = utf8mb4_general_ci */ ;
/*!50003 SET @saved_sql_mode       = @@sql_mode */ ;
/*!50003 SET sql_mode              = 'NO_ZERO_IN_DATE,NO_ZERO_DATE,NO_ENGINE_SUBSTITUTION' */ ;
DELIMITER ;;
CREATE DEFINER=`root`@`localhost` PROCEDURE `ANULAR_LOTE_VENTA`(IN V_COD_VENTA BIGINT)
BEGIN
START TRANSACTION;
UPDATE TBL_MV_VENTA
SET STATUS_LOTE = 'ANULADO',
CAN_TOTAL =0,
TOTAL_PRECIO = 0.00
WHERE COD_VENTA = V_COD_VENTA;

UPDATE TBL_MV_DETALLE_VENTA 
SET STATUS_VENTA = 'ANULADA'

WHERE COD_VENTA = V_COD_VENTA;
SELECT @COD_REGISTRO_GANADO := COD_REGISTRO_GANADO FROM tbl_mv_detalle_venta
WHERE COD_VENTA = @COD_VENTA and STATUS_VENTA = 'ANULADA' ;

UPDATE TBL_MG_GANADO SET
COD_ESTADO = 9
WHERE COD_REGISTRO_GANADO = @COD_REGISTRO_GANADO  ;
COMMIT;
END ;;
DELIMITER ;
/*!50003 SET sql_mode              = @saved_sql_mode */ ;
/*!50003 SET character_set_client  = @saved_cs_client */ ;
/*!50003 SET character_set_results = @saved_cs_results */ ;
/*!50003 SET collation_connection  = @saved_col_connection */ ;
/*!50003 DROP PROCEDURE IF EXISTS `CANCELAR_LOTE` */;
ALTER DATABASE `db_rancho_peralta` CHARACTER SET utf8mb4 COLLATE utf8mb4_general_ci ;
/*!50003 SET @saved_cs_client      = @@character_set_client */ ;
/*!50003 SET @saved_cs_results     = @@character_set_results */ ;
/*!50003 SET @saved_col_connection = @@collation_connection */ ;
/*!50003 SET character_set_client  = utf8mb4 */ ;
/*!50003 SET character_set_results = utf8mb4 */ ;
/*!50003 SET collation_connection  = utf8mb4_general_ci */ ;
/*!50003 SET @saved_sql_mode       = @@sql_mode */ ;
/*!50003 SET sql_mode              = 'NO_ZERO_IN_DATE,NO_ZERO_DATE,NO_ENGINE_SUBSTITUTION' */ ;
DELIMITER ;;
CREATE DEFINER=`root`@`localhost` PROCEDURE `CANCELAR_LOTE`(IN V_COD_COMPRA_GANADO BIGINT)
BEGIN
START TRANSACTION;
UPDATE TBL_MC_COMPRA_GANADO 
SET STATUS_LOTE = 'CANCELADO'
WHERE COD_COMPRA_GANADO = V_COD_COMPRA_GANADO;

UPDATE TBL_MC_DETALLE_COMPRAG 
SET STATUS_COMPRA = 'CANCELADA'
WHERE COD_COMPRA_GANADO = V_COD_COMPRA_GANADO;
COMMIT;
END ;;
DELIMITER ;
/*!50003 SET sql_mode              = @saved_sql_mode */ ;
/*!50003 SET character_set_client  = @saved_cs_client */ ;
/*!50003 SET character_set_results = @saved_cs_results */ ;
/*!50003 SET collation_connection  = @saved_col_connection */ ;
ALTER DATABASE `db_rancho_peralta` CHARACTER SET utf8 COLLATE utf8_spanish_ci ;
/*!50003 DROP PROCEDURE IF EXISTS `CANCELAR_LOTE_EMBRION` */;
ALTER DATABASE `db_rancho_peralta` CHARACTER SET utf8mb4 COLLATE utf8mb4_general_ci ;
/*!50003 SET @saved_cs_client      = @@character_set_client */ ;
/*!50003 SET @saved_cs_results     = @@character_set_results */ ;
/*!50003 SET @saved_col_connection = @@collation_connection */ ;
/*!50003 SET character_set_client  = utf8mb4 */ ;
/*!50003 SET character_set_results = utf8mb4 */ ;
/*!50003 SET collation_connection  = utf8mb4_general_ci */ ;
/*!50003 SET @saved_sql_mode       = @@sql_mode */ ;
/*!50003 SET sql_mode              = 'NO_ZERO_IN_DATE,NO_ZERO_DATE,NO_ENGINE_SUBSTITUTION' */ ;
DELIMITER ;;
CREATE DEFINER=`root`@`localhost` PROCEDURE `CANCELAR_LOTE_EMBRION`(IN V_COD_COMPRA_EMBRION BIGINT)
BEGIN
START TRANSACTION;
UPDATE TBL_MC_COMPRA_EMBRION 
SET STATUS_LOTE = 'CANCELADO'
WHERE COD_COMPRA_EMBRION = V_COD_COMPRA_EMBRION;

UPDATE TBL_MC_DETALLE_CEMBRION 
SET STATUS_COMPRA = 'CANCELADA'
WHERE COD_COMPRA_EMBRION = V_COD_COMPRA_EMBRION;
COMMIT;
END ;;
DELIMITER ;
/*!50003 SET sql_mode              = @saved_sql_mode */ ;
/*!50003 SET character_set_client  = @saved_cs_client */ ;
/*!50003 SET character_set_results = @saved_cs_results */ ;
/*!50003 SET collation_connection  = @saved_col_connection */ ;
ALTER DATABASE `db_rancho_peralta` CHARACTER SET utf8 COLLATE utf8_spanish_ci ;
/*!50003 DROP PROCEDURE IF EXISTS `CANCELAR_LOTE_ESPERMA` */;
ALTER DATABASE `db_rancho_peralta` CHARACTER SET utf8mb4 COLLATE utf8mb4_general_ci ;
/*!50003 SET @saved_cs_client      = @@character_set_client */ ;
/*!50003 SET @saved_cs_results     = @@character_set_results */ ;
/*!50003 SET @saved_col_connection = @@collation_connection */ ;
/*!50003 SET character_set_client  = utf8mb4 */ ;
/*!50003 SET character_set_results = utf8mb4 */ ;
/*!50003 SET collation_connection  = utf8mb4_general_ci */ ;
/*!50003 SET @saved_sql_mode       = @@sql_mode */ ;
/*!50003 SET sql_mode              = 'NO_ZERO_IN_DATE,NO_ZERO_DATE,NO_ENGINE_SUBSTITUTION' */ ;
DELIMITER ;;
CREATE DEFINER=`root`@`localhost` PROCEDURE `CANCELAR_LOTE_ESPERMA`(IN V_COD_COMPRA_ESPERMA BIGINT)
BEGIN
START TRANSACTION;
UPDATE TBL_MC_COMPRA_ESPERMA
SET STATUS_LOTE = 'CANCELADO'
WHERE COD_COMPRA_ESPERMA = V_COD_COMPRA_ESPERMA;

UPDATE TBL_MC_DETALLE_CESPERMA 
SET STATUS_COMPRA = 'CANCELADA'
WHERE COD_COMPRA_ESPERMA = V_COD_COMPRA_ESPERMA;
COMMIT;
END ;;
DELIMITER ;
/*!50003 SET sql_mode              = @saved_sql_mode */ ;
/*!50003 SET character_set_client  = @saved_cs_client */ ;
/*!50003 SET character_set_results = @saved_cs_results */ ;
/*!50003 SET collation_connection  = @saved_col_connection */ ;
ALTER DATABASE `db_rancho_peralta` CHARACTER SET utf8 COLLATE utf8_spanish_ci ;
/*!50003 DROP PROCEDURE IF EXISTS `CANCELAR_LOTE_MEDICAMENTO` */;
ALTER DATABASE `db_rancho_peralta` CHARACTER SET utf8mb4 COLLATE utf8mb4_general_ci ;
/*!50003 SET @saved_cs_client      = @@character_set_client */ ;
/*!50003 SET @saved_cs_results     = @@character_set_results */ ;
/*!50003 SET @saved_col_connection = @@collation_connection */ ;
/*!50003 SET character_set_client  = utf8mb4 */ ;
/*!50003 SET character_set_results = utf8mb4 */ ;
/*!50003 SET collation_connection  = utf8mb4_general_ci */ ;
/*!50003 SET @saved_sql_mode       = @@sql_mode */ ;
/*!50003 SET sql_mode              = 'NO_ZERO_IN_DATE,NO_ZERO_DATE,NO_ENGINE_SUBSTITUTION' */ ;
DELIMITER ;;
CREATE DEFINER=`root`@`localhost` PROCEDURE `CANCELAR_LOTE_MEDICAMENTO`(IN V_COD_COMPRA_MEDICAMENTO BIGINT)
BEGIN
START TRANSACTION;
UPDATE TBL_PR_COMPRA_MEDICAMENTO
SET STATUS_LOTE = 'CANCELADO'
WHERE COD_COMPRA_MEDICAMENTO = V_COD_COMPRA_MEDICAMENTO;

UPDATE TBL_PR_DETALLE_LOTE
SET STATUS_DETALLE = 'CANCELADA'
WHERE COD_COMPRA_MEDICAMENTO = V_COD_COMPRA_MEDICAMENTO;
COMMIT;
END ;;
DELIMITER ;
/*!50003 SET sql_mode              = @saved_sql_mode */ ;
/*!50003 SET character_set_client  = @saved_cs_client */ ;
/*!50003 SET character_set_results = @saved_cs_results */ ;
/*!50003 SET collation_connection  = @saved_col_connection */ ;
ALTER DATABASE `db_rancho_peralta` CHARACTER SET utf8 COLLATE utf8_spanish_ci ;
/*!50003 DROP PROCEDURE IF EXISTS `CANCELAR_LOTE_VENTA` */;
ALTER DATABASE `db_rancho_peralta` CHARACTER SET utf8mb4 COLLATE utf8mb4_general_ci ;
/*!50003 SET @saved_cs_client      = @@character_set_client */ ;
/*!50003 SET @saved_cs_results     = @@character_set_results */ ;
/*!50003 SET @saved_col_connection = @@collation_connection */ ;
/*!50003 SET character_set_client  = utf8mb4 */ ;
/*!50003 SET character_set_results = utf8mb4 */ ;
/*!50003 SET collation_connection  = utf8mb4_general_ci */ ;
/*!50003 SET @saved_sql_mode       = @@sql_mode */ ;
/*!50003 SET sql_mode              = 'NO_ZERO_IN_DATE,NO_ZERO_DATE,NO_ENGINE_SUBSTITUTION' */ ;
DELIMITER ;;
CREATE DEFINER=`root`@`localhost` PROCEDURE `CANCELAR_LOTE_VENTA`(IN V_COD_VENTA BIGINT)
BEGIN
START TRANSACTION;
UPDATE TBL_MV_VENTA
SET STATUS_LOTE = 'CANCELADO'
WHERE COD_VENTA = V_COD_VENTA;

UPDATE TBL_MV_DETALLE_VENTA 
SET STATUS_VENTA = 'CANCELADA'

WHERE COD_VENTA = V_COD_VENTA;
SELECT @COD_REGISTRO_GANADO := COD_REGISTRO_GANADO FROM tbl_mv_detalle_venta
WHERE COD_VENTA = @COD_VENTA and STATUS_VENTA = 'CANCELADA' ;

UPDATE TBL_MG_GANADO SET
COD_ESTADO = 9
WHERE COD_REGISTRO_GANADO = @COD_REGISTRO_GANADO  ;
COMMIT;
END ;;
DELIMITER ;
/*!50003 SET sql_mode              = @saved_sql_mode */ ;
/*!50003 SET character_set_client  = @saved_cs_client */ ;
/*!50003 SET character_set_results = @saved_cs_results */ ;
/*!50003 SET collation_connection  = @saved_col_connection */ ;
ALTER DATABASE `db_rancho_peralta` CHARACTER SET utf8 COLLATE utf8_spanish_ci ;
/*!50003 DROP PROCEDURE IF EXISTS `CONFIRMAR_LOTE` */;
/*!50003 SET @saved_cs_client      = @@character_set_client */ ;
/*!50003 SET @saved_cs_results     = @@character_set_results */ ;
/*!50003 SET @saved_col_connection = @@collation_connection */ ;
/*!50003 SET character_set_client  = utf8mb4 */ ;
/*!50003 SET character_set_results = utf8mb4 */ ;
/*!50003 SET collation_connection  = utf8mb4_general_ci */ ;
/*!50003 SET @saved_sql_mode       = @@sql_mode */ ;
/*!50003 SET sql_mode              = 'NO_ZERO_IN_DATE,NO_ZERO_DATE,NO_ENGINE_SUBSTITUTION' */ ;
DELIMITER ;;
CREATE DEFINER=`root`@`localhost` PROCEDURE `CONFIRMAR_LOTE`()
BEGIN
START TRANSACTION;
SELECT @V_COD_COMPRA_GANADO :=MAX(COD_COMPRA_GANADO) FROM TBL_MC_COMPRA_GANADO where STATUS_LOTE ='EN PROCESO';

UPDATE TBL_MC_COMPRA_GANADO 
SET STATUS_LOTE = 'CONFIRMADO'
WHERE COD_COMPRA_GANADO = @V_COD_COMPRA_GANADO;

UPDATE TBL_MC_DETALLE_COMPRAG 
SET STATUS_COMPRA = 'CONFIRMADA'
WHERE COD_COMPRA_GANADO = @V_COD_COMPRA_GANADO;



COMMIT;
END ;;
DELIMITER ;
/*!50003 SET sql_mode              = @saved_sql_mode */ ;
/*!50003 SET character_set_client  = @saved_cs_client */ ;
/*!50003 SET character_set_results = @saved_cs_results */ ;
/*!50003 SET collation_connection  = @saved_col_connection */ ;
/*!50003 DROP PROCEDURE IF EXISTS `CONFIRMAR_LOTE_EMBRION` */;
/*!50003 SET @saved_cs_client      = @@character_set_client */ ;
/*!50003 SET @saved_cs_results     = @@character_set_results */ ;
/*!50003 SET @saved_col_connection = @@collation_connection */ ;
/*!50003 SET character_set_client  = utf8mb4 */ ;
/*!50003 SET character_set_results = utf8mb4 */ ;
/*!50003 SET collation_connection  = utf8mb4_general_ci */ ;
/*!50003 SET @saved_sql_mode       = @@sql_mode */ ;
/*!50003 SET sql_mode              = 'NO_ZERO_IN_DATE,NO_ZERO_DATE,NO_ENGINE_SUBSTITUTION' */ ;
DELIMITER ;;
CREATE DEFINER=`root`@`localhost` PROCEDURE `CONFIRMAR_LOTE_EMBRION`()
BEGIN
START TRANSACTION;
SELECT @V_COD_COMPRA_EMBRION :=MAX(COD_COMPRA_EMBRION ) FROM TBL_MC_COMPRA_EMBRION where STATUS_LOTE ='EN PROCESO';

UPDATE TBL_MC_COMPRA_EMBRION 
SET STATUS_LOTE = 'CONFIRMADO'
WHERE COD_COMPRA_EMBRION = @V_COD_COMPRA_EMBRION;

UPDATE TBL_MC_DETALLE_CEMBRION
SET STATUS_COMPRA = 'CONFIRMADA'
WHERE COD_COMPRA_EMBRION = @V_COD_COMPRA_EMBRION;
COMMIT;
END ;;
DELIMITER ;
/*!50003 SET sql_mode              = @saved_sql_mode */ ;
/*!50003 SET character_set_client  = @saved_cs_client */ ;
/*!50003 SET character_set_results = @saved_cs_results */ ;
/*!50003 SET collation_connection  = @saved_col_connection */ ;
/*!50003 DROP PROCEDURE IF EXISTS `CONFIRMAR_LOTE_ESPERMA` */;
/*!50003 SET @saved_cs_client      = @@character_set_client */ ;
/*!50003 SET @saved_cs_results     = @@character_set_results */ ;
/*!50003 SET @saved_col_connection = @@collation_connection */ ;
/*!50003 SET character_set_client  = utf8mb4 */ ;
/*!50003 SET character_set_results = utf8mb4 */ ;
/*!50003 SET collation_connection  = utf8mb4_general_ci */ ;
/*!50003 SET @saved_sql_mode       = @@sql_mode */ ;
/*!50003 SET sql_mode              = 'NO_ZERO_IN_DATE,NO_ZERO_DATE,NO_ENGINE_SUBSTITUTION' */ ;
DELIMITER ;;
CREATE DEFINER=`root`@`localhost` PROCEDURE `CONFIRMAR_LOTE_ESPERMA`()
BEGIN
START TRANSACTION;

SELECT @V_COD_COMPRA_ESPERMA :=MAX(COD_COMPRA_ESPERMA) FROM TBL_MC_COMPRA_ESPERMA where STATUS_LOTE ='EN PROCESO';

UPDATE TBL_MC_COMPRA_ESPERMA
SET STATUS_LOTE = 'CONFIRMADO'
WHERE COD_COMPRA_ESPERMA = @V_COD_COMPRA_ESPERMA;


UPDATE TBL_MC_DETALLE_CESPERMA
SET STATUS_COMPRA = 'CONFIRMADA'
WHERE COD_COMPRA_ESPERMA = @V_COD_COMPRA_ESPERMA;


COMMIT;

END ;;
DELIMITER ;
/*!50003 SET sql_mode              = @saved_sql_mode */ ;
/*!50003 SET character_set_client  = @saved_cs_client */ ;
/*!50003 SET character_set_results = @saved_cs_results */ ;
/*!50003 SET collation_connection  = @saved_col_connection */ ;
/*!50003 DROP PROCEDURE IF EXISTS `CONFIRMAR_LOTE_MEDICAMENTO` */;
ALTER DATABASE `db_rancho_peralta` CHARACTER SET utf8mb4 COLLATE utf8mb4_general_ci ;
/*!50003 SET @saved_cs_client      = @@character_set_client */ ;
/*!50003 SET @saved_cs_results     = @@character_set_results */ ;
/*!50003 SET @saved_col_connection = @@collation_connection */ ;
/*!50003 SET character_set_client  = utf8mb4 */ ;
/*!50003 SET character_set_results = utf8mb4 */ ;
/*!50003 SET collation_connection  = utf8mb4_general_ci */ ;
/*!50003 SET @saved_sql_mode       = @@sql_mode */ ;
/*!50003 SET sql_mode              = 'NO_ZERO_IN_DATE,NO_ZERO_DATE,NO_ENGINE_SUBSTITUTION' */ ;
DELIMITER ;;
CREATE DEFINER=`root`@`localhost` PROCEDURE `CONFIRMAR_LOTE_MEDICAMENTO`()
BEGIN
 DECLARE V_COD_MEDICAMENTO INTEGER;
 DECLARE V_CANT_MEDICAMENTO INTEGER;
  DECLARE V_STATUS_DETALLE VARCHAR(30);
 DECLARE V_FINAL INTEGER DEFAULT 0;

  DECLARE MEDICAMENTO_CUR CURSOR FOR SELECT D.COD_MEDICAMENTO,D.CAN_MEDICAMENTO,D.STATUS_DETALLE 
  FROM TBL_PR_DETALLE_LOTE D JOIN TBL_PR_COMPRA_MEDICAMENTO C ON(C.COD_COMPRA_MEDICAMENTO = D.COD_COMPRA_MEDICAMENTO)
  WHERE  D.COD_COMPRA_MEDICAMENTO =  ( SELECT MAX(COD_COMPRA_MEDICAMENTO) FROM TBL_PR_COMPRA_MEDICAMENTO);
  DECLARE CONTINUE HANDLER FOR NOT FOUND SET  V_FINAL = 1;
  
START TRANSACTION;



  OPEN MEDICAMENTO_CUR;

  bucle: LOOP

    FETCH MEDICAMENTO_CUR INTO V_COD_MEDICAMENTO,V_CANT_MEDICAMENTO,V_STATUS_DETALLE;

    IF V_FINAL = 1 THEN
      LEAVE bucle;
    END IF;
    
    IF  V_STATUS_DETALLE = 'EN PROCESO'  THEN

    UPDATE TBL_PR_MEDICAMENTO SET CAN_DISPONIBLE = CAN_DISPONIBLE + V_CANT_MEDICAMENTO 
    WHERE COD_MEDICAMENTO = V_COD_MEDICAMENTO;
    END IF;
  END LOOP bucle;
 
  CLOSE MEDICAMENTO_CUR;
   SELECT @COD_COMPRA_MEDICAMENTO:=MAX( COD_COMPRA_MEDICAMENTO) FROM TBL_PR_COMPRA_MEDICAMENTO;
SELECT @COD_MEDICAMENTO:= COD_MEDICAMENTO FROM TBL_PR_DETALLE_LOTE WHERE COD_COMPRA_MEDICAMENTO = @COD_COMPRA_MEDICAMENTO;

UPDATE TBL_PR_COMPRA_MEDICAMENTO 
SET STATUS_LOTE = 'CONFIRMADO'
WHERE COD_COMPRA_MEDICAMENTO = @COD_COMPRA_MEDICAMENTO;

UPDATE TBL_PR_DETALLE_LOTE
SET STATUS_DETALLE = 'CONFIRMADA'
WHERE COD_COMPRA_MEDICAMENTO = @COD_COMPRA_MEDICAMENTO;

COMMIT;
END ;;
DELIMITER ;
/*!50003 SET sql_mode              = @saved_sql_mode */ ;
/*!50003 SET character_set_client  = @saved_cs_client */ ;
/*!50003 SET character_set_results = @saved_cs_results */ ;
/*!50003 SET collation_connection  = @saved_col_connection */ ;
ALTER DATABASE `db_rancho_peralta` CHARACTER SET utf8 COLLATE utf8_spanish_ci ;
/*!50003 DROP PROCEDURE IF EXISTS `CONFIRMAR_LOTE_VENTA` */;
ALTER DATABASE `db_rancho_peralta` CHARACTER SET utf8mb4 COLLATE utf8mb4_general_ci ;
/*!50003 SET @saved_cs_client      = @@character_set_client */ ;
/*!50003 SET @saved_cs_results     = @@character_set_results */ ;
/*!50003 SET @saved_col_connection = @@collation_connection */ ;
/*!50003 SET character_set_client  = utf8mb4 */ ;
/*!50003 SET character_set_results = utf8mb4 */ ;
/*!50003 SET collation_connection  = utf8mb4_general_ci */ ;
/*!50003 SET @saved_sql_mode       = @@sql_mode */ ;
/*!50003 SET sql_mode              = 'NO_ZERO_IN_DATE,NO_ZERO_DATE,NO_ENGINE_SUBSTITUTION' */ ;
DELIMITER ;;
CREATE DEFINER=`root`@`localhost` PROCEDURE `CONFIRMAR_LOTE_VENTA`()
BEGIN
START TRANSACTION;
SELECT @COD_VENTA:=MAX(COD_VENTA) FROM TBL_MV_VENTA;

UPDATE TBL_MV_VENTA 
SET STATUS_LOTE = 'CONFIRMADO'
WHERE COD_VENTA = @COD_VENTA;

UPDATE TBL_MV_DETALLE_VENTA
SET STATUS_VENTA = 'CONFIRMADA'
WHERE COD_VENTA = @COD_VENTA;

SELECT @COD_REGISTRO_GANADO := COD_REGISTRO_GANADO FROM tbl_mv_detalle_venta
WHERE COD_VENTA = @COD_VENTA and STATUS_VENTA = 'CONFIRMADA' ;

UPDATE TBL_MG_GANADO SET
NUM_ARETE = NULL,
COD_ESTADO = 8
WHERE COD_REGISTRO_GANADO = @COD_REGISTRO_GANADO  ;

COMMIT;
END ;;
DELIMITER ;
/*!50003 SET sql_mode              = @saved_sql_mode */ ;
/*!50003 SET character_set_client  = @saved_cs_client */ ;
/*!50003 SET character_set_results = @saved_cs_results */ ;
/*!50003 SET collation_connection  = @saved_col_connection */ ;
ALTER DATABASE `db_rancho_peralta` CHARACTER SET utf8 COLLATE utf8_spanish_ci ;
/*!50003 DROP PROCEDURE IF EXISTS `DEL_DETALLE_COMPRA` */;
ALTER DATABASE `db_rancho_peralta` CHARACTER SET utf8mb4 COLLATE utf8mb4_general_ci ;
/*!50003 SET @saved_cs_client      = @@character_set_client */ ;
/*!50003 SET @saved_cs_results     = @@character_set_results */ ;
/*!50003 SET @saved_col_connection = @@collation_connection */ ;
/*!50003 SET character_set_client  = utf8mb4 */ ;
/*!50003 SET character_set_results = utf8mb4 */ ;
/*!50003 SET collation_connection  = utf8mb4_general_ci */ ;
/*!50003 SET @saved_sql_mode       = @@sql_mode */ ;
/*!50003 SET sql_mode              = 'NO_ZERO_IN_DATE,NO_ZERO_DATE,NO_ENGINE_SUBSTITUTION' */ ;
DELIMITER ;;
CREATE DEFINER=`root`@`localhost` PROCEDURE `DEL_DETALLE_COMPRA`(IN V_COD_DETALLE_COMPRA BIGINT)
BEGIN
START TRANSACTION;
SELECT @COD_COMPRA:= COD_COMPRA_GANADO, @PRECIO:= PRE_GANADO
FROM TBL_MC_DETALLE_COMPRAG 
WHERE COD_DETALLE_COMPRA = V_COD_DETALLE_COMPRA;

UPDATE TBL_MC_COMPRA_GANADO
SET TOTAL_PRECIO = TOTAL_PRECIO - @PRECIO,
CAN_TOTAL = CAN_TOTAL -1
WHERE COD_COMPRA_GANADO = @COD_COMPRA;


DELETE FROM  TBL_MC_DETALLE_COMPRAG WHERE
COD_DETALLE_COMPRA = V_COD_DETALLE_COMPRA;

COMMIT;
END ;;
DELIMITER ;
/*!50003 SET sql_mode              = @saved_sql_mode */ ;
/*!50003 SET character_set_client  = @saved_cs_client */ ;
/*!50003 SET character_set_results = @saved_cs_results */ ;
/*!50003 SET collation_connection  = @saved_col_connection */ ;
ALTER DATABASE `db_rancho_peralta` CHARACTER SET utf8 COLLATE utf8_spanish_ci ;
/*!50003 DROP PROCEDURE IF EXISTS `DEL_DETALLE_COMPRA_EMBRION` */;
ALTER DATABASE `db_rancho_peralta` CHARACTER SET utf8mb4 COLLATE utf8mb4_general_ci ;
/*!50003 SET @saved_cs_client      = @@character_set_client */ ;
/*!50003 SET @saved_cs_results     = @@character_set_results */ ;
/*!50003 SET @saved_col_connection = @@collation_connection */ ;
/*!50003 SET character_set_client  = utf8mb4 */ ;
/*!50003 SET character_set_results = utf8mb4 */ ;
/*!50003 SET collation_connection  = utf8mb4_general_ci */ ;
/*!50003 SET @saved_sql_mode       = @@sql_mode */ ;
/*!50003 SET sql_mode              = 'NO_ZERO_IN_DATE,NO_ZERO_DATE,NO_ENGINE_SUBSTITUTION' */ ;
DELIMITER ;;
CREATE DEFINER=`root`@`localhost` PROCEDURE `DEL_DETALLE_COMPRA_EMBRION`(IN V_COD_DETALLE_COMPRA_EMBRION BIGINT)
BEGIN
START TRANSACTION;
SELECT @COD_COMPRA_EMBRION:= COD_COMPRA_EMBRION, @PRECIO:= PRE_EMBRION
FROM TBL_MC_DETALLE_CEMBRION 
WHERE COD_DETALLE_COMPRA = V_COD_DETALLE_COMPRA_EMBRION;

UPDATE TBL_MC_COMPRA_EMBRION
SET TOTAL_PRECIO = TOTAL_PRECIO - @PRECIO,
CAN_TOTAL = CAN_TOTAL -1
WHERE COD_COMPRA_EMBRION = @COD_COMPRA_EMBRION;


DELETE FROM  TBL_MC_DETALLE_CEMBRION WHERE
COD_DETALLE_COMPRA = V_COD_DETALLE_COMPRA_EMBRION;

COMMIT;
END ;;
DELIMITER ;
/*!50003 SET sql_mode              = @saved_sql_mode */ ;
/*!50003 SET character_set_client  = @saved_cs_client */ ;
/*!50003 SET character_set_results = @saved_cs_results */ ;
/*!50003 SET collation_connection  = @saved_col_connection */ ;
ALTER DATABASE `db_rancho_peralta` CHARACTER SET utf8 COLLATE utf8_spanish_ci ;
/*!50003 DROP PROCEDURE IF EXISTS `DEL_DETALLE_COMPRA_ESPERMA` */;
ALTER DATABASE `db_rancho_peralta` CHARACTER SET utf8mb4 COLLATE utf8mb4_general_ci ;
/*!50003 SET @saved_cs_client      = @@character_set_client */ ;
/*!50003 SET @saved_cs_results     = @@character_set_results */ ;
/*!50003 SET @saved_col_connection = @@collation_connection */ ;
/*!50003 SET character_set_client  = utf8mb4 */ ;
/*!50003 SET character_set_results = utf8mb4 */ ;
/*!50003 SET collation_connection  = utf8mb4_general_ci */ ;
/*!50003 SET @saved_sql_mode       = @@sql_mode */ ;
/*!50003 SET sql_mode              = 'NO_ZERO_IN_DATE,NO_ZERO_DATE,NO_ENGINE_SUBSTITUTION' */ ;
DELIMITER ;;
CREATE DEFINER=`root`@`localhost` PROCEDURE `DEL_DETALLE_COMPRA_ESPERMA`(IN V_COD_DETALLE_COMPRA_ESPERMA BIGINT)
BEGIN
START TRANSACTION;
SELECT @COD_COMPRA_ESPERMA:= COD_COMPRA_ESPERMA, @PRECIO:= PRE_ESPERMA
FROM TBL_MC_DETALLE_CESPERMA 
WHERE COD_DETALLE_COMPRA = V_COD_DETALLE_COMPRA_ESPERMA;

UPDATE TBL_MC_COMPRA_ESPERMA
SET TOTAL_PRECIO = TOTAL_PRECIO - @PRECIO,
CAN_TOTAL = CAN_TOTAL -1
WHERE COD_COMPRA_ESPERMA = @COD_COMPRA_ESPERMA;


DELETE FROM  TBL_MC_DETALLE_CESPERMA WHERE
COD_DETALLE_COMPRA = V_COD_DETALLE_COMPRA_ESPERMA;

COMMIT;
END ;;
DELIMITER ;
/*!50003 SET sql_mode              = @saved_sql_mode */ ;
/*!50003 SET character_set_client  = @saved_cs_client */ ;
/*!50003 SET character_set_results = @saved_cs_results */ ;
/*!50003 SET collation_connection  = @saved_col_connection */ ;
ALTER DATABASE `db_rancho_peralta` CHARACTER SET utf8 COLLATE utf8_spanish_ci ;
/*!50003 DROP PROCEDURE IF EXISTS `DEL_DETALLE_LOTE_MEDICAMENTO` */;
ALTER DATABASE `db_rancho_peralta` CHARACTER SET utf8mb4 COLLATE utf8mb4_general_ci ;
/*!50003 SET @saved_cs_client      = @@character_set_client */ ;
/*!50003 SET @saved_cs_results     = @@character_set_results */ ;
/*!50003 SET @saved_col_connection = @@collation_connection */ ;
/*!50003 SET character_set_client  = utf8mb4 */ ;
/*!50003 SET character_set_results = utf8mb4 */ ;
/*!50003 SET collation_connection  = utf8mb4_general_ci */ ;
/*!50003 SET @saved_sql_mode       = @@sql_mode */ ;
/*!50003 SET sql_mode              = 'NO_ZERO_IN_DATE,NO_ZERO_DATE,NO_ENGINE_SUBSTITUTION' */ ;
DELIMITER ;;
CREATE DEFINER=`root`@`localhost` PROCEDURE `DEL_DETALLE_LOTE_MEDICAMENTO`(IN V_COD_DETALLE_LOTE BIGINT)
BEGIN
START TRANSACTION;
SELECT @COD_COMPRA_MEDICAMENTO:= COD_COMPRA_MEDICAMENTO
FROM TBL_PR_DETALLE_LOTE
WHERE COD_DETALLE_LOTE = V_COD_DETALLE_LOTE;

UPDATE TBL_PR_COMPRA_MEDICAMENTO
SET CAN_TOTAL = CAN_TOTAL -1
WHERE COD_COMPRA_MEDICAMENTO = @COD_COMPRA_MEDICAMENTO;

DELETE FROM  TBL_PR_DETALLE_LOTE WHERE
COD_DETALLE_LOTE = V_COD_DETALLE_LOTE;

COMMIT;
END ;;
DELIMITER ;
/*!50003 SET sql_mode              = @saved_sql_mode */ ;
/*!50003 SET character_set_client  = @saved_cs_client */ ;
/*!50003 SET character_set_results = @saved_cs_results */ ;
/*!50003 SET collation_connection  = @saved_col_connection */ ;
ALTER DATABASE `db_rancho_peralta` CHARACTER SET utf8 COLLATE utf8_spanish_ci ;
/*!50003 DROP PROCEDURE IF EXISTS `DEL_DETALLE_VENTA` */;
ALTER DATABASE `db_rancho_peralta` CHARACTER SET utf8mb4 COLLATE utf8mb4_general_ci ;
/*!50003 SET @saved_cs_client      = @@character_set_client */ ;
/*!50003 SET @saved_cs_results     = @@character_set_results */ ;
/*!50003 SET @saved_col_connection = @@collation_connection */ ;
/*!50003 SET character_set_client  = utf8mb4 */ ;
/*!50003 SET character_set_results = utf8mb4 */ ;
/*!50003 SET collation_connection  = utf8mb4_general_ci */ ;
/*!50003 SET @saved_sql_mode       = @@sql_mode */ ;
/*!50003 SET sql_mode              = 'NO_ZERO_IN_DATE,NO_ZERO_DATE,NO_ENGINE_SUBSTITUTION' */ ;
DELIMITER ;;
CREATE DEFINER=`root`@`localhost` PROCEDURE `DEL_DETALLE_VENTA`(IN V_COD_DETALLE_VENTA BIGINT)
BEGIN
START TRANSACTION;
SELECT @COD_VENTA:= COD_VENTA, @PRECIO:= PRE_VENTA
FROM TBL_MV_DETALLE_VENTA
WHERE COD_DETALLE_VENTA = V_COD_DETALLE_VENTA;

UPDATE TBL_MV_VENTA
SET TOTAL_PRECIO = TOTAL_PRECIO - @PRECIO,
CAN_TOTAL = CAN_TOTAL -1
WHERE COD_VENTA = @COD_VENTA;

DELETE FROM  TBL_MV_DETALLE_VENTA WHERE
COD_DETALLE_VENTA = V_COD_DETALLE_VENTA;

COMMIT;
END ;;
DELIMITER ;
/*!50003 SET sql_mode              = @saved_sql_mode */ ;
/*!50003 SET character_set_client  = @saved_cs_client */ ;
/*!50003 SET character_set_results = @saved_cs_results */ ;
/*!50003 SET collation_connection  = @saved_col_connection */ ;
ALTER DATABASE `db_rancho_peralta` CHARACTER SET utf8 COLLATE utf8_spanish_ci ;
/*!50003 DROP PROCEDURE IF EXISTS `DEL_LOTE` */;
ALTER DATABASE `db_rancho_peralta` CHARACTER SET utf8mb4 COLLATE utf8mb4_general_ci ;
/*!50003 SET @saved_cs_client      = @@character_set_client */ ;
/*!50003 SET @saved_cs_results     = @@character_set_results */ ;
/*!50003 SET @saved_col_connection = @@collation_connection */ ;
/*!50003 SET character_set_client  = utf8mb4 */ ;
/*!50003 SET character_set_results = utf8mb4 */ ;
/*!50003 SET collation_connection  = utf8mb4_general_ci */ ;
/*!50003 SET @saved_sql_mode       = @@sql_mode */ ;
/*!50003 SET sql_mode              = 'NO_ZERO_IN_DATE,NO_ZERO_DATE,NO_ENGINE_SUBSTITUTION' */ ;
DELIMITER ;;
CREATE DEFINER=`root`@`localhost` PROCEDURE `DEL_LOTE`(IN V_COD_LOTE BIGINT)
BEGIN
START TRANSACTION;
DELETE FROM  TBL_MC_COMPRA_GANADO WHERE
COD_COMPRA_GANADO = V_COD_LOTE;
COMMIT;
END ;;
DELIMITER ;
/*!50003 SET sql_mode              = @saved_sql_mode */ ;
/*!50003 SET character_set_client  = @saved_cs_client */ ;
/*!50003 SET character_set_results = @saved_cs_results */ ;
/*!50003 SET collation_connection  = @saved_col_connection */ ;
ALTER DATABASE `db_rancho_peralta` CHARACTER SET utf8 COLLATE utf8_spanish_ci ;
/*!50003 DROP PROCEDURE IF EXISTS `DETALLE_LOTE` */;
ALTER DATABASE `db_rancho_peralta` CHARACTER SET utf8mb4 COLLATE utf8mb4_general_ci ;
/*!50003 SET @saved_cs_client      = @@character_set_client */ ;
/*!50003 SET @saved_cs_results     = @@character_set_results */ ;
/*!50003 SET @saved_col_connection = @@collation_connection */ ;
/*!50003 SET character_set_client  = utf8mb4 */ ;
/*!50003 SET character_set_results = utf8mb4 */ ;
/*!50003 SET collation_connection  = utf8mb4_general_ci */ ;
/*!50003 SET @saved_sql_mode       = @@sql_mode */ ;
/*!50003 SET sql_mode              = 'NO_ZERO_IN_DATE,NO_ZERO_DATE,NO_ENGINE_SUBSTITUTION' */ ;
DELIMITER ;;
CREATE DEFINER=`root`@`localhost` PROCEDURE `DETALLE_LOTE`(IN V_COD_COMPRA_GANADO BIGINT)
BEGIN
START TRANSACTION; select
`d`.`COD_DETALLE_COMPRA` AS `COD_DETALLE_COMPRA`,
`c`.`COD_COMPRA_GANADO` AS `COD_COMPRA_GANADO`,
`d`.`NOM_GANADO` AS `NOM_GANADO`,
`d`.`CLR_GANADO` AS `CLR_GANADO`,
`r`.`NOM_RAZA` AS `NOM_RAZA`,
`d`.`SEX_GANADO` AS `SEX_GANADO`,
`d`.`PES_ACTUAL` AS `PES_ACTUAL`,
`e`.`DET_ESTADO` AS `DET_ESTADO`,
`d`.`FIE_GANADO` AS `FIE_GANADO`,
`l`.`DIR_LUGAR` AS `DIR_LUGAR`,
`d`.`PRE_GANADO` AS `PRE_GANADO`,
`d`.`STATUS_COMPRA` AS `STATUS` 
from ((((`tbl_mc_compra_ganado` `c`
join `tbl_mc_detalle_comprag` `d` on(`c`.`COD_COMPRA_GANADO` = `d`.`COD_COMPRA_GANADO`))
join `tbl_mg_raza` `r` on(`d`.`COD_RAZA` = `r`.`COD_RAZA`))
join `tbl_mg_estado_ganado` `e` on(`d`.`COD_ESTADO` = `e`.`COD_ESTADO`)) 
join `tbl_mg_lugar` `l` on(`d`.`COD_LUGAR` = `l`.`COD_LUGAR`)) 
where c.COD_COMPRA_GANADO = V_COD_COMPRA_GANADO; 
COMMIT;
END ;;
DELIMITER ;
/*!50003 SET sql_mode              = @saved_sql_mode */ ;
/*!50003 SET character_set_client  = @saved_cs_client */ ;
/*!50003 SET character_set_results = @saved_cs_results */ ;
/*!50003 SET collation_connection  = @saved_col_connection */ ;
ALTER DATABASE `db_rancho_peralta` CHARACTER SET utf8 COLLATE utf8_spanish_ci ;
/*!50003 DROP PROCEDURE IF EXISTS `DLT_COMPRAEM` */;
ALTER DATABASE `db_rancho_peralta` CHARACTER SET utf8mb4 COLLATE utf8mb4_general_ci ;
/*!50003 SET @saved_cs_client      = @@character_set_client */ ;
/*!50003 SET @saved_cs_results     = @@character_set_results */ ;
/*!50003 SET @saved_col_connection = @@collation_connection */ ;
/*!50003 SET character_set_client  = utf8mb4 */ ;
/*!50003 SET character_set_results = utf8mb4 */ ;
/*!50003 SET collation_connection  = utf8mb4_general_ci */ ;
/*!50003 SET @saved_sql_mode       = @@sql_mode */ ;
/*!50003 SET sql_mode              = 'NO_ZERO_IN_DATE,NO_ZERO_DATE,NO_ENGINE_SUBSTITUTION' */ ;
DELIMITER ;;
CREATE DEFINER=`root`@`localhost` PROCEDURE `DLT_COMPRAEM`(C_COMPRA BIGINT)
BEGIN 
START TRANSACTION;
DELETE FROM TBL_MG_EMBRION WHERE COD_COMPRA_EMBRION=C_COMPRA;
DELETE FROM TBL_MC_COMPRA_EMBRION WHERE COD_COMPRA_EMBRION=C_COMPRA;
COMMIT;
END ;;
DELIMITER ;
/*!50003 SET sql_mode              = @saved_sql_mode */ ;
/*!50003 SET character_set_client  = @saved_cs_client */ ;
/*!50003 SET character_set_results = @saved_cs_results */ ;
/*!50003 SET collation_connection  = @saved_col_connection */ ;
ALTER DATABASE `db_rancho_peralta` CHARACTER SET utf8 COLLATE utf8_spanish_ci ;
/*!50003 DROP PROCEDURE IF EXISTS `DLT_LUGAR` */;
ALTER DATABASE `db_rancho_peralta` CHARACTER SET utf8mb4 COLLATE utf8mb4_general_ci ;
/*!50003 SET @saved_cs_client      = @@character_set_client */ ;
/*!50003 SET @saved_cs_results     = @@character_set_results */ ;
/*!50003 SET @saved_col_connection = @@collation_connection */ ;
/*!50003 SET character_set_client  = utf8mb4 */ ;
/*!50003 SET character_set_results = utf8mb4 */ ;
/*!50003 SET collation_connection  = utf8mb4_general_ci */ ;
/*!50003 SET @saved_sql_mode       = @@sql_mode */ ;
/*!50003 SET sql_mode              = 'NO_ZERO_IN_DATE,NO_ZERO_DATE,NO_ENGINE_SUBSTITUTION' */ ;
DELIMITER ;;
CREATE DEFINER=`root`@`localhost` PROCEDURE `DLT_LUGAR`(C_LUGAR BIGINT)
BEGIN 
START TRANSACTION;
DELETE FROM TBL_MG_LUGAR WHERE COD_LUGAR=C_LUGAR;
COMMIT;
END ;;
DELIMITER ;
/*!50003 SET sql_mode              = @saved_sql_mode */ ;
/*!50003 SET character_set_client  = @saved_cs_client */ ;
/*!50003 SET character_set_results = @saved_cs_results */ ;
/*!50003 SET collation_connection  = @saved_col_connection */ ;
ALTER DATABASE `db_rancho_peralta` CHARACTER SET utf8 COLLATE utf8_spanish_ci ;
/*!50003 DROP PROCEDURE IF EXISTS `DLT_PRODUCCION_LECHE` */;
ALTER DATABASE `db_rancho_peralta` CHARACTER SET utf8mb4 COLLATE utf8mb4_general_ci ;
/*!50003 SET @saved_cs_client      = @@character_set_client */ ;
/*!50003 SET @saved_cs_results     = @@character_set_results */ ;
/*!50003 SET @saved_col_connection = @@collation_connection */ ;
/*!50003 SET character_set_client  = utf8mb4 */ ;
/*!50003 SET character_set_results = utf8mb4 */ ;
/*!50003 SET collation_connection  = utf8mb4_general_ci */ ;
/*!50003 SET @saved_sql_mode       = @@sql_mode */ ;
/*!50003 SET sql_mode              = 'NO_ZERO_IN_DATE,NO_ZERO_DATE,NO_ENGINE_SUBSTITUTION' */ ;
DELIMITER ;;
CREATE DEFINER=`root`@`localhost` PROCEDURE `DLT_PRODUCCION_LECHE`(C_LECHE BIGINT)
BEGIN 
START TRANSACTION;
DELETE FROM TBL_PR_PRODUCCION_LECHE WHERE COD_REGISTRO_LECHE=C_LECHE;
COMMIT;
END ;;
DELIMITER ;
/*!50003 SET sql_mode              = @saved_sql_mode */ ;
/*!50003 SET character_set_client  = @saved_cs_client */ ;
/*!50003 SET character_set_results = @saved_cs_results */ ;
/*!50003 SET collation_connection  = @saved_col_connection */ ;
ALTER DATABASE `db_rancho_peralta` CHARACTER SET utf8 COLLATE utf8_spanish_ci ;
/*!50003 DROP PROCEDURE IF EXISTS `INS_CLIENTE` */;
ALTER DATABASE `db_rancho_peralta` CHARACTER SET utf8mb4 COLLATE utf8mb4_general_ci ;
/*!50003 SET @saved_cs_client      = @@character_set_client */ ;
/*!50003 SET @saved_cs_results     = @@character_set_results */ ;
/*!50003 SET @saved_col_connection = @@collation_connection */ ;
/*!50003 SET character_set_client  = utf8mb4 */ ;
/*!50003 SET character_set_results = utf8mb4 */ ;
/*!50003 SET collation_connection  = utf8mb4_general_ci */ ;
/*!50003 SET @saved_sql_mode       = @@sql_mode */ ;
/*!50003 SET sql_mode              = 'NO_ZERO_IN_DATE,NO_ZERO_DATE,NO_ENGINE_SUBSTITUTION' */ ;
DELIMITER ;;
CREATE DEFINER=`root`@`localhost` PROCEDURE `INS_CLIENTE`(IN V_PRI_NOMBRE VARCHAR(255), 
IN V_PRI_APELLIDO VARCHAR(255),  
IN V_ID_PERSONA VARCHAR(50), 
IN V_SEX_PERSONA ENUM("M","F"), 
IN V_FEC_NACIMIENTO DATE, 
IN V_DET_DIRECCION VARCHAR(800), 
IN V_NUM_AREA VARCHAR(4),
IN V_NUM_CELULAR VARCHAR(15),
IN V_NUM_TELEFONO VARCHAR(15))
BEGIN 
START TRANSACTION;  
INSERT INTO TBL_MP_CLIENTES (
PRI_NOMBRE,
PRI_APELLIDO,
ID_CLIENTE,
SEX_CLIENTE,
FEC_NACIMIENTO,
DET_DIRECCION,
FEC_REGISTRO,
IND_COMERCIAL
)
VALUES (
V_PRI_NOMBRE,
V_PRI_APELLIDO,
V_ID_PERSONA,
V_SEX_PERSONA,
V_FEC_NACIMIENTO,
V_DET_DIRECCION,
CURDATE(),
DEFAULT
);
SELECT @COD_CLIENTE :=MAX(COD_CLIENTE) FROM TBL_MP_CLIENTES;
INSERT INTO TBL_MP_TELEFONOS_CLIENTES(
COD_CLIENTE,
NUM_AREA,
NUM_CELULAR,
NUM_TELEFONO,
FEC_REGISTRO
)
VALUES (
@COD_CLIENTE,
V_NUM_AREA,
V_NUM_CELULAR,
V_NUM_TELEFONO,
CURDATE()
);
COMMIT;
END ;;
DELIMITER ;
/*!50003 SET sql_mode              = @saved_sql_mode */ ;
/*!50003 SET character_set_client  = @saved_cs_client */ ;
/*!50003 SET character_set_results = @saved_cs_results */ ;
/*!50003 SET collation_connection  = @saved_col_connection */ ;
ALTER DATABASE `db_rancho_peralta` CHARACTER SET utf8 COLLATE utf8_spanish_ci ;
/*!50003 DROP PROCEDURE IF EXISTS `INS_COMPRA_EMBRION` */;
/*!50003 SET @saved_cs_client      = @@character_set_client */ ;
/*!50003 SET @saved_cs_results     = @@character_set_results */ ;
/*!50003 SET @saved_col_connection = @@collation_connection */ ;
/*!50003 SET character_set_client  = utf8mb4 */ ;
/*!50003 SET character_set_results = utf8mb4 */ ;
/*!50003 SET collation_connection  = utf8mb4_general_ci */ ;
/*!50003 SET @saved_sql_mode       = @@sql_mode */ ;
/*!50003 SET sql_mode              = 'NO_ZERO_IN_DATE,NO_ZERO_DATE,NO_ENGINE_SUBSTITUTION' */ ;
DELIMITER ;;
CREATE DEFINER=`root`@`localhost` PROCEDURE `INS_COMPRA_EMBRION`( 
IN V_RAZ_ESPERADA VARCHAR(100), 
IN V_NOM_VACA_DONADORA VARCHAR(20),
IN V_RAZ_VACA_DONADORA VARCHAR(20),
IN V_RAZ_TORO_DONADOR VARCHAR(25), 
IN V_NOM_TORO_DONADOR VARCHAR(50),
IN V_PRE_EMBRION DECIMAL(10,2), 
IN V_OBS_COMPRA_EMBRION VARCHAR(100))
BEGIN
START TRANSACTION;
SELECT @V_COD_COMPRA_EMBRION :=MAX(COD_COMPRA_EMBRION) FROM TBL_MC_COMPRA_EMBRION where STATUS_LOTE ='EN PROCESO';

INSERT INTO TBL_MC_DETALLE_CEMBRION(
  COD_COMPRA_EMBRION,
  RAZ_ESPERADA,
  NOM_VACA_DONADORA, 
  RAZ_VACA_DONADORA ,   
  RAZ_TORO_DONADOR  ,       
  NOM_TORO_DONADOR ,       
  PRE_EMBRION ,          
  OBS_COMPRA_EMBRION,
  IND_EMBRION,
  FEC_REGISTRO,
  STATUS_COMPRA
)
VALUES(
@V_COD_COMPRA_EMBRION,
V_RAZ_ESPERADA,
V_NOM_VACA_DONADORA ,
V_RAZ_VACA_DONADORA,
V_RAZ_TORO_DONADOR ,
V_NOM_TORO_DONADOR,
V_PRE_EMBRION ,
V_OBS_COMPRA_EMBRION ,
DEFAULT ,
CURDATE(),
DEFAULT
);
UPDATE tbl_mc_compra_embrion SET
  CAN_TOTAL = CAN_TOTAL +1,
  TOTAL_PRECIO = TOTAL_PRECIO + V_PRE_EMBRION
WHERE COD_COMPRA_EMBRION = @V_COD_COMPRA_EMBRION;
COMMIT;
END ;;
DELIMITER ;
/*!50003 SET sql_mode              = @saved_sql_mode */ ;
/*!50003 SET character_set_client  = @saved_cs_client */ ;
/*!50003 SET character_set_results = @saved_cs_results */ ;
/*!50003 SET collation_connection  = @saved_col_connection */ ;
/*!50003 DROP PROCEDURE IF EXISTS `INS_COMPRA_ESPERMA` */;
/*!50003 SET @saved_cs_client      = @@character_set_client */ ;
/*!50003 SET @saved_cs_results     = @@character_set_results */ ;
/*!50003 SET @saved_col_connection = @@collation_connection */ ;
/*!50003 SET character_set_client  = utf8mb4 */ ;
/*!50003 SET character_set_results = utf8mb4 */ ;
/*!50003 SET collation_connection  = utf8mb4_general_ci */ ;
/*!50003 SET @saved_sql_mode       = @@sql_mode */ ;
/*!50003 SET sql_mode              = 'NO_ZERO_IN_DATE,NO_ZERO_DATE,NO_ENGINE_SUBSTITUTION' */ ;
DELIMITER ;;
CREATE DEFINER=`root`@`localhost` PROCEDURE `INS_COMPRA_ESPERMA`( 
IN V_NUM_PAJILLA BIGINT,
IN V_PRE_ESPERMA DECIMAL(10,2),
IN V_OBS_COMPRA_ESPERMA VARCHAR(100), 
IN V_RAZ_TORO_DONADOR VARCHAR(25),
IN V_NOM_TORO_DONADOR VARCHAR(50))
BEGIN
START TRANSACTION;
SELECT @COD_COMPRA_ESPERMA :=MAX(COD_COMPRA_ESPERMA) FROM TBL_MC_COMPRA_ESPERMA where STATUS_LOTE ='EN PROCESO';

INSERT INTO TBL_MC_DETALLE_CESPERMA(
COD_COMPRA_ESPERMA,
  NUM_PAJILLA,
  PRE_ESPERMA, 
  OBS_COMPRA_ESPERMA ,     
  RAZ_TORO_DONADOR  ,       
  NOM_TORO_DONADOR ,       
  IND_ESPERMA ,          
  FEC_REGISTRO  ,
  STATUS_COMPRA
)
VALUES(
@COD_COMPRA_ESPERMA , 
  V_NUM_PAJILLA,
  V_PRE_ESPERMA, 
  V_OBS_COMPRA_ESPERMA ,  
  V_RAZ_TORO_DONADOR  ,       
  V_NOM_TORO_DONADOR ,       
 DEFAULT ,          
CURDATE() ,
DEFAULT
);
UPDATE tbl_mc_compra_esperma SET
  CAN_TOTAL = CAN_TOTAL +1,
  TOTAL_PRECIO = TOTAL_PRECIO + V_PRE_ESPERMA
WHERE COD_COMPRA_ESPERMA = @COD_COMPRA_ESPERMA;
COMMIT;
END ;;
DELIMITER ;
/*!50003 SET sql_mode              = @saved_sql_mode */ ;
/*!50003 SET character_set_client  = @saved_cs_client */ ;
/*!50003 SET character_set_results = @saved_cs_results */ ;
/*!50003 SET collation_connection  = @saved_col_connection */ ;
/*!50003 DROP PROCEDURE IF EXISTS `INS_COMPRA_MEDICAMENTO` */;
ALTER DATABASE `db_rancho_peralta` CHARACTER SET utf8mb4 COLLATE utf8mb4_general_ci ;
/*!50003 SET @saved_cs_client      = @@character_set_client */ ;
/*!50003 SET @saved_cs_results     = @@character_set_results */ ;
/*!50003 SET @saved_col_connection = @@collation_connection */ ;
/*!50003 SET character_set_client  = utf8mb4 */ ;
/*!50003 SET character_set_results = utf8mb4 */ ;
/*!50003 SET collation_connection  = utf8mb4_general_ci */ ;
/*!50003 SET @saved_sql_mode       = @@sql_mode */ ;
/*!50003 SET sql_mode              = 'NO_ZERO_IN_DATE,NO_ZERO_DATE,NO_ENGINE_SUBSTITUTION' */ ;
DELIMITER ;;
CREATE DEFINER=`root`@`localhost` PROCEDURE `INS_COMPRA_MEDICAMENTO`(IN V_COD_MEDICAMENTO BIGINT,
IN V_CAN_MEDICAMENTO INT)
BEGIN
  START TRANSACTION;
   SELECT @COD_COMPRA_MEDICAMENTO :=MAX(COD_COMPRA_MEDICAMENTO) FROM `TBL_PR_COMPRA_MEDICAMENTO`;
   SELECT @DETALLE := COD_DETALLE_LOTE FROM TBL_PR_DETALLE_LOTE WHERE COD_MEDICAMENTO = V_COD_MEDICAMENTO; 
   IF EXISTS ( SELECT COD_MEDICAMENTO FROM TBL_PR_DETALLE_LOTE WHERE COD_MEDICAMENTO = V_COD_MEDICAMENTO AND COD_COMPRA_MEDICAMENTO = @COD_COMPRA_MEDICAMENTO AND COD_DETALLE_LOTE = @DETALLE) THEN
   UPDATE TBL_PR_DETALLE_LOTE SET
   CAN_MEDICAMENTO = CAN_MEDICAMENTO + V_CAN_MEDICAMENTO,
   UNI_DISPONIBLES = UNI_DISPONIBLES + V_CAN_MEDICAMENTO
   WHERE  COD_COMPRA_MEDICAMENTO = @COD_COMPRA_MEDICAMENTO AND COD_DETALLE_LOTE = @DETALLE;
   ELSE
  INSERT INTO TBL_PR_DETALLE_LOTE(            
  COD_MEDICAMENTO,   
  CAN_MEDICAMENTO,
  COD_COMPRA_MEDICAMENTO,
  STATUS_DETALLE,
  UNI_DISPONIBLES
  )
  VALUES( 
  V_COD_MEDICAMENTO,   
  V_CAN_MEDICAMENTO,
  @COD_COMPRA_MEDICAMENTO,
  DEFAULT,
  V_CAN_MEDICAMENTO
  );
  UPDATE TBL_PR_COMPRA_MEDICAMENTO set CAN_TOTAL= CAN_TOTAL + 1
where COD_COMPRA_MEDICAMENTO = @COD_COMPRA_MEDICAMENTO;
END IF;
  
  COMMIT;
  
END ;;
DELIMITER ;
/*!50003 SET sql_mode              = @saved_sql_mode */ ;
/*!50003 SET character_set_client  = @saved_cs_client */ ;
/*!50003 SET character_set_results = @saved_cs_results */ ;
/*!50003 SET collation_connection  = @saved_col_connection */ ;
ALTER DATABASE `db_rancho_peralta` CHARACTER SET utf8 COLLATE utf8_spanish_ci ;
/*!50003 DROP PROCEDURE IF EXISTS `INS_DETALLE_VENTAS` */;
ALTER DATABASE `db_rancho_peralta` CHARACTER SET utf8mb4 COLLATE utf8mb4_general_ci ;
/*!50003 SET @saved_cs_client      = @@character_set_client */ ;
/*!50003 SET @saved_cs_results     = @@character_set_results */ ;
/*!50003 SET @saved_col_connection = @@collation_connection */ ;
/*!50003 SET character_set_client  = utf8mb4 */ ;
/*!50003 SET character_set_results = utf8mb4 */ ;
/*!50003 SET collation_connection  = utf8mb4_general_ci */ ;
/*!50003 SET @saved_sql_mode       = @@sql_mode */ ;
/*!50003 SET sql_mode              = 'NO_ZERO_IN_DATE,NO_ZERO_DATE,NO_ENGINE_SUBSTITUTION' */ ;
DELIMITER ;;
CREATE DEFINER=`root`@`localhost` PROCEDURE `INS_DETALLE_VENTAS`(IN `V_COD_REGISTRO_GANADO`
BIGINT(20), IN `V_PRE_VENTA` DECIMAL(10,2))
BEGIN
  START TRANSACTION;
  SELECT @COD_VENTA :=MAX(COD_VENTA) FROM `TBL_MV_VENTA`;
  
  INSERT INTO TBL_MV_DETALLE_VENTA (
  COD_REGISTRO_GANADO,
  PRE_VENTA,
  FEC_REGISTRO,
  STATUS_VENTA,
  COD_VENTA
)
VALUES 
(
   V_COD_REGISTRO_GANADO ,
   V_PRE_VENTA,
   CURDATE(),
   DEFAULT,
   @COD_VENTA
);
UPDATE TBL_MG_GANADO SET
COD_ESTADO = 13
WHERE COD_REGISTRO_GANADO = V_COD_REGISTRO_GANADO;

UPDATE tbl_mv_venta set CAN_TOTAL= CAN_TOTAL + 1, TOTAL_PRECIO=TOTAL_PRECIO+ V_PRE_VENTA
where COD_VENTA = @COD_VENTA;
COMMIT;
END ;;
DELIMITER ;
/*!50003 SET sql_mode              = @saved_sql_mode */ ;
/*!50003 SET character_set_client  = @saved_cs_client */ ;
/*!50003 SET character_set_results = @saved_cs_results */ ;
/*!50003 SET collation_connection  = @saved_col_connection */ ;
ALTER DATABASE `db_rancho_peralta` CHARACTER SET utf8 COLLATE utf8_spanish_ci ;
/*!50003 DROP PROCEDURE IF EXISTS `INS_DETCOMPRA_EMBRION` */;
ALTER DATABASE `db_rancho_peralta` CHARACTER SET utf8mb4 COLLATE utf8mb4_general_ci ;
/*!50003 SET @saved_cs_client      = @@character_set_client */ ;
/*!50003 SET @saved_cs_results     = @@character_set_results */ ;
/*!50003 SET @saved_col_connection = @@collation_connection */ ;
/*!50003 SET character_set_client  = utf8mb4 */ ;
/*!50003 SET character_set_results = utf8mb4 */ ;
/*!50003 SET collation_connection  = utf8mb4_general_ci */ ;
/*!50003 SET @saved_sql_mode       = @@sql_mode */ ;
/*!50003 SET sql_mode              = 'NO_ZERO_IN_DATE,NO_ZERO_DATE,NO_ENGINE_SUBSTITUTION' */ ;
DELIMITER ;;
CREATE DEFINER=`root`@`localhost` PROCEDURE `INS_DETCOMPRA_EMBRION`(IN V_RAZ_ESPERADA VARCHAR(50), IN V_NOM_VACA_DONADORA VARCHAR(50), IN V_RAZ_VACA_DONADORA VARCHAR(50), IN V_NOM_TORO_DONADOR VARCHAR(50), IN V_RAZ_TORO_DONADOR VARCHAR(50), IN V_PRE_EMBRION DECIMAL(10,2), IN V_OBS_COMPRA_EMBRION VARCHAR(200))
BEGIN
START TRANSACTION;
SELECT @COD_COMPRA_EMBRION :=MAX(COD_COMPRA_EMBRION) FROM TBL_MC_COMPRA_EMBRION;
INSERT INTO TBL_MG_EMBRION(
COD_COMPRA_EMBRION,
RAZ_ESPERADA,
NOM_VACA_DONADORA,
RAZ_VACA_DONADORA,
RAZ_TORO_DONADOR,
NOM_TORO_DONADOR,
PRE_EMBRION,
OBS_COMPRA_EMBRION,
IND_EMBRION,
FEC_REGISTRO
)
VALUES(
@COD_COMPRA_EMBRION,
V_RAZ_ESPERADA,
V_NOM_VACA_DONADORA,
V_RAZ_VACA_DONADORA,
V_RAZ_TORO_DONADOR,
V_NOM_TORO_DONADOR,
V_PRE_EMBRION,
V_OBS_COMPRA_EMBRION,
DEFAULT,
NOW()
);
COMMIT;
END ;;
DELIMITER ;
/*!50003 SET sql_mode              = @saved_sql_mode */ ;
/*!50003 SET character_set_client  = @saved_cs_client */ ;
/*!50003 SET character_set_results = @saved_cs_results */ ;
/*!50003 SET collation_connection  = @saved_col_connection */ ;
ALTER DATABASE `db_rancho_peralta` CHARACTER SET utf8 COLLATE utf8_spanish_ci ;
/*!50003 DROP PROCEDURE IF EXISTS `INS_DETCOMPRA_ESPERMA` */;
ALTER DATABASE `db_rancho_peralta` CHARACTER SET utf8mb4 COLLATE utf8mb4_general_ci ;
/*!50003 SET @saved_cs_client      = @@character_set_client */ ;
/*!50003 SET @saved_cs_results     = @@character_set_results */ ;
/*!50003 SET @saved_col_connection = @@collation_connection */ ;
/*!50003 SET character_set_client  = utf8mb4 */ ;
/*!50003 SET character_set_results = utf8mb4 */ ;
/*!50003 SET collation_connection  = utf8mb4_general_ci */ ;
/*!50003 SET @saved_sql_mode       = @@sql_mode */ ;
/*!50003 SET sql_mode              = 'NO_ZERO_IN_DATE,NO_ZERO_DATE,NO_ENGINE_SUBSTITUTION' */ ;
DELIMITER ;;
CREATE DEFINER=`root`@`localhost` PROCEDURE `INS_DETCOMPRA_ESPERMA`(IN V_NUM_PAJILLA BIGINT, IN V_PRE_ESPERMA DECIMAL(10,2), IN V_OBS_COMPRA_ESPERMA VARCHAR(100), IN V_RAZ_TORO_DONADOR VARCHAR(25), IN V_NOM_TORO_DONADOR VARCHAR(50))
BEGIN
START TRANSACTION;
SELECT @COD_COMPRA_ESPERMA :=MAX(COD_COMPRA_ESPERMA) FROM TBL_MG_COMPRA_ESPERMA;
INSERT INTO TBL_MG_ESPERMA(
  COD_COMPRA_ESPERMA,
  NUM_PAJILLA,
  PRE_ESPERMA,
  OBS_COMPRA_ESPERMA,
  RAZ_TORO_DONADOR ,  
  NOM_TORO_DONADOR ,
  FEC_REGISTRO          
)
VALUES(
  @COD_COMPRA_ESPERMA,
  V_NUM_PAJILLA,
  V_PRE_ESPERMA,
  V_OBS_COMPRA_ESPERMA,
  V_RAZ_TORO_DONADOR ,  
  V_NOM_TORO_DONADOR ,
  CURDATE()
);
COMMIT;
END ;;
DELIMITER ;
/*!50003 SET sql_mode              = @saved_sql_mode */ ;
/*!50003 SET character_set_client  = @saved_cs_client */ ;
/*!50003 SET character_set_results = @saved_cs_results */ ;
/*!50003 SET collation_connection  = @saved_col_connection */ ;
ALTER DATABASE `db_rancho_peralta` CHARACTER SET utf8 COLLATE utf8_spanish_ci ;
/*!50003 DROP PROCEDURE IF EXISTS `INS_ESTADO` */;
ALTER DATABASE `db_rancho_peralta` CHARACTER SET utf8mb4 COLLATE utf8mb4_general_ci ;
/*!50003 SET @saved_cs_client      = @@character_set_client */ ;
/*!50003 SET @saved_cs_results     = @@character_set_results */ ;
/*!50003 SET @saved_col_connection = @@collation_connection */ ;
/*!50003 SET character_set_client  = utf8mb4 */ ;
/*!50003 SET character_set_results = utf8mb4 */ ;
/*!50003 SET collation_connection  = utf8mb4_general_ci */ ;
/*!50003 SET @saved_sql_mode       = @@sql_mode */ ;
/*!50003 SET sql_mode              = 'NO_ZERO_IN_DATE,NO_ZERO_DATE,NO_ENGINE_SUBSTITUTION' */ ;
DELIMITER ;;
CREATE DEFINER=`root`@`localhost` PROCEDURE `INS_ESTADO`(IN V_DET_ESTADO VARCHAR (30),V_DESC_ESTADO VARCHAR(150))
BEGIN
START TRANSACTION;
INSERT INTO tbl_mg_estado_ganado(
DET_ESTADO,
DESCRIPCION_ESTADO
) VALUES(
V_DET_ESTADO,
V_DESC_ESTADO
);
COMMIT;
END ;;
DELIMITER ;
/*!50003 SET sql_mode              = @saved_sql_mode */ ;
/*!50003 SET character_set_client  = @saved_cs_client */ ;
/*!50003 SET character_set_results = @saved_cs_results */ ;
/*!50003 SET collation_connection  = @saved_col_connection */ ;
ALTER DATABASE `db_rancho_peralta` CHARACTER SET utf8 COLLATE utf8_spanish_ci ;
/*!50003 DROP PROCEDURE IF EXISTS `INS_GANADO` */;
/*!50003 SET @saved_cs_client      = @@character_set_client */ ;
/*!50003 SET @saved_cs_results     = @@character_set_results */ ;
/*!50003 SET @saved_col_connection = @@collation_connection */ ;
/*!50003 SET character_set_client  = utf8mb4 */ ;
/*!50003 SET character_set_results = utf8mb4 */ ;
/*!50003 SET collation_connection  = utf8mb4_general_ci */ ;
/*!50003 SET @saved_sql_mode       = @@sql_mode */ ;
/*!50003 SET sql_mode              = 'NO_ZERO_IN_DATE,NO_ZERO_DATE,NO_ENGINE_SUBSTITUTION' */ ;
DELIMITER ;;
CREATE DEFINER=`root`@`localhost` PROCEDURE `INS_GANADO`(IN V_NUM_ARETE BIGINT, IN V_NOM_GANADO VARCHAR(50), IN V_CLR_GANADO VARCHAR(50), 
IN V_COD_ESTADO BIGINT, IN V_COD_LUGAR BIGINT, IN V_PES_ACTUAL DECIMAL(10,2), IN V_FIE_GANADO CHAR(4),
IN V_RAZ_GANADO VARCHAR(80), IN V_SEX_GANADO ENUM('MACHO','HEMBRA'),
IN V_FECHA_NACIMIENTO DATE)
BEGIN 
START TRANSACTION;
IF (EXISTS(SELECT * FROM TBL_MG_GANADO WHERE NUM_ARETE = V_NUM_ARETE)) THEN
  SELECT 'Número de arete ya registrado' as message;
ROLLBACK;  
ELSE 
INSERT INTO TBL_MG_GANADO (
NUM_ARETE,
NOM_GANADO,
CLR_GANADO,
COD_ESTADO,
COD_LUGAR,
PES_ACTUAL,
FIE_GANADO,
COD_RAZA,
SEX_GANADO,
FEC_REGISTRO,
FEC_NACIMIENTO
)
VALUES (
V_NUM_ARETE,
V_NOM_GANADO,
V_CLR_GANADO,
V_COD_ESTADO,
V_COD_LUGAR,
V_PES_ACTUAL,
V_FIE_GANADO,
V_RAZ_GANADO,
V_SEX_GANADO,
 CURDATE(),
 V_FECHA_NACIMIENTO
);
END IF;
COMMIT;
END ;;
DELIMITER ;
/*!50003 SET sql_mode              = @saved_sql_mode */ ;
/*!50003 SET character_set_client  = @saved_cs_client */ ;
/*!50003 SET character_set_results = @saved_cs_results */ ;
/*!50003 SET collation_connection  = @saved_col_connection */ ;
/*!50003 DROP PROCEDURE IF EXISTS `INS_LUGAR` */;
ALTER DATABASE `db_rancho_peralta` CHARACTER SET utf8mb4 COLLATE utf8mb4_general_ci ;
/*!50003 SET @saved_cs_client      = @@character_set_client */ ;
/*!50003 SET @saved_cs_results     = @@character_set_results */ ;
/*!50003 SET @saved_col_connection = @@collation_connection */ ;
/*!50003 SET character_set_client  = utf8mb4 */ ;
/*!50003 SET character_set_results = utf8mb4 */ ;
/*!50003 SET collation_connection  = utf8mb4_general_ci */ ;
/*!50003 SET @saved_sql_mode       = @@sql_mode */ ;
/*!50003 SET sql_mode              = 'NO_ZERO_IN_DATE,NO_ZERO_DATE,NO_ENGINE_SUBSTITUTION' */ ;
DELIMITER ;;
CREATE DEFINER=`root`@`localhost` PROCEDURE `INS_LUGAR`(IN V_DIR_LUGAR VARCHAR (30),V_UBICACION_EXACTA VARCHAR(150))
BEGIN
START TRANSACTION;
INSERT INTO tbl_mg_lugar(
DIR_LUGAR,
UBI_EXACTA
) VALUES(
V_DIR_LUGAR,
V_UBICACION_EXACTA
);
COMMIT;
END ;;
DELIMITER ;
/*!50003 SET sql_mode              = @saved_sql_mode */ ;
/*!50003 SET character_set_client  = @saved_cs_client */ ;
/*!50003 SET character_set_results = @saved_cs_results */ ;
/*!50003 SET collation_connection  = @saved_col_connection */ ;
ALTER DATABASE `db_rancho_peralta` CHARACTER SET utf8 COLLATE utf8_spanish_ci ;
/*!50003 DROP PROCEDURE IF EXISTS `INS_MEDICAMENTO` */;
ALTER DATABASE `db_rancho_peralta` CHARACTER SET utf8mb4 COLLATE utf8mb4_general_ci ;
/*!50003 SET @saved_cs_client      = @@character_set_client */ ;
/*!50003 SET @saved_cs_results     = @@character_set_results */ ;
/*!50003 SET @saved_col_connection = @@collation_connection */ ;
/*!50003 SET character_set_client  = utf8mb4 */ ;
/*!50003 SET character_set_results = utf8mb4 */ ;
/*!50003 SET collation_connection  = utf8mb4_general_ci */ ;
/*!50003 SET @saved_sql_mode       = @@sql_mode */ ;
/*!50003 SET sql_mode              = 'NO_ZERO_IN_DATE,NO_ZERO_DATE,NO_ENGINE_SUBSTITUTION' */ ;
DELIMITER ;;
CREATE DEFINER=`root`@`localhost` PROCEDURE `INS_MEDICAMENTO`(IN V_NOM_MEDICAMENTO VARCHAR(50), IN V_ADM_MEDICAMENTO VARCHAR(100), IN V_TRA_MEDICAMENTO VARCHAR(700), IN V_DOS_MEDICAMENTO VARCHAR(700), IN V_CAN_REORDEN INT)
BEGIN
  START TRANSACTION;
  
  INSERT INTO TBL_PR_MEDICAMENTO(
    NOM_MEDICAMENTO,  
    ADM_MEDICAMENTO,  
    TRA_MEDICAMENTO,
    DOS_MEDICAMENTO,
    CAN_DISPONIBLE,
    CAN_REORDEN,
    FEC_REGISTRO
  )
  VALUES(
    V_NOM_MEDICAMENTO,  
    V_ADM_MEDICAMENTO,  
    V_TRA_MEDICAMENTO,
    V_DOS_MEDICAMENTO,
    0,
    V_CAN_REORDEN,
    CURDATE()
  );
  
  COMMIT;
END ;;
DELIMITER ;
/*!50003 SET sql_mode              = @saved_sql_mode */ ;
/*!50003 SET character_set_client  = @saved_cs_client */ ;
/*!50003 SET character_set_results = @saved_cs_results */ ;
/*!50003 SET collation_connection  = @saved_col_connection */ ;
ALTER DATABASE `db_rancho_peralta` CHARACTER SET utf8 COLLATE utf8_spanish_ci ;
/*!50003 DROP PROCEDURE IF EXISTS `INS_MONTA` */;
/*!50003 SET @saved_cs_client      = @@character_set_client */ ;
/*!50003 SET @saved_cs_results     = @@character_set_results */ ;
/*!50003 SET @saved_col_connection = @@collation_connection */ ;
/*!50003 SET character_set_client  = utf8mb4 */ ;
/*!50003 SET character_set_results = utf8mb4 */ ;
/*!50003 SET collation_connection  = utf8mb4_general_ci */ ;
/*!50003 SET @saved_sql_mode       = @@sql_mode */ ;
/*!50003 SET sql_mode              = 'NO_ZERO_IN_DATE,NO_ZERO_DATE,NO_ENGINE_SUBSTITUTION' */ ;
DELIMITER ;;
CREATE DEFINER=`root`@`localhost` PROCEDURE `INS_MONTA`(
  IN V_COD_REGISTRO_GANADO     BIGINT (20),
  IN V_FEC_MONTA               DATE,
 IN V_RAZ_TORO_DONADOR        VARCHAR (50),
  IN V_IND_FECUNDACION         ENUM ('FECUNDÓ' , 'NO FECUNDÓ')
)
BEGIN
  START TRANSACTION;
  
  INSERT INTO TBL_MG_MONTA(
    COD_REGISTRO_GANADO,  
    FEC_MONTA,
    RAZ_TORO_MONTA,
    IND_FECUNDACION
  )
  VALUES(
    V_COD_REGISTRO_GANADO,  
    V_FEC_MONTA ,  
    V_RAZ_TORO_DONADOR,
    DEFAULT
  );
  COMMIT;
  UPDATE TBL_MG_GANADO SET COD_ESTADO = 10
WHERE COD_REGISTRO_GANADO = V_COD_REGISTRO_GANADO;
END ;;
DELIMITER ;
/*!50003 SET sql_mode              = @saved_sql_mode */ ;
/*!50003 SET character_set_client  = @saved_cs_client */ ;
/*!50003 SET character_set_results = @saved_cs_results */ ;
/*!50003 SET collation_connection  = @saved_col_connection */ ;
/*!50003 DROP PROCEDURE IF EXISTS `INS_MUERTE` */;
ALTER DATABASE `db_rancho_peralta` CHARACTER SET utf8mb4 COLLATE utf8mb4_general_ci ;
/*!50003 SET @saved_cs_client      = @@character_set_client */ ;
/*!50003 SET @saved_cs_results     = @@character_set_results */ ;
/*!50003 SET @saved_col_connection = @@collation_connection */ ;
/*!50003 SET character_set_client  = utf8mb4 */ ;
/*!50003 SET character_set_results = utf8mb4 */ ;
/*!50003 SET collation_connection  = utf8mb4_general_ci */ ;
/*!50003 SET @saved_sql_mode       = @@sql_mode */ ;
/*!50003 SET sql_mode              = 'NO_ZERO_IN_DATE,NO_ZERO_DATE,NO_ENGINE_SUBSTITUTION' */ ;
DELIMITER ;;
CREATE DEFINER=`root`@`localhost` PROCEDURE `INS_MUERTE`(IN V_COD_REGISTRO_GANADO BIGINT, IN V_ETA_PRODUCTIVA VARCHAR(50), IN V_CAUSA VARCHAR(100), IN V_OBS_MUERTE VARCHAR(100))
BEGIN
  START TRANSACTION;
  
  SELECT @V_NUM_ARETE := NUM_ARETE ,@V_NOM_GANADO := NOM_GANADO,@V_CLR_GANADO := CLR_GANADO,
  @V_DIR_LUGAR := L.DIR_LUGAR,@V_PES_ACTUAL:= PES_ACTUAL,@V_FIE_GANADO := FIE_GANADO,
  @V_RAZ_GANADO := RAZ_GANADO,@V_SEX_GANADO := SEX_GANADO,@V_PRE_GANADO :=PRE_GANADO,
  @V_COD_COMPRA_GANADO := COD_COMPRA_GANADO 
  FROM TBL_MG_GANADO G INNER JOIN TBL_MG_LUGAR L ON (G.COD_LUGAR = L.COD_LUGAR)
  WHERE COD_REGISTRO_GANADO = V_COD_REGISTRO_GANADO;

  
               
  INSERT INTO TBL_MG_GANADO_MUERTO (
  COD_REGISTRO_GANADO,
  NUM_ARETE,
  NOM_GANADO,
  CLR_GANADO,
  DIR_LUGAR,
  PES_ACTUAL,
  FIE_GANADO,
  RAZ_GANADO,
  SEX_GANADO,
  PRE_GANADO,
  COD_COMPRA_GANADO,
  ETA_PRODUCTIVA,
  CAUSA,
  OBS_MUERTE,
  FEC_REGISTRO_MUERTE  
 )
  VALUES(
  V_COD_REGISTRO_GANADO,
  @V_NUM_ARETE,
  @V_NOM_GANADO,
  @V_CLR_GANADO,
  @V_DIR_LUGAR,
  @V_PES_ACTUAL,
  @V_FIE_GANADO,
  @V_RAZ_GANADO,
  @V_SEX_GANADO,
  @V_PRE_GANADO,
  @V_COD_COMPRA_GANADO,
  V_ETA_PRODUCTIVA,
  V_CAUSA,
  V_OBS_MUERTE,
  CURDATE());
  
  UPDATE TBL_MG_GANADO
  SET NUM_ARETE = Null, COD_ESTADO = 7
  WHERE COD_REGISTRO_GANADO = V_COD_REGISTRO_GANADO;
  
  COMMIT;
END ;;
DELIMITER ;
/*!50003 SET sql_mode              = @saved_sql_mode */ ;
/*!50003 SET character_set_client  = @saved_cs_client */ ;
/*!50003 SET character_set_results = @saved_cs_results */ ;
/*!50003 SET collation_connection  = @saved_col_connection */ ;
ALTER DATABASE `db_rancho_peralta` CHARACTER SET utf8 COLLATE utf8_spanish_ci ;
/*!50003 DROP PROCEDURE IF EXISTS `INS_NACIMIENTO_EMBRION` */;
/*!50003 SET @saved_cs_client      = @@character_set_client */ ;
/*!50003 SET @saved_cs_results     = @@character_set_results */ ;
/*!50003 SET @saved_col_connection = @@collation_connection */ ;
/*!50003 SET character_set_client  = utf8mb4 */ ;
/*!50003 SET character_set_results = utf8mb4 */ ;
/*!50003 SET collation_connection  = utf8mb4_general_ci */ ;
/*!50003 SET @saved_sql_mode       = @@sql_mode */ ;
/*!50003 SET sql_mode              = 'NO_ZERO_IN_DATE,NO_ZERO_DATE,NO_ENGINE_SUBSTITUTION' */ ;
DELIMITER ;;
CREATE DEFINER=`root`@`localhost` PROCEDURE `INS_NACIMIENTO_EMBRION`(IN V_NUM_ARETE BIGINT, 
IN V_NOM_GANADO VARCHAR(50), 
IN V_CLR_GANADO VARCHAR(50),
IN V_COD_ESTADO BIGINT, 
IN V_COD_LUGAR BIGINT, 
IN V_PES_ACTUAL DECIMAL(10,2), 
IN V_FIE_GANADO CHAR(4), 
IN V_RAZ_GANADO VARCHAR(80), 
IN V_SEX_GANADO ENUM('MACHO','HEMBRA'), 
IN V_COD_PRENADA_EMBRION BIGINT, 
IN V_FEC_NACIMIENTO DATE)
BEGIN 
START TRANSACTION; 
IF (EXISTS(SELECT * FROM TBL_MG_GANADO WHERE NUM_ARETE = V_NUM_ARETE)) THEN
  SELECT 'Número de arete ya registrado' as message;
ROLLBACK;  
ELSE
INSERT INTO TBL_MG_GANADO (
NUM_ARETE,
NOM_GANADO,
CLR_GANADO,
COD_ESTADO,
COD_LUGAR,
PES_ACTUAL,
FIE_GANADO,
COD_RAZA,
SEX_GANADO,
FEC_NACIMIENTO,
FEC_REGISTRO

)
VALUES (
V_NUM_ARETE,
V_NOM_GANADO,
V_CLR_GANADO,
V_COD_ESTADO,
V_COD_LUGAR,
V_PES_ACTUAL,
V_FIE_GANADO,
V_RAZ_GANADO,
V_SEX_GANADO,
V_FEC_NACIMIENTO,
 CURDATE()
);

SELECT @COD_REGISTRO_GANADO :=MAX(COD_REGISTRO_GANADO) FROM TBL_MG_GANADO;
INSERT INTO TBL_MG_NACIMIENTO_EMBRION(
COD_REGISTRO_GANADO,
COD_PRENADA_EMBRION,
FEC_NACIMIENTO,
FEC_REGISTRO
)
VALUES(
@COD_REGISTRO_GANADO,
V_COD_PRENADA_EMBRION,
V_FEC_NACIMIENTO,
NOW()
);
END IF;

SELECT @COD_NACIMIENTO_EMBRION :=MAX(COD_NACIMIENTO_EMBRION) FROM TBL_MG_NACIMIENTO_EMBRION;
SELECT @COD_PRENADA_EMBRION :=MAX(COD_PRENADA_EMBRION) FROM TBL_MG_NACIMIENTO_EMBRION
WHERE COD_NACIMIENTO_EMBRION = @COD_NACIMIENTO_EMBRION;

INSERT INTO TBL_MG_PARIDA_EMBRION (
COD_PRENADA_EMBRION,
COD_NACIMIENTO_EMBRION,
FEC_REGISTRO
)
VALUES(
@COD_PRENADA_EMBRION,
@COD_NACIMIENTO_EMBRION,
CURDATE()
);

SELECT @COD_TRANS_EMBRION:= COD_TRANS_EMBRION
FROM tbl_mg_prenada_embrion
WHERE COD_TRANS_EMBRION= V_COD_PRENADA_EMBRION;

SELECT @COD_REGISTRO_GANADO:= COD_REGISTRO_GANADO
FROM TBL_MG_TRANS_EMBRION
WHERE COD_TRANS_EMBRION = @COD_TRANS_EMBRION;

UPDATE tbl_mg_ganado
SET COD_ESTADO = 2
WHERE COD_REGISTRO_GANADO = @COD_REGISTRO_GANADO;


COMMIT;
END ;;
DELIMITER ;
/*!50003 SET sql_mode              = @saved_sql_mode */ ;
/*!50003 SET character_set_client  = @saved_cs_client */ ;
/*!50003 SET character_set_results = @saved_cs_results */ ;
/*!50003 SET collation_connection  = @saved_col_connection */ ;
/*!50003 DROP PROCEDURE IF EXISTS `INS_NACIMIENTO_ESPERMA` */;
/*!50003 SET @saved_cs_client      = @@character_set_client */ ;
/*!50003 SET @saved_cs_results     = @@character_set_results */ ;
/*!50003 SET @saved_col_connection = @@collation_connection */ ;
/*!50003 SET character_set_client  = utf8mb4 */ ;
/*!50003 SET character_set_results = utf8mb4 */ ;
/*!50003 SET collation_connection  = utf8mb4_general_ci */ ;
/*!50003 SET @saved_sql_mode       = @@sql_mode */ ;
/*!50003 SET sql_mode              = 'NO_ZERO_IN_DATE,NO_ZERO_DATE,NO_ENGINE_SUBSTITUTION' */ ;
DELIMITER ;;
CREATE DEFINER=`root`@`localhost` PROCEDURE `INS_NACIMIENTO_ESPERMA`(IN V_NUM_ARETE BIGINT, 
IN V_NOM_GANADO VARCHAR(50), 
IN V_CLR_GANADO VARCHAR(50),
IN V_COD_ESTADO BIGINT, 
IN V_COD_LUGAR BIGINT, 
IN V_PES_ACTUAL DECIMAL(10,2), 
IN V_FIE_GANADO CHAR(4), 
IN V_RAZ_GANADO VARCHAR(80), 
IN V_SEX_GANADO ENUM('MACHO','HEMBRA'), 
IN V_COD_PRENADA_ESPERMA BIGINT, 
IN V_FEC_NACIMIENTO DATE)
BEGIN 
START TRANSACTION; 
IF (EXISTS(SELECT * FROM TBL_MG_GANADO WHERE NUM_ARETE = V_NUM_ARETE)) THEN
  SELECT 'Número de arete ya registrado' as message;
ROLLBACK;  
ELSE
INSERT INTO TBL_MG_GANADO (
NUM_ARETE,
NOM_GANADO,
CLR_GANADO,
COD_ESTADO,
COD_LUGAR,
PES_ACTUAL,
FIE_GANADO,
COD_RAZA,
SEX_GANADO,
FEC_NACIMIENTO,
FEC_REGISTRO
)
VALUES (
V_NUM_ARETE,
V_NOM_GANADO,
V_CLR_GANADO,
V_COD_ESTADO,
V_COD_LUGAR,
V_PES_ACTUAL,
V_FIE_GANADO,
V_RAZ_GANADO,
V_SEX_GANADO,
V_FEC_NACIMIENTO,
 CURDATE()
);

SELECT @COD_REGISTRO_GANADO :=MAX(COD_REGISTRO_GANADO) FROM TBL_MG_GANADO;
INSERT INTO TBL_MG_NACIMIENTO_ESPERMA(
COD_REGISTRO_GANADO,
COD_PRENADA_ESPERMA,
FEC_NACIMIENTO,
FEC_REGISTRO
)
VALUES(
@COD_REGISTRO_GANADO,
V_COD_PRENADA_ESPERMA,
V_FEC_NACIMIENTO,
NOW()
);
END IF;

SELECT @COD_NACIMIENTO_ESPERMA :=MAX(COD_NACIMIENTO_ESPERMA) FROM TBL_MG_NACIMIENTO_ESPERMA;
SELECT @COD_PRENADA_ESPERMA :=MAX(COD_PRENADA_ESPERMA) FROM TBL_MG_NACIMIENTO_ESPERMA
WHERE COD_NACIMIENTO_ESPERMA = @COD_NACIMIENTO_ESPERMA;

INSERT INTO TBL_MG_PARIDA_ESPERMA (
COD_PRENADA_ESPERMA,
COD_NACIMIENTO_ESPERMA,
FEC_REGISTRO
)
VALUES(
@COD_PRENADA_ESPERMA,
@COD_NACIMIENTO_ESPERMA,
CURDATE()
);

SELECT @COD_TRANS_ESPERMA:= COD_TRANS_ESPERMA
FROM tbl_mg_prenada_ESPERMA
WHERE COD_TRANS_ESPERMA= V_COD_PRENADA_ESPERMA;

SELECT @COD_REGISTRO_GANADO:= COD_REGISTRO_GANADO
FROM TBL_MG_TRANS_ESPERMA
WHERE COD_TRANS_ESPERMA = @COD_TRANS_ESPERMA;

UPDATE tbl_mg_ganado
SET COD_ESTADO = 2
WHERE COD_REGISTRO_GANADO = @COD_REGISTRO_GANADO;


COMMIT;
END ;;
DELIMITER ;
/*!50003 SET sql_mode              = @saved_sql_mode */ ;
/*!50003 SET character_set_client  = @saved_cs_client */ ;
/*!50003 SET character_set_results = @saved_cs_results */ ;
/*!50003 SET collation_connection  = @saved_col_connection */ ;
/*!50003 DROP PROCEDURE IF EXISTS `INS_NACIMIENTO_MONTA` */;
/*!50003 SET @saved_cs_client      = @@character_set_client */ ;
/*!50003 SET @saved_cs_results     = @@character_set_results */ ;
/*!50003 SET @saved_col_connection = @@collation_connection */ ;
/*!50003 SET character_set_client  = utf8mb4 */ ;
/*!50003 SET character_set_results = utf8mb4 */ ;
/*!50003 SET collation_connection  = utf8mb4_general_ci */ ;
/*!50003 SET @saved_sql_mode       = @@sql_mode */ ;
/*!50003 SET sql_mode              = 'NO_ZERO_IN_DATE,NO_ZERO_DATE,NO_ENGINE_SUBSTITUTION' */ ;
DELIMITER ;;
CREATE DEFINER=`root`@`localhost` PROCEDURE `INS_NACIMIENTO_MONTA`(IN V_NUM_ARETE BIGINT, 
IN V_NOM_GANADO VARCHAR(50), 
IN V_CLR_GANADO VARCHAR(50),
IN V_COD_ESTADO BIGINT, 
IN V_COD_LUGAR BIGINT, 
IN V_PES_ACTUAL DECIMAL(10,2), 
IN V_FIE_GANADO CHAR(4), 
IN V_RAZ_GANADO VARCHAR(80), 
IN V_SEX_GANADO ENUM('MACHO','HEMBRA'), 
IN V_COD_PRENADA_MONTA BIGINT, 
IN V_FEC_NACIMIENTO DATE)
BEGIN 
START TRANSACTION; 
IF (EXISTS(SELECT * FROM TBL_MG_GANADO WHERE NUM_ARETE = V_NUM_ARETE)) THEN
  SELECT 'Número de arete ya registrado' as message;
ROLLBACK;  
ELSE
INSERT INTO TBL_MG_GANADO (
NUM_ARETE,
NOM_GANADO,
CLR_GANADO,
COD_ESTADO,
COD_LUGAR,
PES_ACTUAL,
FIE_GANADO,
COD_RAZA,
SEX_GANADO,
FEC_NACIMIENTO,
FEC_REGISTRO
)
VALUES (
V_NUM_ARETE,
V_NOM_GANADO,
V_CLR_GANADO,
V_COD_ESTADO,
V_COD_LUGAR,
V_PES_ACTUAL,
V_FIE_GANADO,
V_RAZ_GANADO,
V_SEX_GANADO,
V_FEC_NACIMIENTO,
 CURDATE()
);

SELECT @COD_REGISTRO_GANADO :=MAX(COD_REGISTRO_GANADO) FROM TBL_MG_GANADO;
INSERT INTO TBL_MG_NACIMIENTO_MONTA(
COD_REGISTRO_GANADO,
COD_PRENADA_MONTA,
FEC_NACIMIENTO,
FEC_REGISTRO
)
VALUES(
@COD_REGISTRO_GANADO,
V_COD_PRENADA_MONTA,
V_FEC_NACIMIENTO,
NOW()
);
END IF;

SELECT @COD_NACIMIENTO_MONTA :=MAX(COD_NACIMIENTO_MONTA) FROM TBL_MG_NACIMIENTO_MONTA;
SELECT @COD_PRENADA_MONTA :=MAX(COD_PRENADA_MONTA) FROM TBL_MG_NACIMIENTO_MONTA
WHERE COD_NACIMIENTO_MONTA = @COD_NACIMIENTO_MONTA;

INSERT INTO TBL_MG_PARIDA_MONTA (
COD_PRENADA_MONTA,
COD_NACIMIENTO_MONTA,
FEC_REGISTRO
)
VALUES(
@COD_PRENADA_MONTA,
@COD_NACIMIENTO_MONTA,
CURDATE()
);

SELECT @COD_MONTA := COD_MONTA
FROM TBL_MG_MONTA
WHERE COD_MONTA = V_COD_PRENADA_MONTA;

SELECT @COD_REGISTRO_GANADO:= COD_REGISTRO_GANADO
FROM TBL_MG_MONTA
WHERE COD_MONTA = @COD_MONTA;

UPDATE tbl_mg_ganado
SET COD_ESTADO = 2
WHERE COD_REGISTRO_GANADO = @COD_REGISTRO_GANADO;


COMMIT;
END ;;
DELIMITER ;
/*!50003 SET sql_mode              = @saved_sql_mode */ ;
/*!50003 SET character_set_client  = @saved_cs_client */ ;
/*!50003 SET character_set_results = @saved_cs_results */ ;
/*!50003 SET collation_connection  = @saved_col_connection */ ;
/*!50003 DROP PROCEDURE IF EXISTS `INS_ORDENT` */;
ALTER DATABASE `db_rancho_peralta` CHARACTER SET utf8mb4 COLLATE utf8mb4_general_ci ;
/*!50003 SET @saved_cs_client      = @@character_set_client */ ;
/*!50003 SET @saved_cs_results     = @@character_set_results */ ;
/*!50003 SET @saved_col_connection = @@collation_connection */ ;
/*!50003 SET character_set_client  = utf8mb4 */ ;
/*!50003 SET character_set_results = utf8mb4 */ ;
/*!50003 SET collation_connection  = utf8mb4_general_ci */ ;
/*!50003 SET @saved_sql_mode       = @@sql_mode */ ;
/*!50003 SET sql_mode              = 'NO_ZERO_IN_DATE,NO_ZERO_DATE,NO_ENGINE_SUBSTITUTION' */ ;
DELIMITER ;;
CREATE DEFINER=`root`@`localhost` PROCEDURE `INS_ORDENT`(V_COD_MEDICAMENTO BIGINT, V_CAN_MEDICAMENTO INT)
BEGIN
   DECLARE V_LOTE INTEGER;
 DECLARE V_DISPONIBLE INTEGER;
  DECLARE V_REQUERIDAS INTEGER;
 DECLARE V_VENCIMIENTO DATE;


  DECLARE LOTE_CUR CURSOR FOR SELECT C.COD_COMPRA_MEDICAMENTO,D.UNI_DISPONIBLES
  FROM TBL_PR_DETALLE_LOTE D JOIN TBL_PR_COMPRA_MEDICAMENTO C ON(D.COD_COMPRA_MEDICAMENTO = C.COD_COMPRA_MEDICAMENTO)
  WHERE D.COD_MEDICAMENTO = V_COD_MEDICAMENTO
  ORDER BY C.FEC_VENCIMIENTO; 
  DECLARE CONTINUE HANDLER FOR NOT FOUND SET V_REQUERIDAS = 0;
  
START TRANSACTION;

 SET V_REQUERIDAS = V_CAN_MEDICAMENTO;

  OPEN LOTE_CUR;

  bucle: LOOP

    FETCH LOTE_CUR INTO V_LOTE,V_DISPONIBLE;

    IF V_REQUERIDAS = 0 THEN
      LEAVE bucle;
    END IF;
   
      IF V_DISPONIBLE >= V_REQUERIDAS THEN
      UPDATE TBL_PR_DETALLE_LOTE SET
      UNI_DISPONIBLES = UNI_DISPONIBLES - V_REQUERIDAS
      WHERE COD_MEDICAMENTO = V_COD_MEDICAMENTO and COD_COMPRA_MEDICAMENTO = V_LOTE ;
    
      UPDATE TBL_PR_MEDICAMENTO SET
      CAN_DISPONIBLE = CAN_DISPONIBLE - V_REQUERIDAS
      WHERE COD_MEDICAMENTO = V_COD_MEDICAMENTO;
      
      SET V_REQUERIDAS = 0;
      
      ELSEIF V_DISPONIBLE > 0  AND  V_DISPONIBLE  < V_REQUERIDAS THEN
       UPDATE TBL_PR_DETALLE_LOTE SET
      UNI_DISPONIBLES = UNI_DISPONIBLES - UNI_DISPONIBLES
      WHERE COD_MEDICAMENTO = V_COD_MEDICAMENTO and COD_COMPRA_MEDICAMENTO = V_LOTE;
      
       
       
      UPDATE TBL_PR_MEDICAMENTO SET
      CAN_DISPONIBLE = CAN_DISPONIBLE - V_DISPONIBLE
      WHERE COD_MEDICAMENTO = V_COD_MEDICAMENTO;
      
      SET V_REQUERIDAS = V_REQUERIDAS - V_DISPONIBLE;
      END IF;
    
    

  END LOOP bucle;
    INSERT INTO TBL_MI_ORDENT(
    COD_MEDICAMENTO,
    CAN_MEDICAMENTO,
    FEC_REGISTRO
  )
  VALUES(
    V_COD_MEDICAMENTO,
    V_CAN_MEDICAMENTO,
    CURDATE()
  );
  CLOSE LOTE_CUR;

  COMMIT;
END ;;
DELIMITER ;
/*!50003 SET sql_mode              = @saved_sql_mode */ ;
/*!50003 SET character_set_client  = @saved_cs_client */ ;
/*!50003 SET character_set_results = @saved_cs_results */ ;
/*!50003 SET collation_connection  = @saved_col_connection */ ;
ALTER DATABASE `db_rancho_peralta` CHARACTER SET utf8 COLLATE utf8_spanish_ci ;
/*!50003 DROP PROCEDURE IF EXISTS `INS_PRODUCCION_LECHE` */;
ALTER DATABASE `db_rancho_peralta` CHARACTER SET utf8mb4 COLLATE utf8mb4_general_ci ;
/*!50003 SET @saved_cs_client      = @@character_set_client */ ;
/*!50003 SET @saved_cs_results     = @@character_set_results */ ;
/*!50003 SET @saved_col_connection = @@collation_connection */ ;
/*!50003 SET character_set_client  = utf8mb4 */ ;
/*!50003 SET character_set_results = utf8mb4 */ ;
/*!50003 SET collation_connection  = utf8mb4_general_ci */ ;
/*!50003 SET @saved_sql_mode       = @@sql_mode */ ;
/*!50003 SET sql_mode              = 'NO_ZERO_IN_DATE,NO_ZERO_DATE,NO_ENGINE_SUBSTITUTION' */ ;
DELIMITER ;;
CREATE DEFINER=`root`@`localhost` PROCEDURE `INS_PRODUCCION_LECHE`(IN COD_REGISTRO_GANADO BIGINT(20), IN FEC_ORDENIO DATE, IN DIA_LACTANCIA INT(11), IN PRD_LITROS DECIMAL(10,2), IN OBS_REGISTRO VARCHAR(200))
BEGIN
 START TRANSACTION;
INSERT INTO TBL_PR_PRODUCCION_LECHE(
 COD_REGISTRO_GANADO,
 FEC_ORDENIO,
 DIA_LACTANCIA,
 PRD_LITROS ,
 OBS_REGISTRO,
 FEC_REGISTRO
 )
VALUES 
(
 COD_REGISTRO_GANADO,
 FEC_ORDENIO,
 DIA_LACTANCIA,
 PRD_LITROS ,
 OBS_REGISTRO,
 CURDATE()
  );
  COMMIT;
END ;;
DELIMITER ;
/*!50003 SET sql_mode              = @saved_sql_mode */ ;
/*!50003 SET character_set_client  = @saved_cs_client */ ;
/*!50003 SET character_set_results = @saved_cs_results */ ;
/*!50003 SET collation_connection  = @saved_col_connection */ ;
ALTER DATABASE `db_rancho_peralta` CHARACTER SET utf8 COLLATE utf8_spanish_ci ;
/*!50003 DROP PROCEDURE IF EXISTS `INS_PROVEEDOR` */;
ALTER DATABASE `db_rancho_peralta` CHARACTER SET utf8mb4 COLLATE utf8mb4_general_ci ;
/*!50003 SET @saved_cs_client      = @@character_set_client */ ;
/*!50003 SET @saved_cs_results     = @@character_set_results */ ;
/*!50003 SET @saved_col_connection = @@collation_connection */ ;
/*!50003 SET character_set_client  = utf8mb4 */ ;
/*!50003 SET character_set_results = utf8mb4 */ ;
/*!50003 SET collation_connection  = utf8mb4_general_ci */ ;
/*!50003 SET @saved_sql_mode       = @@sql_mode */ ;
/*!50003 SET sql_mode              = 'NO_ZERO_IN_DATE,NO_ZERO_DATE,NO_ENGINE_SUBSTITUTION' */ ;
DELIMITER ;;
CREATE DEFINER=`root`@`localhost` PROCEDURE `INS_PROVEEDOR`(IN V_PRI_NOMBRE VARCHAR(255), 
IN V_PRI_APELLIDO VARCHAR(255),  
IN V_ID_PERSONA VARCHAR(50), 
IN V_SEX_PERSONA ENUM("M","F"), 
IN V_FEC_NACIMIENTO DATE, 
IN V_DET_DIRECCION VARCHAR(800), 
IN V_NUM_AREA VARCHAR(4),
IN V_NUM_CELULAR VARCHAR(15),
IN V_NUM_TELEFONO VARCHAR(15))
BEGIN 
START TRANSACTION;  
INSERT INTO TBL_MP_PROVEEDORES (
PRI_NOMBRE,
PRI_APELLIDO,
ID_PROVEEDOR,
SEX_PROVEEDOR,
FEC_NACIMIENTO,
DET_DIRECCION,
FEC_REGISTRO
)
VALUES (
V_PRI_NOMBRE,
V_PRI_APELLIDO,
V_ID_PERSONA,
V_SEX_PERSONA,
V_FEC_NACIMIENTO,
V_DET_DIRECCION,
CURDATE()
);
SELECT @COD_PROVEEDOR :=MAX(COD_PROVEEDOR) FROM TBL_MP_PROVEEDORES;
INSERT INTO TBL_MP_TELEFONO_PROVEEDORES(
COD_PROVEEDOR,
NUM_AREA,
NUM_TELEFONO,
NUM_CELULAR,
FEC_REGISTRO
)
VALUES (
@COD_PROVEEDOR,
V_NUM_AREA,
V_NUM_TELEFONO,
V_NUM_CELULAR,
CURDATE()
);
COMMIT;
END ;;
DELIMITER ;
/*!50003 SET sql_mode              = @saved_sql_mode */ ;
/*!50003 SET character_set_client  = @saved_cs_client */ ;
/*!50003 SET character_set_results = @saved_cs_results */ ;
/*!50003 SET collation_connection  = @saved_col_connection */ ;
ALTER DATABASE `db_rancho_peralta` CHARACTER SET utf8 COLLATE utf8_spanish_ci ;
/*!50003 DROP PROCEDURE IF EXISTS `INS_RAZA` */;
ALTER DATABASE `db_rancho_peralta` CHARACTER SET utf8mb4 COLLATE utf8mb4_general_ci ;
/*!50003 SET @saved_cs_client      = @@character_set_client */ ;
/*!50003 SET @saved_cs_results     = @@character_set_results */ ;
/*!50003 SET @saved_col_connection = @@collation_connection */ ;
/*!50003 SET character_set_client  = utf8mb4 */ ;
/*!50003 SET character_set_results = utf8mb4 */ ;
/*!50003 SET collation_connection  = utf8mb4_general_ci */ ;
/*!50003 SET @saved_sql_mode       = @@sql_mode */ ;
/*!50003 SET sql_mode              = 'NO_ZERO_IN_DATE,NO_ZERO_DATE,NO_ENGINE_SUBSTITUTION' */ ;
DELIMITER ;;
CREATE DEFINER=`root`@`localhost` PROCEDURE `INS_RAZA`(IN V_NOM_RAZA VARCHAR (150),V_DET_RAZA VARCHAR(150))
BEGIN
START TRANSACTION;
INSERT INTO tbl_mg_raza(
NOM_RAZA,
DET_RAZA,
IND_RAZA
) VALUES(
V_NOM_RAZA,
V_DET_RAZA,
DEFAULT
);
COMMIT;
END ;;
DELIMITER ;
/*!50003 SET sql_mode              = @saved_sql_mode */ ;
/*!50003 SET character_set_client  = @saved_cs_client */ ;
/*!50003 SET character_set_results = @saved_cs_results */ ;
/*!50003 SET collation_connection  = @saved_col_connection */ ;
ALTER DATABASE `db_rancho_peralta` CHARACTER SET utf8 COLLATE utf8_spanish_ci ;
/*!50003 DROP PROCEDURE IF EXISTS `INS_TRANS_EMBRION` */;
/*!50003 SET @saved_cs_client      = @@character_set_client */ ;
/*!50003 SET @saved_cs_results     = @@character_set_results */ ;
/*!50003 SET @saved_col_connection = @@collation_connection */ ;
/*!50003 SET character_set_client  = utf8mb4 */ ;
/*!50003 SET character_set_results = utf8mb4 */ ;
/*!50003 SET collation_connection  = utf8mb4_general_ci */ ;
/*!50003 SET @saved_sql_mode       = @@sql_mode */ ;
/*!50003 SET sql_mode              = 'NO_ZERO_IN_DATE,NO_ZERO_DATE,NO_ENGINE_SUBSTITUTION' */ ;
DELIMITER ;;
CREATE DEFINER=`root`@`localhost` PROCEDURE `INS_TRANS_EMBRION`(IN V_COD_EMBRION BIGINT,
IN V_COD_REGISTRO_GANADO BIGINT, IN V_EST_TRANS_EMBRION VARCHAR(20))
BEGIN
START TRANSACTION;
INSERT INTO TBL_MG_TRANS_EMBRION(
COD_EMBRION,
COD_REGISTRO_GANADO,
IND_FECUNDACION,
FEC_REGISTRO
)
VALUES(
V_COD_EMBRION,
V_COD_REGISTRO_GANADO,
DEFAULT,
NOW()
);
UPDATE TBL_MG_EMBRION SET IND_EMBRION = 'NO DISPONIBLE'
WHERE COD_EMBRION = V_COD_EMBRION;

UPDATE TBL_MG_GANADO SET COD_ESTADO = 10
WHERE COD_REGISTRO_GANADO = V_COD_REGISTRO_GANADO;
COMMIT;
END ;;
DELIMITER ;
/*!50003 SET sql_mode              = @saved_sql_mode */ ;
/*!50003 SET character_set_client  = @saved_cs_client */ ;
/*!50003 SET character_set_results = @saved_cs_results */ ;
/*!50003 SET collation_connection  = @saved_col_connection */ ;
/*!50003 DROP PROCEDURE IF EXISTS `INS_TRANS_ESPERMA` */;
/*!50003 SET @saved_cs_client      = @@character_set_client */ ;
/*!50003 SET @saved_cs_results     = @@character_set_results */ ;
/*!50003 SET @saved_col_connection = @@collation_connection */ ;
/*!50003 SET character_set_client  = utf8mb4 */ ;
/*!50003 SET character_set_results = utf8mb4 */ ;
/*!50003 SET collation_connection  = utf8mb4_general_ci */ ;
/*!50003 SET @saved_sql_mode       = @@sql_mode */ ;
/*!50003 SET sql_mode              = 'NO_ZERO_IN_DATE,NO_ZERO_DATE,NO_ENGINE_SUBSTITUTION' */ ;
DELIMITER ;;
CREATE DEFINER=`root`@`localhost` PROCEDURE `INS_TRANS_ESPERMA`(IN V_COD_ESPERMA BIGINT, IN V_COD_REGISTRO_GANADO BIGINT,  IN V_IND_FECUNDACION VARCHAR(10))
BEGIN
START TRANSACTION;
INSERT INTO TBL_MG_TRANS_ESPERMA(
COD_ESPERMA,
COD_REGISTRO_GANADO,
IND_FECUNDACION,
FEC_REGISTRO
)
VALUES(
V_COD_ESPERMA,
V_COD_REGISTRO_GANADO,
DEFAULT,
CURDATE()
);
UPDATE TBL_MG_ESPERMA SET IND_ESPERMA = 'NO DISPONIBLE'
WHERE COD_ESPERMA = V_COD_ESPERMA;

UPDATE TBL_MG_GANADO SET COD_ESTADO = 10
WHERE COD_REGISTRO_GANADO = V_COD_REGISTRO_GANADO;
COMMIT;
END ;;
DELIMITER ;
/*!50003 SET sql_mode              = @saved_sql_mode */ ;
/*!50003 SET character_set_client  = @saved_cs_client */ ;
/*!50003 SET character_set_results = @saved_cs_results */ ;
/*!50003 SET collation_connection  = @saved_col_connection */ ;
/*!50003 DROP PROCEDURE IF EXISTS `INS_VENTAS` */;
ALTER DATABASE `db_rancho_peralta` CHARACTER SET utf8mb4 COLLATE utf8mb4_general_ci ;
/*!50003 SET @saved_cs_client      = @@character_set_client */ ;
/*!50003 SET @saved_cs_results     = @@character_set_results */ ;
/*!50003 SET @saved_col_connection = @@collation_connection */ ;
/*!50003 SET character_set_client  = utf8mb4 */ ;
/*!50003 SET character_set_results = utf8mb4 */ ;
/*!50003 SET collation_connection  = utf8mb4_general_ci */ ;
/*!50003 SET @saved_sql_mode       = @@sql_mode */ ;
/*!50003 SET sql_mode              = 'NO_ZERO_IN_DATE,NO_ZERO_DATE,NO_ENGINE_SUBSTITUTION' */ ;
DELIMITER ;;
CREATE DEFINER=`root`@`localhost` PROCEDURE `INS_VENTAS`(IN `COD_CLIENTE` BIGINT(20), IN `FEC_VENTA` DATE)
BEGIN
START TRANSACTION;
INSERT INTO TBL_MV_VENTA 
(
   COD_CLIENTE ,
   FEC_VENTA 
)
VALUES 
(
   COD_CLIENTE ,
   FEC_VENTA 
);
COMMIT;
END ;;
DELIMITER ;
/*!50003 SET sql_mode              = @saved_sql_mode */ ;
/*!50003 SET character_set_client  = @saved_cs_client */ ;
/*!50003 SET character_set_results = @saved_cs_results */ ;
/*!50003 SET collation_connection  = @saved_col_connection */ ;
ALTER DATABASE `db_rancho_peralta` CHARACTER SET utf8 COLLATE utf8_spanish_ci ;
/*!50003 DROP PROCEDURE IF EXISTS `READ_CLIENTE` */;
ALTER DATABASE `db_rancho_peralta` CHARACTER SET utf8mb4 COLLATE utf8mb4_general_ci ;
/*!50003 SET @saved_cs_client      = @@character_set_client */ ;
/*!50003 SET @saved_cs_results     = @@character_set_results */ ;
/*!50003 SET @saved_col_connection = @@collation_connection */ ;
/*!50003 SET character_set_client  = utf8mb4 */ ;
/*!50003 SET character_set_results = utf8mb4 */ ;
/*!50003 SET collation_connection  = utf8mb4_general_ci */ ;
/*!50003 SET @saved_sql_mode       = @@sql_mode */ ;
/*!50003 SET sql_mode              = 'NO_ZERO_IN_DATE,NO_ZERO_DATE,NO_ENGINE_SUBSTITUTION' */ ;
DELIMITER ;;
CREATE DEFINER=`root`@`localhost` PROCEDURE `READ_CLIENTE`()
BEGIN
  START TRANSACTION;
  SELECT @COD_CLIENTE := COD_CLIENTE  FROM TBL_MV_VENTA WHERE COD_VENTA =(SELECT MAX(COD_VENTA)  FROM  TBL_MV_VENTA);
   SELECT @NOMBRE := concat (PRI_NOMBRE,' ',PRI_APELLIDO)  AS NOMBRE FROM TBL_MP_CLIENTES
  WHERE COD_CLIENTE = @COD_CLIENTE;
  SELECT  @FECHA := FEC_VENTA as FECHA FROM TBL_MV_VENTA WHERE COD_VENTA =(SELECT MAX(COD_VENTA)  FROM  TBL_MV_VENTA);
  SELECT  @CANTIDAD := CAN_TOTAL as CANTIDAD FROM TBL_MV_VENTA WHERE COD_VENTA =(SELECT MAX(COD_VENTA)  FROM  TBL_MV_VENTA);
  SELECT  @TOTAL := TOTAL_PRECIO as TOTAL FROM TBL_MV_VENTA WHERE COD_VENTA =(SELECT MAX(COD_VENTA)  FROM  TBL_MV_VENTA);

  COMMIT;
END ;;
DELIMITER ;
/*!50003 SET sql_mode              = @saved_sql_mode */ ;
/*!50003 SET character_set_client  = @saved_cs_client */ ;
/*!50003 SET character_set_results = @saved_cs_results */ ;
/*!50003 SET collation_connection  = @saved_col_connection */ ;
ALTER DATABASE `db_rancho_peralta` CHARACTER SET utf8 COLLATE utf8_spanish_ci ;
/*!50003 DROP PROCEDURE IF EXISTS `READ_COMPRA_EMBRIONES` */;
ALTER DATABASE `db_rancho_peralta` CHARACTER SET utf8mb4 COLLATE utf8mb4_general_ci ;
/*!50003 SET @saved_cs_client      = @@character_set_client */ ;
/*!50003 SET @saved_cs_results     = @@character_set_results */ ;
/*!50003 SET @saved_col_connection = @@collation_connection */ ;
/*!50003 SET character_set_client  = utf8mb4 */ ;
/*!50003 SET character_set_results = utf8mb4 */ ;
/*!50003 SET collation_connection  = utf8mb4_general_ci */ ;
/*!50003 SET @saved_sql_mode       = @@sql_mode */ ;
/*!50003 SET sql_mode              = 'NO_ZERO_IN_DATE,NO_ZERO_DATE,NO_ENGINE_SUBSTITUTION' */ ;
DELIMITER ;;
CREATE DEFINER=`root`@`localhost` PROCEDURE `READ_COMPRA_EMBRIONES`(IN V_FEC_INICIAL DATE, IN V_FEC_FINAL DATE)
BEGIN
  START TRANSACTION;
  
  SELECT *
  FROM LOTES_EMBRIONES
  WHERE FEC_COMPRA BETWEEN V_FEC_INICIAL AND V_FEC_FINAL;

    COMMIT;
END ;;
DELIMITER ;
/*!50003 SET sql_mode              = @saved_sql_mode */ ;
/*!50003 SET character_set_client  = @saved_cs_client */ ;
/*!50003 SET character_set_results = @saved_cs_results */ ;
/*!50003 SET collation_connection  = @saved_col_connection */ ;
ALTER DATABASE `db_rancho_peralta` CHARACTER SET utf8 COLLATE utf8_spanish_ci ;
/*!50003 DROP PROCEDURE IF EXISTS `READ_COMPRA_ESPERMA` */;
ALTER DATABASE `db_rancho_peralta` CHARACTER SET utf8mb4 COLLATE utf8mb4_general_ci ;
/*!50003 SET @saved_cs_client      = @@character_set_client */ ;
/*!50003 SET @saved_cs_results     = @@character_set_results */ ;
/*!50003 SET @saved_col_connection = @@collation_connection */ ;
/*!50003 SET character_set_client  = utf8mb4 */ ;
/*!50003 SET character_set_results = utf8mb4 */ ;
/*!50003 SET collation_connection  = utf8mb4_general_ci */ ;
/*!50003 SET @saved_sql_mode       = @@sql_mode */ ;
/*!50003 SET sql_mode              = 'NO_ZERO_IN_DATE,NO_ZERO_DATE,NO_ENGINE_SUBSTITUTION' */ ;
DELIMITER ;;
CREATE DEFINER=`root`@`localhost` PROCEDURE `READ_COMPRA_ESPERMA`(IN V_FEC_INICIAL DATE, IN V_FEC_FINAL DATE)
BEGIN
  START TRANSACTION;
  
  SELECT *
  FROM LOTES_ESPERMA
  WHERE FEC_COMPRA BETWEEN V_FEC_INICIAL AND V_FEC_FINAL;

    COMMIT;
END ;;
DELIMITER ;
/*!50003 SET sql_mode              = @saved_sql_mode */ ;
/*!50003 SET character_set_client  = @saved_cs_client */ ;
/*!50003 SET character_set_results = @saved_cs_results */ ;
/*!50003 SET collation_connection  = @saved_col_connection */ ;
ALTER DATABASE `db_rancho_peralta` CHARACTER SET utf8 COLLATE utf8_spanish_ci ;
/*!50003 DROP PROCEDURE IF EXISTS `READ_COMPRA_GANADO` */;
ALTER DATABASE `db_rancho_peralta` CHARACTER SET utf8mb4 COLLATE utf8mb4_general_ci ;
/*!50003 SET @saved_cs_client      = @@character_set_client */ ;
/*!50003 SET @saved_cs_results     = @@character_set_results */ ;
/*!50003 SET @saved_col_connection = @@collation_connection */ ;
/*!50003 SET character_set_client  = utf8mb4 */ ;
/*!50003 SET character_set_results = utf8mb4 */ ;
/*!50003 SET collation_connection  = utf8mb4_general_ci */ ;
/*!50003 SET @saved_sql_mode       = @@sql_mode */ ;
/*!50003 SET sql_mode              = 'NO_ZERO_IN_DATE,NO_ZERO_DATE,NO_ENGINE_SUBSTITUTION' */ ;
DELIMITER ;;
CREATE DEFINER=`root`@`localhost` PROCEDURE `READ_COMPRA_GANADO`(IN V_FEC_INICIAL DATE, IN V_FEC_FINAL DATE)
BEGIN
  START TRANSACTION;
  
  SELECT *
  FROM COMPRA_GANADO
  WHERE FEC_COMPRA BETWEEN V_FEC_INICIAL AND V_FEC_FINAL;

    COMMIT;
END ;;
DELIMITER ;
/*!50003 SET sql_mode              = @saved_sql_mode */ ;
/*!50003 SET character_set_client  = @saved_cs_client */ ;
/*!50003 SET character_set_results = @saved_cs_results */ ;
/*!50003 SET collation_connection  = @saved_col_connection */ ;
ALTER DATABASE `db_rancho_peralta` CHARACTER SET utf8 COLLATE utf8_spanish_ci ;
/*!50003 DROP PROCEDURE IF EXISTS `READ_ESTADO_GANADO` */;
ALTER DATABASE `db_rancho_peralta` CHARACTER SET utf8mb4 COLLATE utf8mb4_general_ci ;
/*!50003 SET @saved_cs_client      = @@character_set_client */ ;
/*!50003 SET @saved_cs_results     = @@character_set_results */ ;
/*!50003 SET @saved_col_connection = @@collation_connection */ ;
/*!50003 SET character_set_client  = utf8mb4 */ ;
/*!50003 SET character_set_results = utf8mb4 */ ;
/*!50003 SET collation_connection  = utf8mb4_general_ci */ ;
/*!50003 SET @saved_sql_mode       = @@sql_mode */ ;
/*!50003 SET sql_mode              = 'NO_ZERO_IN_DATE,NO_ZERO_DATE,NO_ENGINE_SUBSTITUTION' */ ;
DELIMITER ;;
CREATE DEFINER=`root`@`localhost` PROCEDURE `READ_ESTADO_GANADO`()
BEGIN
  
  START TRANSACTION;
  SELECT *
  FROM TBL_MG_ESTADO_GANADO;
  COMMIT;
END ;;
DELIMITER ;
/*!50003 SET sql_mode              = @saved_sql_mode */ ;
/*!50003 SET character_set_client  = @saved_cs_client */ ;
/*!50003 SET character_set_results = @saved_cs_results */ ;
/*!50003 SET collation_connection  = @saved_col_connection */ ;
ALTER DATABASE `db_rancho_peralta` CHARACTER SET utf8 COLLATE utf8_spanish_ci ;
/*!50003 DROP PROCEDURE IF EXISTS `READ_LOTE_EMBRION` */;
ALTER DATABASE `db_rancho_peralta` CHARACTER SET utf8mb4 COLLATE utf8mb4_general_ci ;
/*!50003 SET @saved_cs_client      = @@character_set_client */ ;
/*!50003 SET @saved_cs_results     = @@character_set_results */ ;
/*!50003 SET @saved_col_connection = @@collation_connection */ ;
/*!50003 SET character_set_client  = utf8mb4 */ ;
/*!50003 SET character_set_results = utf8mb4 */ ;
/*!50003 SET collation_connection  = utf8mb4_general_ci */ ;
/*!50003 SET @saved_sql_mode       = @@sql_mode */ ;
/*!50003 SET sql_mode              = 'NO_ZERO_IN_DATE,NO_ZERO_DATE,NO_ENGINE_SUBSTITUTION' */ ;
DELIMITER ;;
CREATE DEFINER=`root`@`localhost` PROCEDURE `READ_LOTE_EMBRION`()
BEGIN
  START TRANSACTION;
    SELECT  @COD_COMPRA_EMBRION:= COD_COMPRA_EMBRION AS COD_COMPRA_EMBRION, 
    @NOMBRE:=  concat (PRI_NOMBRE,' ',PRI_APELLIDO) AS NOMBRE,
    @FECHA := FEC_COMPRA AS FECHA,
    @CANTIDAD := CAN_TOTAL AS CANTIDAD,
    @TOTAL := TOTAL_PRECIO as TOTAL
    FROM tbl_mc_compra_embrion C JOIN TBL_MP_PROVEEDORES P ON (C.COD_PROVEEDOR = P.COD_PROVEEDOR)   
    WHERE STATUS_LOTE = "EN PROCESO" AND COD_COMPRA_EMBRION =(SELECT MAX(COD_COMPRA_EMBRION)  FROM  tbl_mc_compra_embrion);
 
  COMMIT;
END ;;
DELIMITER ;
/*!50003 SET sql_mode              = @saved_sql_mode */ ;
/*!50003 SET character_set_client  = @saved_cs_client */ ;
/*!50003 SET character_set_results = @saved_cs_results */ ;
/*!50003 SET collation_connection  = @saved_col_connection */ ;
ALTER DATABASE `db_rancho_peralta` CHARACTER SET utf8 COLLATE utf8_spanish_ci ;
/*!50003 DROP PROCEDURE IF EXISTS `READ_LOTE_ESPERMA` */;
ALTER DATABASE `db_rancho_peralta` CHARACTER SET utf8mb4 COLLATE utf8mb4_general_ci ;
/*!50003 SET @saved_cs_client      = @@character_set_client */ ;
/*!50003 SET @saved_cs_results     = @@character_set_results */ ;
/*!50003 SET @saved_col_connection = @@collation_connection */ ;
/*!50003 SET character_set_client  = utf8mb4 */ ;
/*!50003 SET character_set_results = utf8mb4 */ ;
/*!50003 SET collation_connection  = utf8mb4_general_ci */ ;
/*!50003 SET @saved_sql_mode       = @@sql_mode */ ;
/*!50003 SET sql_mode              = 'NO_ZERO_IN_DATE,NO_ZERO_DATE,NO_ENGINE_SUBSTITUTION' */ ;
DELIMITER ;;
CREATE DEFINER=`root`@`localhost` PROCEDURE `READ_LOTE_ESPERMA`()
BEGIN
  START TRANSACTION;
    SELECT  @COD_COMPRA_ESPERMA:= COD_COMPRA_ESPERMA AS COD_COMPRA_ESPERMA, 
    @NOMBRE:=  concat (PRI_NOMBRE,' ',PRI_APELLIDO) AS NOMBRE,
    @FECHA := FEC_COMPRA AS FECHA,
    @CANTIDAD := CAN_TOTAL AS CANTIDAD,
    @TOTAL := TOTAL_PRECIO as TOTAL
    FROM tbl_mc_compra_esperma C JOIN TBL_MP_PROVEEDORES P ON (C.COD_PROVEEDOR = P.COD_PROVEEDOR)   
    WHERE STATUS_LOTE = "EN PROCESO" AND COD_COMPRA_ESPERMA =(SELECT MAX(COD_COMPRA_ESPERMA)  FROM  tbl_mc_compra_esperma);
  COMMIT;
END ;;
DELIMITER ;
/*!50003 SET sql_mode              = @saved_sql_mode */ ;
/*!50003 SET character_set_client  = @saved_cs_client */ ;
/*!50003 SET character_set_results = @saved_cs_results */ ;
/*!50003 SET collation_connection  = @saved_col_connection */ ;
ALTER DATABASE `db_rancho_peralta` CHARACTER SET utf8 COLLATE utf8_spanish_ci ;
/*!50003 DROP PROCEDURE IF EXISTS `READ_LOTE_MEDICAMENTO` */;
ALTER DATABASE `db_rancho_peralta` CHARACTER SET utf8mb4 COLLATE utf8mb4_general_ci ;
/*!50003 SET @saved_cs_client      = @@character_set_client */ ;
/*!50003 SET @saved_cs_results     = @@character_set_results */ ;
/*!50003 SET @saved_col_connection = @@collation_connection */ ;
/*!50003 SET character_set_client  = utf8mb4 */ ;
/*!50003 SET character_set_results = utf8mb4 */ ;
/*!50003 SET collation_connection  = utf8mb4_general_ci */ ;
/*!50003 SET @saved_sql_mode       = @@sql_mode */ ;
/*!50003 SET sql_mode              = 'NO_ZERO_IN_DATE,NO_ZERO_DATE,NO_ENGINE_SUBSTITUTION' */ ;
DELIMITER ;;
CREATE DEFINER=`root`@`localhost` PROCEDURE `READ_LOTE_MEDICAMENTO`()
BEGIN
  START TRANSACTION;
    SELECT  @COD_COMPRA_MEDICAMENTO:=COD_COMPRA_MEDICAMENTO  AS COD_COMPRA_MEDICAMENTO, 
    @FECHA := FEC_VENCIMIENTO AS FECHA,
    @CANTIDAD := CAN_TOTAL AS CANTIDAD
    FROM TBL_PR_COMPRA_MEDICAMENTO
    WHERE STATUS_LOTE = "EN PROCESO" AND COD_COMPRA_MEDICAMENTO =(SELECT MAX(COD_COMPRA_MEDICAMENTO)  FROM  TBL_PR_COMPRA_MEDICAMENTO);
 
  COMMIT;
END ;;
DELIMITER ;
/*!50003 SET sql_mode              = @saved_sql_mode */ ;
/*!50003 SET character_set_client  = @saved_cs_client */ ;
/*!50003 SET character_set_results = @saved_cs_results */ ;
/*!50003 SET collation_connection  = @saved_col_connection */ ;
ALTER DATABASE `db_rancho_peralta` CHARACTER SET utf8 COLLATE utf8_spanish_ci ;
/*!50003 DROP PROCEDURE IF EXISTS `READ_LOTE_VENTA` */;
ALTER DATABASE `db_rancho_peralta` CHARACTER SET utf8mb4 COLLATE utf8mb4_general_ci ;
/*!50003 SET @saved_cs_client      = @@character_set_client */ ;
/*!50003 SET @saved_cs_results     = @@character_set_results */ ;
/*!50003 SET @saved_col_connection = @@collation_connection */ ;
/*!50003 SET character_set_client  = utf8mb4 */ ;
/*!50003 SET character_set_results = utf8mb4 */ ;
/*!50003 SET collation_connection  = utf8mb4_general_ci */ ;
/*!50003 SET @saved_sql_mode       = @@sql_mode */ ;
/*!50003 SET sql_mode              = 'NO_ZERO_IN_DATE,NO_ZERO_DATE,NO_ENGINE_SUBSTITUTION' */ ;
DELIMITER ;;
CREATE DEFINER=`root`@`localhost` PROCEDURE `READ_LOTE_VENTA`()
BEGIN
  START TRANSACTION;
    SELECT  @COD_VENTA:=COD_VENTA  AS COD_VENTA, 
    @NOMBRE:=  concat (PRI_NOMBRE,' ',PRI_APELLIDO) AS NOMBRE,
    @FECHA := FEC_VENTA AS FECHA,
    @CANTIDAD := CAN_TOTAL AS CANTIDAD,
    @TOTAL := TOTAL_PRECIO as TOTAL
    FROM TBL_MV_VENTA V JOIN TBL_MP_CLIENTES C ON (V.COD_CLIENTE = C.COD_CLIENTE)   
    WHERE STATUS_LOTE = "EN PROCESO" AND COD_VENTA =(SELECT MAX(COD_VENTA)  FROM  TBL_MV_VENTA);
 
  COMMIT;
END ;;
DELIMITER ;
/*!50003 SET sql_mode              = @saved_sql_mode */ ;
/*!50003 SET character_set_client  = @saved_cs_client */ ;
/*!50003 SET character_set_results = @saved_cs_results */ ;
/*!50003 SET collation_connection  = @saved_col_connection */ ;
ALTER DATABASE `db_rancho_peralta` CHARACTER SET utf8 COLLATE utf8_spanish_ci ;
/*!50003 DROP PROCEDURE IF EXISTS `READ_LUGAR` */;
/*!50003 SET @saved_cs_client      = @@character_set_client */ ;
/*!50003 SET @saved_cs_results     = @@character_set_results */ ;
/*!50003 SET @saved_col_connection = @@collation_connection */ ;
/*!50003 SET character_set_client  = utf8mb4 */ ;
/*!50003 SET character_set_results = utf8mb4 */ ;
/*!50003 SET collation_connection  = utf8mb4_general_ci */ ;
/*!50003 SET @saved_sql_mode       = @@sql_mode */ ;
/*!50003 SET sql_mode              = 'NO_ZERO_IN_DATE,NO_ZERO_DATE,NO_ENGINE_SUBSTITUTION' */ ;
DELIMITER ;;
CREATE DEFINER=`root`@`localhost` PROCEDURE `READ_LUGAR`()
BEGIN
  START TRANSACTION;
  SELECT *
  FROM TBL_MG_LUGAR where STATUS = 'ACTIVO';
  COMMIT;
END ;;
DELIMITER ;
/*!50003 SET sql_mode              = @saved_sql_mode */ ;
/*!50003 SET character_set_client  = @saved_cs_client */ ;
/*!50003 SET character_set_results = @saved_cs_results */ ;
/*!50003 SET collation_connection  = @saved_col_connection */ ;
/*!50003 DROP PROCEDURE IF EXISTS `READ_PRODUCCION_LECHE` */;
ALTER DATABASE `db_rancho_peralta` CHARACTER SET utf8mb4 COLLATE utf8mb4_general_ci ;
/*!50003 SET @saved_cs_client      = @@character_set_client */ ;
/*!50003 SET @saved_cs_results     = @@character_set_results */ ;
/*!50003 SET @saved_col_connection = @@collation_connection */ ;
/*!50003 SET character_set_client  = utf8mb4 */ ;
/*!50003 SET character_set_results = utf8mb4 */ ;
/*!50003 SET collation_connection  = utf8mb4_general_ci */ ;
/*!50003 SET @saved_sql_mode       = @@sql_mode */ ;
/*!50003 SET sql_mode              = 'NO_ZERO_IN_DATE,NO_ZERO_DATE,NO_ENGINE_SUBSTITUTION' */ ;
DELIMITER ;;
CREATE DEFINER=`root`@`localhost` PROCEDURE `READ_PRODUCCION_LECHE`(IN V_FEC_INICIAL DATE, IN V_FEC_FINAL DATE)
BEGIN
  START TRANSACTION;
  
  SELECT *
  FROM PRODUCCION_LECHE
  WHERE FEC_ORDENIO BETWEEN V_FEC_INICIAL AND V_FEC_FINAL;

    COMMIT;
END ;;
DELIMITER ;
/*!50003 SET sql_mode              = @saved_sql_mode */ ;
/*!50003 SET character_set_client  = @saved_cs_client */ ;
/*!50003 SET character_set_results = @saved_cs_results */ ;
/*!50003 SET collation_connection  = @saved_col_connection */ ;
ALTER DATABASE `db_rancho_peralta` CHARACTER SET utf8 COLLATE utf8_spanish_ci ;
/*!50003 DROP PROCEDURE IF EXISTS `READ_PROVEEDOR` */;
ALTER DATABASE `db_rancho_peralta` CHARACTER SET utf8mb4 COLLATE utf8mb4_general_ci ;
/*!50003 SET @saved_cs_client      = @@character_set_client */ ;
/*!50003 SET @saved_cs_results     = @@character_set_results */ ;
/*!50003 SET @saved_col_connection = @@collation_connection */ ;
/*!50003 SET character_set_client  = utf8mb4 */ ;
/*!50003 SET character_set_results = utf8mb4 */ ;
/*!50003 SET collation_connection  = utf8mb4_general_ci */ ;
/*!50003 SET @saved_sql_mode       = @@sql_mode */ ;
/*!50003 SET sql_mode              = 'NO_ZERO_IN_DATE,NO_ZERO_DATE,NO_ENGINE_SUBSTITUTION' */ ;
DELIMITER ;;
CREATE DEFINER=`root`@`localhost` PROCEDURE `READ_PROVEEDOR`()
BEGIN
  START TRANSACTION;
    SELECT   @COD_COMPRA_GANADO:= COD_COMPRA_GANADO AS COD_COMPRA_GANADO, 
    @NOMBRE:=  concat (PRI_NOMBRE,' ',PRI_APELLIDO) AS NOMBRE,
    @FECHA := FEC_COMPRA AS FECHA,
    @CANTIDAD := CAN_TOTAL AS CANTIDAD,
    @TOTAL := TOTAL_PRECIO as TOTAL
    FROM TBL_MC_COMPRA_GANADO C JOIN TBL_MP_PROVEEDORES P ON (C.COD_PROVEEDOR = P.COD_PROVEEDOR)   
    WHERE STATUS_LOTE = "EN PROCESO" AND COD_COMPRA_GANADO =(SELECT MAX(COD_COMPRA_GANADO)  FROM  TBL_MC_COMPRA_GANADO);
 
  COMMIT;
END ;;
DELIMITER ;
/*!50003 SET sql_mode              = @saved_sql_mode */ ;
/*!50003 SET character_set_client  = @saved_cs_client */ ;
/*!50003 SET character_set_results = @saved_cs_results */ ;
/*!50003 SET collation_connection  = @saved_col_connection */ ;
ALTER DATABASE `db_rancho_peralta` CHARACTER SET utf8 COLLATE utf8_spanish_ci ;
/*!50003 DROP PROCEDURE IF EXISTS `READ_RAZA` */;
ALTER DATABASE `db_rancho_peralta` CHARACTER SET utf8mb4 COLLATE utf8mb4_general_ci ;
/*!50003 SET @saved_cs_client      = @@character_set_client */ ;
/*!50003 SET @saved_cs_results     = @@character_set_results */ ;
/*!50003 SET @saved_col_connection = @@collation_connection */ ;
/*!50003 SET character_set_client  = utf8mb4 */ ;
/*!50003 SET character_set_results = utf8mb4 */ ;
/*!50003 SET collation_connection  = utf8mb4_general_ci */ ;
/*!50003 SET @saved_sql_mode       = @@sql_mode */ ;
/*!50003 SET sql_mode              = 'NO_ZERO_IN_DATE,NO_ZERO_DATE,NO_ENGINE_SUBSTITUTION' */ ;
DELIMITER ;;
CREATE DEFINER=`root`@`localhost` PROCEDURE `READ_RAZA`()
BEGIN
  START TRANSACTION;
  SELECT *
  FROM TBL_MG_RAZA;
  COMMIT;
END ;;
DELIMITER ;
/*!50003 SET sql_mode              = @saved_sql_mode */ ;
/*!50003 SET character_set_client  = @saved_cs_client */ ;
/*!50003 SET character_set_results = @saved_cs_results */ ;
/*!50003 SET collation_connection  = @saved_col_connection */ ;
ALTER DATABASE `db_rancho_peralta` CHARACTER SET utf8 COLLATE utf8_spanish_ci ;
/*!50003 DROP PROCEDURE IF EXISTS `READ_VENTA_GANADO` */;
ALTER DATABASE `db_rancho_peralta` CHARACTER SET utf8mb4 COLLATE utf8mb4_general_ci ;
/*!50003 SET @saved_cs_client      = @@character_set_client */ ;
/*!50003 SET @saved_cs_results     = @@character_set_results */ ;
/*!50003 SET @saved_col_connection = @@collation_connection */ ;
/*!50003 SET character_set_client  = utf8mb4 */ ;
/*!50003 SET character_set_results = utf8mb4 */ ;
/*!50003 SET collation_connection  = utf8mb4_general_ci */ ;
/*!50003 SET @saved_sql_mode       = @@sql_mode */ ;
/*!50003 SET sql_mode              = 'NO_ZERO_IN_DATE,NO_ZERO_DATE,NO_ENGINE_SUBSTITUTION' */ ;
DELIMITER ;;
CREATE DEFINER=`root`@`localhost` PROCEDURE `READ_VENTA_GANADO`(IN V_FEC_INICIAL DATE, IN V_FEC_FINAL DATE)
BEGIN
  START TRANSACTION;
  
  SELECT *
  FROM LOTES_VENTAS
  WHERE FEC_VENTA BETWEEN V_FEC_INICIAL AND V_FEC_FINAL;

    COMMIT;
END ;;
DELIMITER ;
/*!50003 SET sql_mode              = @saved_sql_mode */ ;
/*!50003 SET character_set_client  = @saved_cs_client */ ;
/*!50003 SET character_set_results = @saved_cs_results */ ;
/*!50003 SET collation_connection  = @saved_col_connection */ ;
ALTER DATABASE `db_rancho_peralta` CHARACTER SET utf8 COLLATE utf8_spanish_ci ;
/*!50003 DROP PROCEDURE IF EXISTS `SP_COMPRA_GANADO` */;
/*!50003 SET @saved_cs_client      = @@character_set_client */ ;
/*!50003 SET @saved_cs_results     = @@character_set_results */ ;
/*!50003 SET @saved_col_connection = @@collation_connection */ ;
/*!50003 SET character_set_client  = utf8mb4 */ ;
/*!50003 SET character_set_results = utf8mb4 */ ;
/*!50003 SET collation_connection  = utf8mb4_general_ci */ ;
/*!50003 SET @saved_sql_mode       = @@sql_mode */ ;
/*!50003 SET sql_mode              = 'NO_ZERO_IN_DATE,NO_ZERO_DATE,NO_ENGINE_SUBSTITUTION' */ ;
DELIMITER ;;
CREATE DEFINER=`root`@`localhost` PROCEDURE `SP_COMPRA_GANADO`( IN V_NOM_GANADO VARCHAR(50), 
IN V_CLR_GANADO VARCHAR(50), 
IN V_COD_ESTADO BIGINT, 
IN V_COD_LUGAR BIGINT,
IN V_PES_ACTUAL DECIMAL(10,2), 
IN V_FIE_GANADO CHAR(4), 
IN V_RAZ_GANADO VARCHAR(50), 
IN V_SEX_GANADO ENUM('MACHO','HEMBRA'), 
IN V_PRE_GANADO DECIMAL(10,2))
BEGIN 
START TRANSACTION;
SELECT @V_COD_COMPRA_GANADO :=MAX(COD_COMPRA_GANADO) FROM TBL_MC_COMPRA_GANADO where STATUS_LOTE ='EN PROCESO';

INSERT INTO TBL_MC_DETALLE_COMPRAG(
NOM_GANADO,
CLR_GANADO,
COD_ESTADO,
COD_LUGAR,
PES_ACTUAL,
FIE_GANADO,
COD_RAZA,         
SEX_GANADO,
PRE_GANADO,
COD_COMPRA_GANADO,
STATUS_COMPRA
)VALUES(
V_NOM_GANADO,
V_CLR_GANADO,
V_COD_ESTADO,
V_COD_LUGAR,
V_PES_ACTUAL,
V_FIE_GANADO,
 V_RAZ_GANADO,
V_SEX_GANADO,
V_PRE_GANADO,
@V_COD_COMPRA_GANADO,
DEFAULT 
);
UPDATE tbl_mc_compra_ganado SET
  CAN_TOTAL = CAN_TOTAL +1,
  TOTAL_PRECIO = TOTAL_PRECIO + V_PRE_GANADO
WHERE COD_COMPRA_GANADO = @V_COD_COMPRA_GANADO;





COMMIT;
END ;;
DELIMITER ;
/*!50003 SET sql_mode              = @saved_sql_mode */ ;
/*!50003 SET character_set_client  = @saved_cs_client */ ;
/*!50003 SET character_set_results = @saved_cs_results */ ;
/*!50003 SET collation_connection  = @saved_col_connection */ ;
/*!50003 DROP PROCEDURE IF EXISTS `UPDATE_COMPRA_MEDICAMENTO` */;
ALTER DATABASE `db_rancho_peralta` CHARACTER SET utf8mb4 COLLATE utf8mb4_general_ci ;
/*!50003 SET @saved_cs_client      = @@character_set_client */ ;
/*!50003 SET @saved_cs_results     = @@character_set_results */ ;
/*!50003 SET @saved_col_connection = @@collation_connection */ ;
/*!50003 SET character_set_client  = utf8mb4 */ ;
/*!50003 SET character_set_results = utf8mb4 */ ;
/*!50003 SET collation_connection  = utf8mb4_general_ci */ ;
/*!50003 SET @saved_sql_mode       = @@sql_mode */ ;
/*!50003 SET sql_mode              = 'NO_ZERO_IN_DATE,NO_ZERO_DATE,NO_ENGINE_SUBSTITUTION' */ ;
DELIMITER ;;
CREATE DEFINER=`root`@`localhost` PROCEDURE `UPDATE_COMPRA_MEDICAMENTO`(IN V_COD_COMPRA_MEDICAMENTO BIGINT, IN V_COD_MEDICAMENTO BIGINT, IN V_CAN_MEDICAMENTO INT, IN V_PRE_UNITARIO DECIMAL(10,2), IN V_FEC_VENCIMIENTO DATE, IN V_FEC_COMPRA DATE, IN V_COD_PERSONA BIGINT)
BEGIN
  START TRANSACTION;
  
  SELECT @CAN_ANTERIOR:=CAN_MEDICAMENTO FROM TBL_PR_COMPRA_MEDICAMENTO 
  WHERE COD_COMPRA_MEDICAMENTO = V_COD_COMPRA_MEDICAMENTO;
  
  
  UPDATE TBL_PR_COMPRA_MEDICAMENTO
  SET CAN_MEDICAMENTO = V_CAN_MEDICAMENTO,  
      PRE_UNITARIO = V_PRE_UNITARIO,       
      FEC_VENCIMIENTO = V_FEC_VENCIMIENTO, 
      FEC_COMPRA = V_FEC_COMPRA,
      COD_PERSONA = COD_PERSONA
  WHERE COD_COMPRA_MEDICAMENTO = V_COD_COMPRA_MEDICAMENTO;
  
  
  UPDATE TBL_PR_MEDICAMENTO
  SET CAN_DISPONIBLE = @CAN_ANTERIOR - CAN_DISPONIBLE + V_CAN_MEDICAMENTO
  WHERE COD_MEDICAMENTO = V_COD_MEDICAMENTO;
  
  COMMIT;
  
END ;;
DELIMITER ;
/*!50003 SET sql_mode              = @saved_sql_mode */ ;
/*!50003 SET character_set_client  = @saved_cs_client */ ;
/*!50003 SET character_set_results = @saved_cs_results */ ;
/*!50003 SET collation_connection  = @saved_col_connection */ ;
ALTER DATABASE `db_rancho_peralta` CHARACTER SET utf8 COLLATE utf8_spanish_ci ;
/*!50003 DROP PROCEDURE IF EXISTS `UPDATE_MEDICAMENTO` */;
ALTER DATABASE `db_rancho_peralta` CHARACTER SET utf8mb4 COLLATE utf8mb4_general_ci ;
/*!50003 SET @saved_cs_client      = @@character_set_client */ ;
/*!50003 SET @saved_cs_results     = @@character_set_results */ ;
/*!50003 SET @saved_col_connection = @@collation_connection */ ;
/*!50003 SET character_set_client  = utf8mb4 */ ;
/*!50003 SET character_set_results = utf8mb4 */ ;
/*!50003 SET collation_connection  = utf8mb4_general_ci */ ;
/*!50003 SET @saved_sql_mode       = @@sql_mode */ ;
/*!50003 SET sql_mode              = 'NO_ZERO_IN_DATE,NO_ZERO_DATE,NO_ENGINE_SUBSTITUTION' */ ;
DELIMITER ;;
CREATE DEFINER=`root`@`localhost` PROCEDURE `UPDATE_MEDICAMENTO`(IN V_COD_MEDICAMENTO BIGINT, IN V_NOM_MEDICAMENTO VARCHAR(50), IN V_ADM_MEDICAMENTO VARCHAR(100), IN V_TRA_MEDICAMENTO VARCHAR(700), IN V_DOS_MEDICAMENTO VARCHAR(700), IN V_CAN_REORDEN INT)
BEGIN
  START TRANSACTION;
  
  UPDATE TBL_PR_MEDICAMENTO
  SET NOM_MEDICAMENTO = V_NOM_MEDICAMENTO ,  
      ADM_MEDICAMENTO = V_ADM_MEDICAMENTO,  
      TRA_MEDICAMENTO = V_TRA_MEDICAMENTO,
      DOS_MEDICAMENTO = V_DOS_MEDICAMENTO,
      CAN_REORDEN     = V_CAN_REORDEN
      WHERE COD_MEDICAMENTO = V_COD_MEDICAMENTO;
  
  
  COMMIT;
  
END ;;
DELIMITER ;
/*!50003 SET sql_mode              = @saved_sql_mode */ ;
/*!50003 SET character_set_client  = @saved_cs_client */ ;
/*!50003 SET character_set_results = @saved_cs_results */ ;
/*!50003 SET collation_connection  = @saved_col_connection */ ;
ALTER DATABASE `db_rancho_peralta` CHARACTER SET utf8 COLLATE utf8_spanish_ci ;
/*!50003 DROP PROCEDURE IF EXISTS `UPDATE_PRODUCCION_LECHE` */;
ALTER DATABASE `db_rancho_peralta` CHARACTER SET utf8mb4 COLLATE utf8mb4_general_ci ;
/*!50003 SET @saved_cs_client      = @@character_set_client */ ;
/*!50003 SET @saved_cs_results     = @@character_set_results */ ;
/*!50003 SET @saved_col_connection = @@collation_connection */ ;
/*!50003 SET character_set_client  = utf8mb4 */ ;
/*!50003 SET character_set_results = utf8mb4 */ ;
/*!50003 SET collation_connection  = utf8mb4_general_ci */ ;
/*!50003 SET @saved_sql_mode       = @@sql_mode */ ;
/*!50003 SET sql_mode              = 'NO_ZERO_IN_DATE,NO_ZERO_DATE,NO_ENGINE_SUBSTITUTION' */ ;
DELIMITER ;;
CREATE DEFINER=`root`@`localhost` PROCEDURE `UPDATE_PRODUCCION_LECHE`(IN V_COD_REGISTRO_LECHE BIGINT(20), IN V_FEC_ORDENIO DATE, IN V_DIA_LACTANCIA INT(11), IN V_PRD_LITROS DECIMAL(10,2), IN V_OBS_REGISTRO VARCHAR(200))
BEGIN
  START TRANSACTION;
  UPDATE TBL_PR_PRODUCCION_LECHE
  SET 
      FEC_ORDENIO = V_FEC_ORDENIO,
      DIA_LACTANCIA=V_DIA_LACTANCIA,
      PRD_LITROS=V_PRD_LITROS,
      OBS_REGISTRO=V_OBS_REGISTRO
      
  WHERE COD_REGISTRO_LECHE = V_COD_REGISTRO_LECHE;
COMMIT;
END ;;
DELIMITER ;
/*!50003 SET sql_mode              = @saved_sql_mode */ ;
/*!50003 SET character_set_client  = @saved_cs_client */ ;
/*!50003 SET character_set_results = @saved_cs_results */ ;
/*!50003 SET collation_connection  = @saved_col_connection */ ;
ALTER DATABASE `db_rancho_peralta` CHARACTER SET utf8 COLLATE utf8_spanish_ci ;
/*!50003 DROP PROCEDURE IF EXISTS `UPD_CLIENTE` */;
ALTER DATABASE `db_rancho_peralta` CHARACTER SET utf8mb4 COLLATE utf8mb4_general_ci ;
/*!50003 SET @saved_cs_client      = @@character_set_client */ ;
/*!50003 SET @saved_cs_results     = @@character_set_results */ ;
/*!50003 SET @saved_col_connection = @@collation_connection */ ;
/*!50003 SET character_set_client  = utf8mb4 */ ;
/*!50003 SET character_set_results = utf8mb4 */ ;
/*!50003 SET collation_connection  = utf8mb4_general_ci */ ;
/*!50003 SET @saved_sql_mode       = @@sql_mode */ ;
/*!50003 SET sql_mode              = 'NO_ZERO_IN_DATE,NO_ZERO_DATE,NO_ENGINE_SUBSTITUTION' */ ;
DELIMITER ;;
CREATE DEFINER=`root`@`localhost` PROCEDURE `UPD_CLIENTE`(
IN `V_COD_PERSONA` BIGINT,
IN`V_PRI_NOMBRE` VARCHAR(255), 
IN `V_PRI_APELLIDO` VARCHAR(255),  
IN `V_ID_PERSONA` VARCHAR(50),
IN V_SEX_CLIENTE ENUM ('M','F'),
IN `V_FEC_NACIMIENTO` DATE, 
IN `V_DET_DIRECCION` VARCHAR(800),
IN `V_NUM_AREA` VARCHAR(4),
IN `V_NUM_CELULAR` VARCHAR(15),
IN `V_NUM_TELEFONO` VARCHAR(15),
IN V_IND_COMERCIAL ENUM ('ACTIVO','INACTIVO'))
BEGIN 
START TRANSACTION;  
UPDATE  TBL_MP_CLIENTES SET
                        PRI_NOMBRE= V_PRI_NOMBRE,
                        PRI_APELLIDO = V_PRI_APELLIDO,                          
                        ID_CLIENTE =  V_ID_PERSONA,
                        SEX_CLIENTE = V_SEX_CLIENTE,
                        FEC_NACIMIENTO = V_FEC_NACIMIENTO, 
                        DET_DIRECCION  =  V_DET_DIRECCION,
                        IND_COMERCIAL = V_IND_COMERCIAL
                        WHERE COD_CLIENTE = V_COD_PERSONA;


UPDATE `tbl_MP_TELEFONOS_CLIENTES`
SET NUM_AREA =  V_NUM_AREA,
    NUM_CELULAR = V_NUM_CELULAR,
    NUM_TELEFONO = V_NUM_TELEFONO
WHERE COD_CLIENTE = V_COD_PERSONA;
COMMIT;
END ;;
DELIMITER ;
/*!50003 SET sql_mode              = @saved_sql_mode */ ;
/*!50003 SET character_set_client  = @saved_cs_client */ ;
/*!50003 SET character_set_results = @saved_cs_results */ ;
/*!50003 SET collation_connection  = @saved_col_connection */ ;
ALTER DATABASE `db_rancho_peralta` CHARACTER SET utf8 COLLATE utf8_spanish_ci ;
/*!50003 DROP PROCEDURE IF EXISTS `UPD_COMPRAESPERMA` */;
ALTER DATABASE `db_rancho_peralta` CHARACTER SET utf8mb4 COLLATE utf8mb4_general_ci ;
/*!50003 SET @saved_cs_client      = @@character_set_client */ ;
/*!50003 SET @saved_cs_results     = @@character_set_results */ ;
/*!50003 SET @saved_col_connection = @@collation_connection */ ;
/*!50003 SET character_set_client  = utf8mb4 */ ;
/*!50003 SET character_set_results = utf8mb4 */ ;
/*!50003 SET collation_connection  = utf8mb4_general_ci */ ;
/*!50003 SET @saved_sql_mode       = @@sql_mode */ ;
/*!50003 SET sql_mode              = 'NO_ZERO_IN_DATE,NO_ZERO_DATE,NO_ENGINE_SUBSTITUTION' */ ;
DELIMITER ;;
CREATE DEFINER=`root`@`localhost` PROCEDURE `UPD_COMPRAESPERMA`(V_COD_ESPERMA BIGINT, V_NUM_PAJILLA BIGINT, V_PRE_ESPERMA DECIMAL(10,2), V_OBS_COMPRA_ESPERMA VARCHAR(100), V_RAZ_TORO_DONADOR VARCHAR(25), V_NOM_TORO_DONADOR VARCHAR(50), V_IND_ESPERMA VARCHAR(20))
BEGIN
START TRANSACTION;
  UPDATE TBL_MG_ESPERMA 
  SET NUM_PAJILLA = V_NUM_PAJILLA,
      PRE_ESPERMA = V_PRE_ESPERMA,
      OBS_COMPRA_ESPERMA = V_OBS_COMPRA_ESPERMA,
      RAZ_TORO_DONADOR = V_RAZ_TORO_DONADOR,  
      NOM_TORO_DONADOR = V_NOM_TORO_DONADOR,
      IND_ESPERMA = V_IND_ESPERMA
  WHERE COD_ESPERMA = V_COD_ESPERMA;

COMMIT;
END ;;
DELIMITER ;
/*!50003 SET sql_mode              = @saved_sql_mode */ ;
/*!50003 SET character_set_client  = @saved_cs_client */ ;
/*!50003 SET character_set_results = @saved_cs_results */ ;
/*!50003 SET collation_connection  = @saved_col_connection */ ;
ALTER DATABASE `db_rancho_peralta` CHARACTER SET utf8 COLLATE utf8_spanish_ci ;
/*!50003 DROP PROCEDURE IF EXISTS `UPD_ESPERMA` */;
ALTER DATABASE `db_rancho_peralta` CHARACTER SET utf8mb4 COLLATE utf8mb4_general_ci ;
/*!50003 SET @saved_cs_client      = @@character_set_client */ ;
/*!50003 SET @saved_cs_results     = @@character_set_results */ ;
/*!50003 SET @saved_col_connection = @@collation_connection */ ;
/*!50003 SET character_set_client  = utf8mb4 */ ;
/*!50003 SET character_set_results = utf8mb4 */ ;
/*!50003 SET collation_connection  = utf8mb4_general_ci */ ;
/*!50003 SET @saved_sql_mode       = @@sql_mode */ ;
/*!50003 SET sql_mode              = 'NO_ZERO_IN_DATE,NO_ZERO_DATE,NO_ENGINE_SUBSTITUTION' */ ;
DELIMITER ;;
CREATE DEFINER=`root`@`localhost` PROCEDURE `UPD_ESPERMA`(V_COD_ESPERMA BIGINT, V_NUM_PAJILLA BIGINT, V_PRE_ESPERMA DECIMAL(10,2), V_OBS_COMPRA_ESPERMA VARCHAR(100), V_RAZ_TORO_DONADOR VARCHAR(25), V_NOM_TORO_DONADOR VARCHAR(50), V_IND_ESPERMA VARCHAR(20))
BEGIN
START TRANSACTION;
  UPDATE TBL_MG_ESPERMA 
  SET NUM_PAJILLA = V_NUM_PAJILLA,
      PRE_ESPERMA = V_PRE_ESPERMA,
      OBS_COMPRA_ESPERMA = V_OBS_COMPRA_ESPERMA,
      RAZ_TORO_DONADOR = V_RAZ_TORO_DONADOR,  
      NOM_TORO_DONADOR = V_NOM_TORO_DONADOR,
      IND_ESPERMA = V_IND_ESPERMA
  WHERE COD_ESPERMA = V_COD_ESPERMA;

COMMIT;
END ;;
DELIMITER ;
/*!50003 SET sql_mode              = @saved_sql_mode */ ;
/*!50003 SET character_set_client  = @saved_cs_client */ ;
/*!50003 SET character_set_results = @saved_cs_results */ ;
/*!50003 SET collation_connection  = @saved_col_connection */ ;
ALTER DATABASE `db_rancho_peralta` CHARACTER SET utf8 COLLATE utf8_spanish_ci ;
/*!50003 DROP PROCEDURE IF EXISTS `UPD_ESTADO` */;
ALTER DATABASE `db_rancho_peralta` CHARACTER SET utf8mb4 COLLATE utf8mb4_general_ci ;
/*!50003 SET @saved_cs_client      = @@character_set_client */ ;
/*!50003 SET @saved_cs_results     = @@character_set_results */ ;
/*!50003 SET @saved_col_connection = @@collation_connection */ ;
/*!50003 SET character_set_client  = utf8mb4 */ ;
/*!50003 SET character_set_results = utf8mb4 */ ;
/*!50003 SET collation_connection  = utf8mb4_general_ci */ ;
/*!50003 SET @saved_sql_mode       = @@sql_mode */ ;
/*!50003 SET sql_mode              = 'NO_ZERO_IN_DATE,NO_ZERO_DATE,NO_ENGINE_SUBSTITUTION' */ ;
DELIMITER ;;
CREATE DEFINER=`root`@`localhost` PROCEDURE `UPD_ESTADO`(IN V_COD_ESTADO BIGINT, IN V_DET_ESTADO VARCHAR (30),
V_DESC_ESTADO VARCHAR(150),
V_IND_ESTADO ENUM ('ACTIVO','INACTIVO'))
BEGIN
START TRANSACTION;
UPDATE tbl_mg_estado_ganado
SET DET_ESTADO = V_DET_ESTADO,
    DESCRIPCION_ESTADO = V_DESC_ESTADO,
    STATUS = V_IND_ESTADO
    WHERE COD_ESTADO = V_COD_ESTADO;
    
COMMIT;
END ;;
DELIMITER ;
/*!50003 SET sql_mode              = @saved_sql_mode */ ;
/*!50003 SET character_set_client  = @saved_cs_client */ ;
/*!50003 SET character_set_results = @saved_cs_results */ ;
/*!50003 SET collation_connection  = @saved_col_connection */ ;
ALTER DATABASE `db_rancho_peralta` CHARACTER SET utf8 COLLATE utf8_spanish_ci ;
/*!50003 DROP PROCEDURE IF EXISTS `UPD_GANADO` */;
/*!50003 SET @saved_cs_client      = @@character_set_client */ ;
/*!50003 SET @saved_cs_results     = @@character_set_results */ ;
/*!50003 SET @saved_col_connection = @@collation_connection */ ;
/*!50003 SET character_set_client  = utf8mb4 */ ;
/*!50003 SET character_set_results = utf8mb4 */ ;
/*!50003 SET collation_connection  = utf8mb4_general_ci */ ;
/*!50003 SET @saved_sql_mode       = @@sql_mode */ ;
/*!50003 SET sql_mode              = 'NO_ZERO_IN_DATE,NO_ZERO_DATE,NO_ENGINE_SUBSTITUTION' */ ;
DELIMITER ;;
CREATE DEFINER=`root`@`localhost` PROCEDURE `UPD_GANADO`(IN `V_COD_REGISTRO_GANADO` BIGINT, 
IN `V_NUM_ARETE` BIGINT, 
IN V_NOM_GANADO VARCHAR (50),
IN V_CLR_GANADO VARCHAR (50),
IN V_RAZ_GANADO VARCHAR (50),
IN V_SEX_GANADO ENUM('MACHO','HEMBRA'),
IN `V_COD_ESTADO` BIGINT,
IN `V_COD_LUGAR` BIGINT, 
IN `V_PES_ACTUAL` DECIMAL(10,2), 
IN `V_FIE_GANADO` CHAR(4),
IN V_FEC_NACIMIENTO DATE)
BEGIN 
START TRANSACTION;
IF V_COD_ESTADO = 5 THEN
UPDATE TBL_MG_GANADO SET NUM_ARETE = NULL,
       COD_ESTADO = 5
WHERE COD_REGISTRO_GANADO = V_COD_REGISTRO_GANADO;
ELSE
UPDATE TBL_MG_GANADO SET NUM_ARETE = V_NUM_ARETE,
                      NOM_GANADO =  V_NOM_GANADO,
                      CLR_GANADO = V_CLR_GANADO,
                      SEX_GANADO = V_SEX_GANADO,
                      COD_RAZA =  V_RAZ_GANADO,
                     COD_ESTADO = V_COD_ESTADO,
                     COD_LUGAR =  V_COD_LUGAR,
                     PES_ACTUAL = V_PES_ACTUAL,
                     FIE_GANADO = V_FIE_GANADO,
                     FEC_NACIMIENTO = V_FEC_NACIMIENTO
    WHERE COD_REGISTRO_GANADO = V_COD_REGISTRO_GANADO;
    END IF;
 COMMIT;
 END ;;
DELIMITER ;
/*!50003 SET sql_mode              = @saved_sql_mode */ ;
/*!50003 SET character_set_client  = @saved_cs_client */ ;
/*!50003 SET character_set_results = @saved_cs_results */ ;
/*!50003 SET collation_connection  = @saved_col_connection */ ;
/*!50003 DROP PROCEDURE IF EXISTS `UPD_LUGAR` */;
ALTER DATABASE `db_rancho_peralta` CHARACTER SET utf8mb4 COLLATE utf8mb4_general_ci ;
/*!50003 SET @saved_cs_client      = @@character_set_client */ ;
/*!50003 SET @saved_cs_results     = @@character_set_results */ ;
/*!50003 SET @saved_col_connection = @@collation_connection */ ;
/*!50003 SET character_set_client  = utf8mb4 */ ;
/*!50003 SET character_set_results = utf8mb4 */ ;
/*!50003 SET collation_connection  = utf8mb4_general_ci */ ;
/*!50003 SET @saved_sql_mode       = @@sql_mode */ ;
/*!50003 SET sql_mode              = 'NO_ZERO_IN_DATE,NO_ZERO_DATE,NO_ENGINE_SUBSTITUTION' */ ;
DELIMITER ;;
CREATE DEFINER=`root`@`localhost` PROCEDURE `UPD_LUGAR`(IN V_COD_LUGAR BIGINT, IN V_DIR_LUGAR VARCHAR (30),
V_UBI_EXACTA VARCHAR(200),
V_IND_LUGAR ENUM ('ACTIVO','INACTIVO'))
BEGIN
START TRANSACTION;
UPDATE tbl_mg_lugar
SET DIR_LUGAR = V_DIR_LUGAR,
    UBI_EXACTA = V_UBI_EXACTA,
    STATUS = V_IND_LUGAR
    WHERE COD_LUGAR = V_COD_LUGAR;
    
COMMIT;
END ;;
DELIMITER ;
/*!50003 SET sql_mode              = @saved_sql_mode */ ;
/*!50003 SET character_set_client  = @saved_cs_client */ ;
/*!50003 SET character_set_results = @saved_cs_results */ ;
/*!50003 SET collation_connection  = @saved_col_connection */ ;
ALTER DATABASE `db_rancho_peralta` CHARACTER SET utf8 COLLATE utf8_spanish_ci ;
/*!50003 DROP PROCEDURE IF EXISTS `UPD_PROVEEDOR` */;
ALTER DATABASE `db_rancho_peralta` CHARACTER SET utf8mb4 COLLATE utf8mb4_general_ci ;
/*!50003 SET @saved_cs_client      = @@character_set_client */ ;
/*!50003 SET @saved_cs_results     = @@character_set_results */ ;
/*!50003 SET @saved_col_connection = @@collation_connection */ ;
/*!50003 SET character_set_client  = utf8mb4 */ ;
/*!50003 SET character_set_results = utf8mb4 */ ;
/*!50003 SET collation_connection  = utf8mb4_general_ci */ ;
/*!50003 SET @saved_sql_mode       = @@sql_mode */ ;
/*!50003 SET sql_mode              = 'NO_ZERO_IN_DATE,NO_ZERO_DATE,NO_ENGINE_SUBSTITUTION' */ ;
DELIMITER ;;
CREATE DEFINER=`root`@`localhost` PROCEDURE `UPD_PROVEEDOR`(
IN V_COD_PERSONA BIGINT,
IN V_PRI_NOMBRE VARCHAR(255), 
IN V_PRI_APELLIDO VARCHAR(255),  
IN V_ID_PERSONA VARCHAR(50), 
IN V_SEX_PROVEEDOR ENUM ('M','F'),
IN V_FEC_NACIMIENTO DATE, 
IN V_DET_DIRECCION VARCHAR(800), 
IN V_NUM_AREA VARCHAR(4),
IN V_NUM_CELULAR VARCHAR(15),
IN V_NUM_TELEFONO VARCHAR(15),
IN V_IND_COMERCIAL ENUM ('ACTIVO','INACTIVO'))
BEGIN 
START TRANSACTION;  
UPDATE  TBL_MP_PROVEEDORES SET
                        PRI_NOMBRE= V_PRI_NOMBRE,
                        PRI_APELLIDO = V_PRI_APELLIDO,                          
                        ID_PROVEEDOR =  V_ID_PERSONA,
                        SEX_PROVEEDOR = V_SEX_PROVEEDOR,
                        FEC_NACIMIENTO = V_FEC_NACIMIENTO, 
                        DET_DIRECCION  =  V_DET_DIRECCION,
                        IND_COMERCIAL = V_IND_COMERCIAL
                        WHERE COD_PROVEEDOR = V_COD_PERSONA;


UPDATE tbl_MP_TELEFONO_PROVEEDORES
SET NUM_AREA =  V_NUM_AREA,
    NUM_CELULAR = V_NUM_CELULAR,
    NUM_TELEFONO = V_NUM_TELEFONO
WHERE COD_PROVEEDOR = V_COD_PERSONA;
COMMIT;
END ;;
DELIMITER ;
/*!50003 SET sql_mode              = @saved_sql_mode */ ;
/*!50003 SET character_set_client  = @saved_cs_client */ ;
/*!50003 SET character_set_results = @saved_cs_results */ ;
/*!50003 SET collation_connection  = @saved_col_connection */ ;
ALTER DATABASE `db_rancho_peralta` CHARACTER SET utf8 COLLATE utf8_spanish_ci ;
/*!50003 DROP PROCEDURE IF EXISTS `UPD_RAZA` */;
ALTER DATABASE `db_rancho_peralta` CHARACTER SET utf8mb4 COLLATE utf8mb4_general_ci ;
/*!50003 SET @saved_cs_client      = @@character_set_client */ ;
/*!50003 SET @saved_cs_results     = @@character_set_results */ ;
/*!50003 SET @saved_col_connection = @@collation_connection */ ;
/*!50003 SET character_set_client  = utf8mb4 */ ;
/*!50003 SET character_set_results = utf8mb4 */ ;
/*!50003 SET collation_connection  = utf8mb4_general_ci */ ;
/*!50003 SET @saved_sql_mode       = @@sql_mode */ ;
/*!50003 SET sql_mode              = 'NO_ZERO_IN_DATE,NO_ZERO_DATE,NO_ENGINE_SUBSTITUTION' */ ;
DELIMITER ;;
CREATE DEFINER=`root`@`localhost` PROCEDURE `UPD_RAZA`(IN V_COD_RAZA BIGINT, IN V_NOM_RAZA VARCHAR (30), IN V_DET_RAZA VARCHAR(200), IN V_IND_RAZA ENUM('ACTIVO','INACTIVO'))
BEGIN
START TRANSACTION;
UPDATE tbl_mg_raza
SET NOM_RAZA = V_NOM_RAZA,
    DET_RAZA = V_DET_RAZA,
    IND_RAZA = V_IND_RAZA
    WHERE COD_RAZA = V_COD_RAZA;
    
COMMIT;
END ;;
DELIMITER ;
/*!50003 SET sql_mode              = @saved_sql_mode */ ;
/*!50003 SET character_set_client  = @saved_cs_client */ ;
/*!50003 SET character_set_results = @saved_cs_results */ ;
/*!50003 SET collation_connection  = @saved_col_connection */ ;
ALTER DATABASE `db_rancho_peralta` CHARACTER SET utf8 COLLATE utf8_spanish_ci ;
/*!50003 DROP PROCEDURE IF EXISTS `upd_respuesta` */;
ALTER DATABASE `db_rancho_peralta` CHARACTER SET utf8mb4 COLLATE utf8mb4_general_ci ;
/*!50003 SET @saved_cs_client      = @@character_set_client */ ;
/*!50003 SET @saved_cs_results     = @@character_set_results */ ;
/*!50003 SET @saved_col_connection = @@collation_connection */ ;
/*!50003 SET character_set_client  = utf8mb4 */ ;
/*!50003 SET character_set_results = utf8mb4 */ ;
/*!50003 SET collation_connection  = utf8mb4_general_ci */ ;
/*!50003 SET @saved_sql_mode       = @@sql_mode */ ;
/*!50003 SET sql_mode              = 'NO_ZERO_IN_DATE,NO_ZERO_DATE,NO_ENGINE_SUBSTITUTION' */ ;
DELIMITER ;;
CREATE DEFINER=`root`@`localhost` PROCEDURE `upd_respuesta`(in v_id_usuario int, in v_pregunta int, in v_respuesta varchar(30))
begin
start transaction;
update respuestas set
respuesta = v_respuesta
where id_usuario = v_id_usuario and id_pregunta = v_pregunta;
commit;
end ;;
DELIMITER ;
/*!50003 SET sql_mode              = @saved_sql_mode */ ;
/*!50003 SET character_set_client  = @saved_cs_client */ ;
/*!50003 SET character_set_results = @saved_cs_results */ ;
/*!50003 SET collation_connection  = @saved_col_connection */ ;
ALTER DATABASE `db_rancho_peralta` CHARACTER SET utf8 COLLATE utf8_spanish_ci ;
/*!50003 DROP PROCEDURE IF EXISTS `UPD_TRANS_EMBRION` */;
ALTER DATABASE `db_rancho_peralta` CHARACTER SET utf8mb4 COLLATE utf8mb4_general_ci ;
/*!50003 SET @saved_cs_client      = @@character_set_client */ ;
/*!50003 SET @saved_cs_results     = @@character_set_results */ ;
/*!50003 SET @saved_col_connection = @@collation_connection */ ;
/*!50003 SET character_set_client  = utf8mb4 */ ;
/*!50003 SET character_set_results = utf8mb4 */ ;
/*!50003 SET collation_connection  = utf8mb4_general_ci */ ;
/*!50003 SET @saved_sql_mode       = @@sql_mode */ ;
/*!50003 SET sql_mode              = 'NO_ZERO_IN_DATE,NO_ZERO_DATE,NO_ENGINE_SUBSTITUTION' */ ;
DELIMITER ;;
CREATE DEFINER=`root`@`localhost` PROCEDURE `UPD_TRANS_EMBRION`(IN V_COD_TRANS_EMBRION BIGINT, IN V_IND_TRANS_EMBRION VARCHAR(50))
BEGIN
START TRANSACTION;

SELECT @COD_GANADO:= COD_REGISTRO_GANADO 
FROM TBL_MG_TRANS_EMBRION 
WHERE COD_TRANS_EMBRION = V_COD_TRANS_EMBRION;

SELECT @COD_TRANS_EMBRION:= COD_TRANS_EMBRION 
FROM TBL_MG_TRANS_EMBRION 
WHERE COD_TRANS_EMBRION = V_COD_TRANS_EMBRION;

IF V_IND_TRANS_EMBRION = 'FECUNDÓ' THEN
    UPDATE TBL_MG_TRANS_EMBRION SET IND_FECUNDACION = V_IND_TRANS_EMBRION
    WHERE COD_TRANS_EMBRION = V_COD_TRANS_EMBRION;
    
    UPDATE TBL_MG_GANADO 
    SET COD_ESTADO = 1
    WHERE COD_REGISTRO_GANADO = @COD_GANADO;
    
    SELECT @COD_PRENADA := MAX(COD_PRENADA_EMBRION) 
    FROM  TBL_MG_PRENADA_EMBRION;
    
    INSERT INTO TBL_MG_PRENADA_EMBRION (COD_PRENADA_EMBRION,COD_TRANS_EMBRION,FEC_REGISTRO)
    VALUES (@COD_PRENADA +1,@COD_TRANS_EMBRION,NOW());
    
ELSE
    UPDATE TBL_MG_TRANS_EMBRION SET IND_FECUNDACION = V_IND_TRANS_EMBRION
    WHERE COD_TRANS_EMBRION = V_COD_TRANS_EMBRION;

    UPDATE TBL_MG_GANADO 
    SET COD_ESTADO = 11
    WHERE COD_REGISTRO_GANADO = @COD_GANADO;

END IF;


COMMIT;
END ;;
DELIMITER ;
/*!50003 SET sql_mode              = @saved_sql_mode */ ;
/*!50003 SET character_set_client  = @saved_cs_client */ ;
/*!50003 SET character_set_results = @saved_cs_results */ ;
/*!50003 SET collation_connection  = @saved_col_connection */ ;
ALTER DATABASE `db_rancho_peralta` CHARACTER SET utf8 COLLATE utf8_spanish_ci ;
/*!50003 DROP PROCEDURE IF EXISTS `UPD_TRANS_ESPERMA` */;
ALTER DATABASE `db_rancho_peralta` CHARACTER SET utf8mb4 COLLATE utf8mb4_general_ci ;
/*!50003 SET @saved_cs_client      = @@character_set_client */ ;
/*!50003 SET @saved_cs_results     = @@character_set_results */ ;
/*!50003 SET @saved_col_connection = @@collation_connection */ ;
/*!50003 SET character_set_client  = utf8mb4 */ ;
/*!50003 SET character_set_results = utf8mb4 */ ;
/*!50003 SET collation_connection  = utf8mb4_general_ci */ ;
/*!50003 SET @saved_sql_mode       = @@sql_mode */ ;
/*!50003 SET sql_mode              = 'NO_ZERO_IN_DATE,NO_ZERO_DATE,NO_ENGINE_SUBSTITUTION' */ ;
DELIMITER ;;
CREATE DEFINER=`root`@`localhost` PROCEDURE `UPD_TRANS_ESPERMA`(IN V_COD_TRANS_ESPERMA BIGINT, IN V_IND_TRANS_ESPERMA VARCHAR(50))
BEGIN
START TRANSACTION;

SELECT @COD_GANADO:= COD_REGISTRO_GANADO 
FROM TBL_MG_TRANS_ESPERMA 
WHERE COD_TRANS_ESPERMA = V_COD_TRANS_ESPERMA;

SELECT @COD_TRANS_ESPERMA:= COD_TRANS_ESPERMA
FROM TBL_MG_TRANS_ESPERMA 
WHERE COD_TRANS_ESPERMA = V_COD_TRANS_ESPERMA;

IF V_IND_TRANS_ESPERMA = 'FECUNDÓ' THEN
    UPDATE TBL_MG_TRANS_ESPERMA SET IND_FECUNDACION = V_IND_TRANS_ESPERMA
    WHERE COD_TRANS_ESPERMA = V_COD_TRANS_ESPERMA;
    
    UPDATE TBL_MG_GANADO 
    SET COD_ESTADO = 1
    WHERE COD_REGISTRO_GANADO = @COD_GANADO;
    
    SELECT @COD_PRENADA := MAX(COD_PRENADA_ESPERMA) 
    FROM TBL_MG_PRENADA_ESPERMA;
    
    INSERT INTO TBL_MG_PRENADA_ESPERMA (COD_PRENADA_ESPERMA,COD_TRANS_ESPERMA,FEC_REGISTRO)
    VALUES (@COD_PRENADA +1,@COD_TRANS_ESPERMA,NOW());
    
ELSE
    UPDATE TBL_MG_TRANS_ESPERMA SET IND_FECUNDACION = V_IND_TRANS_ESPERMA
    WHERE COD_TRANS_ESPERMA = V_COD_TRANS_ESPERMA;

    UPDATE TBL_MG_GANADO 
    SET COD_ESTADO = 11
    WHERE COD_REGISTRO_GANADO = @COD_GANADO;

END IF;
COMMIT;
END ;;
DELIMITER ;
/*!50003 SET sql_mode              = @saved_sql_mode */ ;
/*!50003 SET character_set_client  = @saved_cs_client */ ;
/*!50003 SET character_set_results = @saved_cs_results */ ;
/*!50003 SET collation_connection  = @saved_col_connection */ ;
ALTER DATABASE `db_rancho_peralta` CHARACTER SET utf8 COLLATE utf8_spanish_ci ;
/*!50003 DROP PROCEDURE IF EXISTS `UPD_TRANS_MONTA` */;
ALTER DATABASE `db_rancho_peralta` CHARACTER SET utf8mb4 COLLATE utf8mb4_general_ci ;
/*!50003 SET @saved_cs_client      = @@character_set_client */ ;
/*!50003 SET @saved_cs_results     = @@character_set_results */ ;
/*!50003 SET @saved_col_connection = @@collation_connection */ ;
/*!50003 SET character_set_client  = utf8mb4 */ ;
/*!50003 SET character_set_results = utf8mb4 */ ;
/*!50003 SET collation_connection  = utf8mb4_general_ci */ ;
/*!50003 SET @saved_sql_mode       = @@sql_mode */ ;
/*!50003 SET sql_mode              = 'NO_ZERO_IN_DATE,NO_ZERO_DATE,NO_ENGINE_SUBSTITUTION' */ ;
DELIMITER ;;
CREATE DEFINER=`root`@`localhost` PROCEDURE `UPD_TRANS_MONTA`(IN V_COD_MONTA BIGINT, IN V_IND_TRANS_MONTA VARCHAR(50))
BEGIN
START TRANSACTION;

SELECT @COD_GANADO:= COD_REGISTRO_GANADO 
FROM TBL_MG_MONTA
WHERE COD_MONTA = V_COD_MONTA;

SELECT @COD_MONTA:= COD_MONTA
FROM TBL_MG_MONTA 
WHERE COD_MONTA = V_COD_MONTA;

IF V_IND_TRANS_MONTA = 'FECUNDÓ' THEN
    UPDATE TBL_MG_MONTA SET IND_FECUNDACION = V_IND_TRANS_MONTA
    WHERE COD_MONTA = COD_MONTA;
    
    UPDATE TBL_MG_GANADO 
    SET COD_ESTADO = 1
    WHERE COD_REGISTRO_GANADO = @COD_GANADO;
    
    SELECT @COD_PRENADA := MAX(COD_PRENADA_MONTA) 
    FROM TBL_MG_PRENADA_MONTA;
    
    INSERT INTO TBL_MG_PRENADA_MONTA (COD_PRENADA_MONTA,COD_MONTA,FEC_REGISTRO)
    VALUES (@COD_PRENADA +1,@COD_MONTA,NOW());
    
ELSE
    UPDATE TBL_MG_MONTA SET IND_FECUNDACION = V_IND_TRANS_MONTA
    WHERE COD_MONTA = COD_MONTA;

    UPDATE TBL_MG_GANADO 
    SET COD_ESTADO = 11
    WHERE COD_REGISTRO_GANADO = @COD_GANADO;

END IF;
COMMIT;
END ;;
DELIMITER ;
/*!50003 SET sql_mode              = @saved_sql_mode */ ;
/*!50003 SET character_set_client  = @saved_cs_client */ ;
/*!50003 SET character_set_results = @saved_cs_results */ ;
/*!50003 SET collation_connection  = @saved_col_connection */ ;
ALTER DATABASE `db_rancho_peralta` CHARACTER SET utf8 COLLATE utf8_spanish_ci ;
/*!50003 DROP PROCEDURE IF EXISTS `UPD_VACAP_EMBRION` */;
ALTER DATABASE `db_rancho_peralta` CHARACTER SET utf8mb4 COLLATE utf8mb4_general_ci ;
/*!50003 SET @saved_cs_client      = @@character_set_client */ ;
/*!50003 SET @saved_cs_results     = @@character_set_results */ ;
/*!50003 SET @saved_col_connection = @@collation_connection */ ;
/*!50003 SET character_set_client  = utf8mb4 */ ;
/*!50003 SET character_set_results = utf8mb4 */ ;
/*!50003 SET collation_connection  = utf8mb4_general_ci */ ;
/*!50003 SET @saved_sql_mode       = @@sql_mode */ ;
/*!50003 SET sql_mode              = 'NO_ZERO_IN_DATE,NO_ZERO_DATE,NO_ENGINE_SUBSTITUTION' */ ;
DELIMITER ;;
CREATE DEFINER=`root`@`localhost` PROCEDURE `UPD_VACAP_EMBRION`(IN V_COD_PRENADA_EMBRION BIGINT,
IN V_FEC_PARIO DATE,
IN V_OBS_VACAP VARCHAR(100),
IN V_IND_PRENADA ENUM('ABORTÓ','NO ABORTÓ'))
BEGIN
START TRANSACTION;

SELECT @trans_embrion := (COD_TRANS_EMBRION)
FROM TBL_MG_PRENADA_EMBRION
WHERE COD_PRENADA_EMBRION = V_COD_PRENADA_EMBRION;

SELECT @COD_REGISTRO_GANADO :=(COD_REGISTRO_GANADO)    
FROM TBL_mg_trans_embrion 
WHERE COD_TRANS_EMBRION = @trans_embrion;

IF V_IND_PRENADA ='NO ABORTÓ' THEN

  UPDATE TBL_MG_GANADO SET COD_ESTADO = 12
  WHERE COD_REGISTRO_GANADO = @COD_REGISTRO_GANADO;
  
  ELSE
    UPDATE TBL_MG_GANADO SET COD_ESTADO = 9
    WHERE COD_REGISTRO_GANADO = @COD_REGISTRO_GANADO;


END IF;
    
    
    UPDATE TBL_MG_PRENADA_EMBRION 
SET FEC_PARIO = V_FEC_PARIO,
    OBS_VACAP= V_OBS_VACAP,
    IND_PRENADA = V_IND_PRENADA
    WHERE COD_PRENADA_EMBRION = V_COD_PRENADA_EMBRION;


                           

END ;;
DELIMITER ;
/*!50003 SET sql_mode              = @saved_sql_mode */ ;
/*!50003 SET character_set_client  = @saved_cs_client */ ;
/*!50003 SET character_set_results = @saved_cs_results */ ;
/*!50003 SET collation_connection  = @saved_col_connection */ ;
ALTER DATABASE `db_rancho_peralta` CHARACTER SET utf8 COLLATE utf8_spanish_ci ;
/*!50003 DROP PROCEDURE IF EXISTS `UPD_VACAP_ESPERMA` */;
ALTER DATABASE `db_rancho_peralta` CHARACTER SET utf8mb4 COLLATE utf8mb4_general_ci ;
/*!50003 SET @saved_cs_client      = @@character_set_client */ ;
/*!50003 SET @saved_cs_results     = @@character_set_results */ ;
/*!50003 SET @saved_col_connection = @@collation_connection */ ;
/*!50003 SET character_set_client  = utf8mb4 */ ;
/*!50003 SET character_set_results = utf8mb4 */ ;
/*!50003 SET collation_connection  = utf8mb4_general_ci */ ;
/*!50003 SET @saved_sql_mode       = @@sql_mode */ ;
/*!50003 SET sql_mode              = 'NO_ZERO_IN_DATE,NO_ZERO_DATE,NO_ENGINE_SUBSTITUTION' */ ;
DELIMITER ;;
CREATE DEFINER=`root`@`localhost` PROCEDURE `UPD_VACAP_ESPERMA`(IN V_COD_PRENADA_ESPERMA BIGINT, IN V_FEC_PARIO DATE, IN V_OBS_VACAP VARCHAR(100), IN V_IND_PRENADA ENUM('ABORTÓ','NO ABORTÓ'))
BEGIN
START TRANSACTION;

SELECT @trans_esperma :=MAX(COD_TRANS_ESPERMA)
FROM TBL_MG_PRENADA_ESPERMA
WHERE COD_PRENADA_ESPERMA = V_COD_PRENADA_ESPERMA;

SELECT @COD_REGISTRO_GANADO :=MAX(COD_REGISTRO_GANADO)      
FROM TBL_MG_TRANS_ESPERMA
WHERE COD_TRANS_ESPERMA = @trans_esperma;

IF V_IND_PRENADA ='NO ABORTÓ' THEN

  UPDATE TBL_MG_GANADO SET COD_ESTADO = 12
  WHERE COD_REGISTRO_GANADO = @COD_REGISTRO_GANADO;
  
  ELSE
    UPDATE TBL_MG_GANADO SET COD_ESTADO = 9
    WHERE COD_REGISTRO_GANADO = @COD_REGISTRO_GANADO;

END IF;

UPDATE TBL_MG_PRENADA_ESPERMA 
SET FEC_PARIO = V_FEC_PARIO,
    OBS_VACAP = V_OBS_VACAP,
    IND_PRENADA = V_IND_PRENADA
    WHERE COD_PRENADA_ESPERMA = V_COD_PRENADA_ESPERMA;
                           
COMMIT;
END ;;
DELIMITER ;
/*!50003 SET sql_mode              = @saved_sql_mode */ ;
/*!50003 SET character_set_client  = @saved_cs_client */ ;
/*!50003 SET character_set_results = @saved_cs_results */ ;
/*!50003 SET collation_connection  = @saved_col_connection */ ;
ALTER DATABASE `db_rancho_peralta` CHARACTER SET utf8 COLLATE utf8_spanish_ci ;
/*!50003 DROP PROCEDURE IF EXISTS `UPD_VACAP_MONTA` */;
ALTER DATABASE `db_rancho_peralta` CHARACTER SET utf8mb4 COLLATE utf8mb4_general_ci ;
/*!50003 SET @saved_cs_client      = @@character_set_client */ ;
/*!50003 SET @saved_cs_results     = @@character_set_results */ ;
/*!50003 SET @saved_col_connection = @@collation_connection */ ;
/*!50003 SET character_set_client  = utf8mb4 */ ;
/*!50003 SET character_set_results = utf8mb4 */ ;
/*!50003 SET collation_connection  = utf8mb4_general_ci */ ;
/*!50003 SET @saved_sql_mode       = @@sql_mode */ ;
/*!50003 SET sql_mode              = 'NO_ZERO_IN_DATE,NO_ZERO_DATE,NO_ENGINE_SUBSTITUTION' */ ;
DELIMITER ;;
CREATE DEFINER=`root`@`localhost` PROCEDURE `UPD_VACAP_MONTA`(IN V_COD_PRENADA_MONTA BIGINT,
IN V_FEC_PARIO DATE,
IN V_OBS_VACAP VARCHAR(100),
IN V_IND_PRENADA ENUM('ABORTÓ','NO ABORTÓ'))
BEGIN
START TRANSACTION;


SELECT @COD_MONTA := COD_MONTA      
FROM TBL_MG_PRENADA_MONTA
WHERE COD_PRENADA_MONTA =V_COD_PRENADA_MONTA;


SELECT @COD_REGISTRO_GANADO :=COD_REGISTRO_GANADO      
FROM TBL_MG_MONTA
WHERE COD_MONTA = @COD_MONTA;

IF V_IND_PRENADA ='NO ABORTÓ' THEN

  UPDATE TBL_MG_GANADO SET COD_ESTADO = 12
  WHERE COD_REGISTRO_GANADO = @COD_REGISTRO_GANADO;
  
  ELSE
    UPDATE TBL_MG_GANADO SET COD_ESTADO = 9
    WHERE COD_REGISTRO_GANADO = @COD_REGISTRO_GANADO;

END IF;

UPDATE TBL_MG_PRENADA_MONTA 
SET FEC_PARIO = V_FEC_PARIO,
    OBS_VACAP = V_OBS_VACAP,
    IND_PRENADA = V_IND_PRENADA
    WHERE COD_PRENADA_MONTA = V_COD_PRENADA_MONTA;
                           
COMMIT;
END ;;
DELIMITER ;
/*!50003 SET sql_mode              = @saved_sql_mode */ ;
/*!50003 SET character_set_client  = @saved_cs_client */ ;
/*!50003 SET character_set_results = @saved_cs_results */ ;
/*!50003 SET collation_connection  = @saved_col_connection */ ;
ALTER DATABASE `db_rancho_peralta` CHARACTER SET utf8 COLLATE utf8_spanish_ci ;

--
-- Final view structure for view `bitacora`
--

/*!50001 DROP TABLE IF EXISTS `bitacora`*/;
/*!50001 DROP VIEW IF EXISTS `bitacora`*/;
/*!50001 SET @saved_cs_client          = @@character_set_client */;
/*!50001 SET @saved_cs_results         = @@character_set_results */;
/*!50001 SET @saved_col_connection     = @@collation_connection */;
/*!50001 SET character_set_client      = utf8mb4 */;
/*!50001 SET character_set_results     = utf8mb4 */;
/*!50001 SET collation_connection      = utf8mb4_general_ci */;
/*!50001 CREATE ALGORITHM=UNDEFINED */
/*!50013 DEFINER=`root`@`localhost` SQL SECURITY DEFINER */
/*!50001 VIEW `bitacora` AS select `bitacoras`.`id` AS `id`,`bitacoras`.`fecha` AS `fecha`,`bitacoras`.`usuario` AS `usuario`,`bitacoras`.`tabla` AS `tabla`,`bitacoras`.`accion` AS `accion`,`bitacoras`.`descripccion` AS `descripccion` from `bitacoras` order by `bitacoras`.`id` desc */;
/*!50001 SET character_set_client      = @saved_cs_client */;
/*!50001 SET character_set_results     = @saved_cs_results */;
/*!50001 SET collation_connection      = @saved_col_connection */;

--
-- Final view structure for view `clientes`
--

/*!50001 DROP TABLE IF EXISTS `clientes`*/;
/*!50001 DROP VIEW IF EXISTS `clientes`*/;
/*!50001 SET @saved_cs_client          = @@character_set_client */;
/*!50001 SET @saved_cs_results         = @@character_set_results */;
/*!50001 SET @saved_col_connection     = @@collation_connection */;
/*!50001 SET character_set_client      = utf8mb4 */;
/*!50001 SET character_set_results     = utf8mb4 */;
/*!50001 SET collation_connection      = utf8mb4_general_ci */;
/*!50001 CREATE ALGORITHM=UNDEFINED */
/*!50013 DEFINER=`root`@`localhost` SQL SECURITY DEFINER */
/*!50001 VIEW `clientes` AS select `p`.`COD_CLIENTE` AS `COD_CLIENTE`,concat(`p`.`PRI_NOMBRE`,' ',`p`.`PRI_APELLIDO`) AS `PERSONA` from `tbl_mp_clientes` `p` where `p`.`IND_COMERCIAL` = 'ACTIVO' */;
/*!50001 SET character_set_client      = @saved_cs_client */;
/*!50001 SET character_set_results     = @saved_cs_results */;
/*!50001 SET collation_connection      = @saved_col_connection */;

--
-- Final view structure for view `clientes_registrados`
--

/*!50001 DROP TABLE IF EXISTS `clientes_registrados`*/;
/*!50001 DROP VIEW IF EXISTS `clientes_registrados`*/;
/*!50001 SET @saved_cs_client          = @@character_set_client */;
/*!50001 SET @saved_cs_results         = @@character_set_results */;
/*!50001 SET @saved_col_connection     = @@collation_connection */;
/*!50001 SET character_set_client      = utf8mb4 */;
/*!50001 SET character_set_results     = utf8mb4 */;
/*!50001 SET collation_connection      = utf8mb4_general_ci */;
/*!50001 CREATE ALGORITHM=UNDEFINED */
/*!50013 DEFINER=`root`@`localhost` SQL SECURITY DEFINER */
/*!50001 VIEW `clientes_registrados` AS select `p`.`COD_CLIENTE` AS `COD_CLIENTE`,`p`.`PRI_NOMBRE` AS `PRI_NOMBRE`,`p`.`PRI_APELLIDO` AS `PRI_APELLIDO`,`p`.`ID_CLIENTE` AS `ID_CLIENTE`,`p`.`SEX_CLIENTE` AS `SEX_CLIENTE`,`p`.`FEC_NACIMIENTO` AS `FEC_NACIMIENTO`,`f`.`NUM_TELEFONO` AS `NUM_TELEFONO`,`p`.`DET_DIRECCION` AS `DET_DIRECCION`,`p`.`IND_COMERCIAL` AS `IND_COMERCIAL`,`f`.`NUM_AREA` AS `NUM_AREA`,`f`.`NUM_CELULAR` AS `NUM_CELULAR` from (`tbl_mp_clientes` `p` join `tbl_mp_telefonos_clientes` `f` on(`p`.`COD_CLIENTE` = `f`.`COD_CLIENTE`)) */;
/*!50001 SET character_set_client      = @saved_cs_client */;
/*!50001 SET character_set_results     = @saved_cs_results */;
/*!50001 SET collation_connection      = @saved_col_connection */;

--
-- Final view structure for view `compra_embrion_actual`
--

/*!50001 DROP TABLE IF EXISTS `compra_embrion_actual`*/;
/*!50001 DROP VIEW IF EXISTS `compra_embrion_actual`*/;
/*!50001 SET @saved_cs_client          = @@character_set_client */;
/*!50001 SET @saved_cs_results         = @@character_set_results */;
/*!50001 SET @saved_col_connection     = @@collation_connection */;
/*!50001 SET character_set_client      = utf8mb4 */;
/*!50001 SET character_set_results     = utf8mb4 */;
/*!50001 SET collation_connection      = utf8mb4_general_ci */;
/*!50001 CREATE ALGORITHM=UNDEFINED */
/*!50013 DEFINER=`root`@`localhost` SQL SECURITY DEFINER */
/*!50001 VIEW `compra_embrion_actual` AS select `d`.`COD_DETALLE_COMPRA` AS `COD_DETALLE_COMPRA`,`c`.`COD_COMPRA_EMBRION` AS `COD_COMPRA_EMBRION`,`d`.`RAZ_ESPERADA` AS `RAZ_ESPERADA`,`d`.`NOM_VACA_DONADORA` AS `NOM_VACA_DONADORA`,`d`.`RAZ_VACA_DONADORA` AS `RAZ_VACA_DONADORA`,`d`.`RAZ_TORO_DONADOR` AS `RAZ_TORO_DONADOR`,`d`.`NOM_TORO_DONADOR` AS `NOM_TORO_DONADOR`,`d`.`PRE_EMBRION` AS `PRE_EMBRION`,`d`.`OBS_COMPRA_EMBRION` AS `OBS_COMPRA_EMBRION`,`d`.`IND_EMBRION` AS `IND_EMBRION`,`d`.`FEC_REGISTRO` AS `FEC_REGISTRO`,`d`.`STATUS_COMPRA` AS `STATUS` from (`tbl_mc_compra_embrion` `c` join `tbl_mc_detalle_cembrion` `d` on(`c`.`COD_COMPRA_EMBRION` = `d`.`COD_COMPRA_EMBRION`)) where `d`.`STATUS_COMPRA` = 'EN PROCESO' and `c`.`STATUS_LOTE` = 'EN PROCESO' and `d`.`COD_COMPRA_EMBRION` in (select max(`c`.`COD_COMPRA_EMBRION`)) */;
/*!50001 SET character_set_client      = @saved_cs_client */;
/*!50001 SET character_set_results     = @saved_cs_results */;
/*!50001 SET collation_connection      = @saved_col_connection */;

--
-- Final view structure for view `compra_esperma_actual`
--

/*!50001 DROP TABLE IF EXISTS `compra_esperma_actual`*/;
/*!50001 DROP VIEW IF EXISTS `compra_esperma_actual`*/;
/*!50001 SET @saved_cs_client          = @@character_set_client */;
/*!50001 SET @saved_cs_results         = @@character_set_results */;
/*!50001 SET @saved_col_connection     = @@collation_connection */;
/*!50001 SET character_set_client      = utf8mb4 */;
/*!50001 SET character_set_results     = utf8mb4 */;
/*!50001 SET collation_connection      = utf8mb4_general_ci */;
/*!50001 CREATE ALGORITHM=UNDEFINED */
/*!50013 DEFINER=`root`@`localhost` SQL SECURITY DEFINER */
/*!50001 VIEW `compra_esperma_actual` AS select `d`.`COD_DETALLE_COMPRA` AS `COD_DETALLE_COMPRA`,`c`.`COD_COMPRA_ESPERMA` AS `COD_COMPRA_ESPERMA`,`d`.`NUM_PAJILLA` AS `NUM_PAJILLA`,`d`.`PRE_ESPERMA` AS `PRE_ESPERMA`,`d`.`OBS_COMPRA_ESPERMA` AS `OBS_COMPRA_ESPERMA`,`d`.`RAZ_TORO_DONADOR` AS `RAZ_TORO_DONADOR`,`d`.`NOM_TORO_DONADOR` AS `NOM_TORO_DONADOR`,`d`.`IND_ESPERMA` AS `IND_ESPERMA`,`d`.`FEC_REGISTRO` AS `FEC_REGISTRO`,`d`.`STATUS_COMPRA` AS `STATUS` from (`tbl_mc_compra_esperma` `c` join `tbl_mc_detalle_cesperma` `d` on(`c`.`COD_COMPRA_ESPERMA` = `d`.`COD_COMPRA_ESPERMA`)) where `d`.`STATUS_COMPRA` = 'EN PROCESO' and `c`.`STATUS_LOTE` = 'EN PROCESO' and `d`.`COD_COMPRA_ESPERMA` in (select max(`c`.`COD_COMPRA_ESPERMA`)) */;
/*!50001 SET character_set_client      = @saved_cs_client */;
/*!50001 SET character_set_results     = @saved_cs_results */;
/*!50001 SET collation_connection      = @saved_col_connection */;

--
-- Final view structure for view `compra_ganado`
--

/*!50001 DROP TABLE IF EXISTS `compra_ganado`*/;
/*!50001 DROP VIEW IF EXISTS `compra_ganado`*/;
/*!50001 SET @saved_cs_client          = @@character_set_client */;
/*!50001 SET @saved_cs_results         = @@character_set_results */;
/*!50001 SET @saved_col_connection     = @@collation_connection */;
/*!50001 SET character_set_client      = utf8mb4 */;
/*!50001 SET character_set_results     = utf8mb4 */;
/*!50001 SET collation_connection      = utf8mb4_general_ci */;
/*!50001 CREATE ALGORITHM=UNDEFINED */
/*!50013 DEFINER=`root`@`localhost` SQL SECURITY DEFINER */
/*!50001 VIEW `compra_ganado` AS select `c`.`COD_COMPRA_GANADO` AS `COD_COMPRA_GANADO`,`g`.`PRE_GANADO` AS `PRECIO`,`e`.`DET_ESTADO` AS `ESTADO`,`g`.`NOM_GANADO` AS `NOM_GANADO`,`l`.`DIR_LUGAR` AS `DIR_LUGAR`,concat(`p`.`PRI_NOMBRE`,' ',`p`.`PRI_APELLIDO`) AS `PERSONA`,`c`.`FEC_COMPRA` AS `FEC_COMPRA`,`r`.`NOM_RAZA` AS `RAZA` from (((((`tbl_mc_detalle_comprag` `g` join `tbl_mg_estado_ganado` `e` on(`g`.`COD_ESTADO` = `e`.`COD_ESTADO`)) join `tbl_mg_lugar` `l` on(`g`.`COD_LUGAR` = `l`.`COD_LUGAR`)) join `tbl_mg_raza` `r` on(`g`.`COD_RAZA` = `r`.`COD_RAZA`)) join `tbl_mc_compra_ganado` `c` on(`g`.`COD_COMPRA_GANADO` = `c`.`COD_COMPRA_GANADO`)) join `tbl_mp_proveedores` `p` on(`c`.`COD_PROVEEDOR` = `p`.`COD_PROVEEDOR`)) */;
/*!50001 SET character_set_client      = @saved_cs_client */;
/*!50001 SET character_set_results     = @saved_cs_results */;
/*!50001 SET collation_connection      = @saved_col_connection */;

--
-- Final view structure for view `compra_ganado_actual`
--

/*!50001 DROP TABLE IF EXISTS `compra_ganado_actual`*/;
/*!50001 DROP VIEW IF EXISTS `compra_ganado_actual`*/;
/*!50001 SET @saved_cs_client          = @@character_set_client */;
/*!50001 SET @saved_cs_results         = @@character_set_results */;
/*!50001 SET @saved_col_connection     = @@collation_connection */;
/*!50001 SET character_set_client      = utf8mb4 */;
/*!50001 SET character_set_results     = utf8mb4 */;
/*!50001 SET collation_connection      = utf8mb4_general_ci */;
/*!50001 CREATE ALGORITHM=UNDEFINED */
/*!50013 DEFINER=`root`@`localhost` SQL SECURITY DEFINER */
/*!50001 VIEW `compra_ganado_actual` AS select `d`.`COD_DETALLE_COMPRA` AS `COD_DETALLE_COMPRA`,`c`.`COD_COMPRA_GANADO` AS `COD_COMPRA_GANADO`,`d`.`NOM_GANADO` AS `NOM_GANADO`,`d`.`CLR_GANADO` AS `CLR_GANADO`,`r`.`NOM_RAZA` AS `NOM_RAZA`,`d`.`SEX_GANADO` AS `SEX_GANADO`,`d`.`PES_ACTUAL` AS `PES_ACTUAL`,`e`.`DET_ESTADO` AS `DET_ESTADO`,`d`.`FIE_GANADO` AS `FIE_GANADO`,`l`.`DIR_LUGAR` AS `DIR_LUGAR`,`d`.`PRE_GANADO` AS `PRE_GANADO`,`d`.`STATUS_COMPRA` AS `STATUS` from ((((`tbl_mc_compra_ganado` `c` join `tbl_mc_detalle_comprag` `d` on(`c`.`COD_COMPRA_GANADO` = `d`.`COD_COMPRA_GANADO`)) join `tbl_mg_raza` `r` on(`d`.`COD_RAZA` = `r`.`COD_RAZA`)) join `tbl_mg_estado_ganado` `e` on(`d`.`COD_ESTADO` = `e`.`COD_ESTADO`)) join `tbl_mg_lugar` `l` on(`d`.`COD_LUGAR` = `l`.`COD_LUGAR`)) where `d`.`STATUS_COMPRA` = 'EN PROCESO' and `c`.`STATUS_LOTE` = 'EN PROCESO' and `d`.`COD_COMPRA_GANADO` in (select max(`c`.`COD_COMPRA_GANADO`)) */;
/*!50001 SET character_set_client      = @saved_cs_client */;
/*!50001 SET character_set_results     = @saved_cs_results */;
/*!50001 SET collation_connection      = @saved_col_connection */;

--
-- Final view structure for view `compras_embriones`
--

/*!50001 DROP TABLE IF EXISTS `compras_embriones`*/;
/*!50001 DROP VIEW IF EXISTS `compras_embriones`*/;
/*!50001 SET @saved_cs_client          = @@character_set_client */;
/*!50001 SET @saved_cs_results         = @@character_set_results */;
/*!50001 SET @saved_col_connection     = @@collation_connection */;
/*!50001 SET character_set_client      = utf8mb4 */;
/*!50001 SET character_set_results     = utf8mb4 */;
/*!50001 SET collation_connection      = utf8mb4_general_ci */;
/*!50001 CREATE ALGORITHM=UNDEFINED */
/*!50013 DEFINER=`root`@`localhost` SQL SECURITY DEFINER */
/*!50001 VIEW `compras_embriones` AS select `c`.`COD_COMPRA_EMBRION` AS `COD_COMPRA_EMBRION`,concat(`p`.`PRI_NOMBRE`,' ',`p`.`PRI_APELLIDO`) AS `PROVEEDOR`,`d`.`FEC_REGISTRO` AS `FEC_COMPRA`,`d`.`RAZ_ESPERADA` AS `RAZ_ESPERADA`,`d`.`RAZ_VACA_DONADORA` AS `RAZ_VACA_DONADORA`,`d`.`RAZ_TORO_DONADOR` AS `RAZ_TORO_DONADOR`,`d`.`PRE_EMBRION` AS `PRE_EMBRION`,`d`.`OBS_COMPRA_EMBRION` AS `OBS_COMPRA_EMBRION`,`d`.`IND_EMBRION` AS `IND_EMBRION` from ((`tbl_mc_compra_embrion` `c` join `tbl_mg_embrion` `d` on(`c`.`COD_COMPRA_EMBRION` = `d`.`COD_COMPRA_EMBRION`)) join `tbl_mp_proveedores` `p` on(`c`.`COD_PROVEEDOR` = `p`.`COD_PROVEEDOR`)) order by `c`.`COD_COMPRA_EMBRION` desc */;
/*!50001 SET character_set_client      = @saved_cs_client */;
/*!50001 SET character_set_results     = @saved_cs_results */;
/*!50001 SET collation_connection      = @saved_col_connection */;

--
-- Final view structure for view `compras_esperma`
--

/*!50001 DROP TABLE IF EXISTS `compras_esperma`*/;
/*!50001 DROP VIEW IF EXISTS `compras_esperma`*/;
/*!50001 SET @saved_cs_client          = @@character_set_client */;
/*!50001 SET @saved_cs_results         = @@character_set_results */;
/*!50001 SET @saved_col_connection     = @@collation_connection */;
/*!50001 SET character_set_client      = utf8mb4 */;
/*!50001 SET character_set_results     = utf8mb4 */;
/*!50001 SET collation_connection      = utf8mb4_general_ci */;
/*!50001 CREATE ALGORITHM=UNDEFINED */
/*!50013 DEFINER=`root`@`localhost` SQL SECURITY DEFINER */
/*!50001 VIEW `compras_esperma` AS select `c`.`COD_COMPRA_ESPERMA` AS `COD_COMPRA_ESPERMA`,concat(`p`.`PRI_NOMBRE`,' ',`p`.`PRI_APELLIDO`) AS `PROVEEDOR`,`d`.`FEC_REGISTRO` AS `FEC_COMPRA`,`d`.`NUM_PAJILLA` AS `NUM_PAJILLA`,`d`.`PRE_ESPERMA` AS `PRE_ESPERMA`,`d`.`OBS_COMPRA_ESPERMA` AS `OBS_COMPRA_ESPERMA`,`d`.`RAZ_TORO_DONADOR` AS `RAZ_TORO_DONADOR`,`d`.`NOM_TORO_DONADOR` AS `NOM_TORO_DONADOR`,`d`.`IND_ESPERMA` AS `IND_ESPERMA` from ((`tbl_mc_compra_esperma` `c` join `tbl_mg_esperma` `d` on(`c`.`COD_COMPRA_ESPERMA` = `d`.`COD_COMPRA_ESPERMA`)) join `tbl_mp_proveedores` `p` on(`c`.`COD_PROVEEDOR` = `p`.`COD_PROVEEDOR`)) */;
/*!50001 SET character_set_client      = @saved_cs_client */;
/*!50001 SET character_set_results     = @saved_cs_results */;
/*!50001 SET collation_connection      = @saved_col_connection */;

--
-- Final view structure for view `detalle_de_ventas`
--

/*!50001 DROP TABLE IF EXISTS `detalle_de_ventas`*/;
/*!50001 DROP VIEW IF EXISTS `detalle_de_ventas`*/;
/*!50001 SET @saved_cs_client          = @@character_set_client */;
/*!50001 SET @saved_cs_results         = @@character_set_results */;
/*!50001 SET @saved_col_connection     = @@collation_connection */;
/*!50001 SET character_set_client      = utf8mb4 */;
/*!50001 SET character_set_results     = utf8mb4 */;
/*!50001 SET collation_connection      = utf8mb4_general_ci */;
/*!50001 CREATE ALGORITHM=UNDEFINED */
/*!50013 DEFINER=`root`@`localhost` SQL SECURITY DEFINER */
/*!50001 VIEW `detalle_de_ventas` AS select `d`.`COD_DETALLE_VENTA` AS `COD_DETALLE`,`v`.`COD_VENTA` AS `COD_VENTA`,`g`.`NOM_GANADO` AS `NOM_GANADO`,`r`.`NOM_RAZA` AS `RAZA`,`g`.`PES_ACTUAL` AS `PESO`,`d`.`PRE_VENTA` AS `PRE_VENTA`,`d`.`FEC_REGISTRO` AS `FEC_REGISTRO`,concat(`p`.`PRI_NOMBRE`,' ',`p`.`PRI_APELLIDO`) AS `CLIENTE` from ((((`tbl_mv_detalle_venta` `d` join `tbl_mv_venta` `v` on(`d`.`COD_VENTA` = `v`.`COD_VENTA`)) join `tbl_mg_ganado` `g` on(`d`.`COD_REGISTRO_GANADO` = `g`.`COD_REGISTRO_GANADO`)) join `tbl_mp_clientes` `p` on(`v`.`COD_CLIENTE` = `p`.`COD_CLIENTE`)) join `tbl_mg_raza` `r` on(`g`.`COD_RAZA` = `r`.`COD_RAZA`)) order by `v`.`COD_VENTA` desc */;
/*!50001 SET character_set_client      = @saved_cs_client */;
/*!50001 SET character_set_results     = @saved_cs_results */;
/*!50001 SET collation_connection      = @saved_col_connection */;

--
-- Final view structure for view `detalle_lote_medicamento`
--

/*!50001 DROP TABLE IF EXISTS `detalle_lote_medicamento`*/;
/*!50001 DROP VIEW IF EXISTS `detalle_lote_medicamento`*/;
/*!50001 SET @saved_cs_client          = @@character_set_client */;
/*!50001 SET @saved_cs_results         = @@character_set_results */;
/*!50001 SET @saved_col_connection     = @@collation_connection */;
/*!50001 SET character_set_client      = utf8mb4 */;
/*!50001 SET character_set_results     = utf8mb4 */;
/*!50001 SET collation_connection      = utf8mb4_general_ci */;
/*!50001 CREATE ALGORITHM=UNDEFINED */
/*!50013 DEFINER=`root`@`localhost` SQL SECURITY DEFINER */
/*!50001 VIEW `detalle_lote_medicamento` AS select `c`.`COD_COMPRA_MEDICAMENTO` AS `COD_COMPRA_MEDICAMENTO`,`d`.`COD_DETALLE_LOTE` AS `COD_DETALLE_LOTE`,`d`.`CAN_MEDICAMENTO` AS `CANTIDAD`,`d`.`UNI_DISPONIBLES` AS `UNI_DISPONIBLES`,`m`.`NOM_MEDICAMENTO` AS `MEDICAMENTO` from ((`tbl_pr_compra_medicamento` `c` join `tbl_pr_detalle_lote` `d` on(`c`.`COD_COMPRA_MEDICAMENTO` = `d`.`COD_COMPRA_MEDICAMENTO`)) join `tbl_pr_medicamento` `m` on(`d`.`COD_MEDICAMENTO` = `m`.`COD_MEDICAMENTO`)) order by `c`.`COD_COMPRA_MEDICAMENTO` desc */;
/*!50001 SET character_set_client      = @saved_cs_client */;
/*!50001 SET character_set_results     = @saved_cs_results */;
/*!50001 SET collation_connection      = @saved_col_connection */;

--
-- Final view structure for view `detalles_embrion`
--

/*!50001 DROP TABLE IF EXISTS `detalles_embrion`*/;
/*!50001 DROP VIEW IF EXISTS `detalles_embrion`*/;
/*!50001 SET @saved_cs_client          = @@character_set_client */;
/*!50001 SET @saved_cs_results         = @@character_set_results */;
/*!50001 SET @saved_col_connection     = @@collation_connection */;
/*!50001 SET character_set_client      = utf8mb4 */;
/*!50001 SET character_set_results     = utf8mb4 */;
/*!50001 SET collation_connection      = utf8mb4_general_ci */;
/*!50001 CREATE ALGORITHM=UNDEFINED */
/*!50013 DEFINER=`root`@`localhost` SQL SECURITY DEFINER */
/*!50001 VIEW `detalles_embrion` AS select `me`.`COD_COMPRA_EMBRION` AS `COD_COMPRA_EMBRION`,`e`.`COD_EMBRION` AS `COD_EMBRION`,concat(`e`.`RAZ_VACA_DONADORA`,' + ',`e`.`RAZ_TORO_DONADOR`) AS `DONADORES` from (`tbl_mc_compra_embrion` `me` join `tbl_mg_embrion` `e` on(`me`.`COD_COMPRA_EMBRION` = `e`.`COD_COMPRA_EMBRION`)) where `e`.`IND_EMBRION` = 'DISPONIBLE' */;
/*!50001 SET character_set_client      = @saved_cs_client */;
/*!50001 SET character_set_results     = @saved_cs_results */;
/*!50001 SET collation_connection      = @saved_col_connection */;

--
-- Final view structure for view `detalles_lotes`
--

/*!50001 DROP TABLE IF EXISTS `detalles_lotes`*/;
/*!50001 DROP VIEW IF EXISTS `detalles_lotes`*/;
/*!50001 SET @saved_cs_client          = @@character_set_client */;
/*!50001 SET @saved_cs_results         = @@character_set_results */;
/*!50001 SET @saved_col_connection     = @@collation_connection */;
/*!50001 SET character_set_client      = utf8mb4 */;
/*!50001 SET character_set_results     = utf8mb4 */;
/*!50001 SET collation_connection      = utf8mb4_general_ci */;
/*!50001 CREATE ALGORITHM=UNDEFINED */
/*!50013 DEFINER=`root`@`localhost` SQL SECURITY DEFINER */
/*!50001 VIEW `detalles_lotes` AS select `c`.`COD_COMPRA_GANADO` AS `COD_COMPRA_GANADO`,`c`.`FEC_COMPRA` AS `FEC_COMPRA`,concat(`p`.`PRI_NOMBRE`,' ',`p`.`PRI_APELLIDO`) AS `PERSONA`,`c`.`CAN_TOTAL` AS `CAN_TOTAL`,`c`.`TOTAL_PRECIO` AS `TOTAL_PRECIO`,`c`.`STATUS_LOTE` AS `STATUS` from (`tbl_mc_compra_ganado` `c` join `tbl_mp_proveedores` `p` on(`c`.`COD_PROVEEDOR` = `p`.`COD_PROVEEDOR`)) order by `c`.`COD_COMPRA_GANADO` desc */;
/*!50001 SET character_set_client      = @saved_cs_client */;
/*!50001 SET character_set_results     = @saved_cs_results */;
/*!50001 SET collation_connection      = @saved_col_connection */;

--
-- Final view structure for view `detalles_lotes_embrion`
--

/*!50001 DROP TABLE IF EXISTS `detalles_lotes_embrion`*/;
/*!50001 DROP VIEW IF EXISTS `detalles_lotes_embrion`*/;
/*!50001 SET @saved_cs_client          = @@character_set_client */;
/*!50001 SET @saved_cs_results         = @@character_set_results */;
/*!50001 SET @saved_col_connection     = @@collation_connection */;
/*!50001 SET character_set_client      = utf8mb4 */;
/*!50001 SET character_set_results     = utf8mb4 */;
/*!50001 SET collation_connection      = utf8mb4_general_ci */;
/*!50001 CREATE ALGORITHM=UNDEFINED */
/*!50013 DEFINER=`root`@`localhost` SQL SECURITY DEFINER */
/*!50001 VIEW `detalles_lotes_embrion` AS select `c`.`COD_COMPRA_EMBRION` AS `COD_COMPRA_EMBRION`,`c`.`FEC_COMPRA` AS `FEC_COMPRA`,concat(`p`.`PRI_NOMBRE`,' ',`p`.`PRI_APELLIDO`) AS `PERSONA`,`c`.`CAN_TOTAL` AS `CAN_TOTAL`,`c`.`TOTAL_PRECIO` AS `TOTAL_PRECIO`,`c`.`STATUS_LOTE` AS `STATUS` from (`tbl_mc_compra_embrion` `c` join `tbl_mp_proveedores` `p` on(`c`.`COD_PROVEEDOR` = `p`.`COD_PROVEEDOR`)) order by `c`.`COD_COMPRA_EMBRION` desc */;
/*!50001 SET character_set_client      = @saved_cs_client */;
/*!50001 SET character_set_results     = @saved_cs_results */;
/*!50001 SET collation_connection      = @saved_col_connection */;

--
-- Final view structure for view `detalles_lotes_esperma`
--

/*!50001 DROP TABLE IF EXISTS `detalles_lotes_esperma`*/;
/*!50001 DROP VIEW IF EXISTS `detalles_lotes_esperma`*/;
/*!50001 SET @saved_cs_client          = @@character_set_client */;
/*!50001 SET @saved_cs_results         = @@character_set_results */;
/*!50001 SET @saved_col_connection     = @@collation_connection */;
/*!50001 SET character_set_client      = utf8mb4 */;
/*!50001 SET character_set_results     = utf8mb4 */;
/*!50001 SET collation_connection      = utf8mb4_general_ci */;
/*!50001 CREATE ALGORITHM=UNDEFINED */
/*!50013 DEFINER=`root`@`localhost` SQL SECURITY DEFINER */
/*!50001 VIEW `detalles_lotes_esperma` AS select `c`.`COD_COMPRA_ESPERMA` AS `COD_COMPRA_ESPERMA`,`c`.`FEC_COMPRA` AS `FEC_COMPRA`,concat(`p`.`PRI_NOMBRE`,' ',`p`.`PRI_APELLIDO`) AS `PERSONA`,`c`.`CAN_TOTAL` AS `CAN_TOTAL`,`c`.`TOTAL_PRECIO` AS `TOTAL_PRECIO`,`c`.`STATUS_LOTE` AS `STATUS` from (`tbl_mc_compra_esperma` `c` join `tbl_mp_proveedores` `p` on(`c`.`COD_PROVEEDOR` = `p`.`COD_PROVEEDOR`)) order by `c`.`COD_COMPRA_ESPERMA` desc */;
/*!50001 SET character_set_client      = @saved_cs_client */;
/*!50001 SET character_set_results     = @saved_cs_results */;
/*!50001 SET collation_connection      = @saved_col_connection */;

--
-- Final view structure for view `detalles_lotes_ventas`
--

/*!50001 DROP TABLE IF EXISTS `detalles_lotes_ventas`*/;
/*!50001 DROP VIEW IF EXISTS `detalles_lotes_ventas`*/;
/*!50001 SET @saved_cs_client          = @@character_set_client */;
/*!50001 SET @saved_cs_results         = @@character_set_results */;
/*!50001 SET @saved_col_connection     = @@collation_connection */;
/*!50001 SET character_set_client      = utf8mb4 */;
/*!50001 SET character_set_results     = utf8mb4 */;
/*!50001 SET collation_connection      = utf8mb4_general_ci */;
/*!50001 CREATE ALGORITHM=UNDEFINED */
/*!50013 DEFINER=`root`@`localhost` SQL SECURITY DEFINER */
/*!50001 VIEW `detalles_lotes_ventas` AS select `c`.`COD_VENTA` AS `COD_VENTA`,`c`.`FEC_VENTA` AS `FEC_VENTA`,`c`.`STATUS_LOTE` AS `STATUS_LOTE`,concat(`p`.`PRI_NOMBRE`,' ',`p`.`PRI_APELLIDO`) AS `CLIENTE`,`c`.`CAN_TOTAL` AS `CAN_TOTAL`,`c`.`TOTAL_PRECIO` AS `TOTAL_PRECIO` from (`tbl_mv_venta` `c` join `tbl_mp_clientes` `p` on(`c`.`COD_CLIENTE` = `p`.`COD_CLIENTE`)) order by `c`.`COD_VENTA` desc */;
/*!50001 SET character_set_client      = @saved_cs_client */;
/*!50001 SET character_set_results     = @saved_cs_results */;
/*!50001 SET collation_connection      = @saved_col_connection */;

--
-- Final view structure for view `embrion`
--

/*!50001 DROP TABLE IF EXISTS `embrion`*/;
/*!50001 DROP VIEW IF EXISTS `embrion`*/;
/*!50001 SET @saved_cs_client          = @@character_set_client */;
/*!50001 SET @saved_cs_results         = @@character_set_results */;
/*!50001 SET @saved_col_connection     = @@collation_connection */;
/*!50001 SET character_set_client      = utf8mb4 */;
/*!50001 SET character_set_results     = utf8mb4 */;
/*!50001 SET collation_connection      = utf8mb4_general_ci */;
/*!50001 CREATE ALGORITHM=UNDEFINED */
/*!50013 DEFINER=`root`@`localhost` SQL SECURITY DEFINER */
/*!50001 VIEW `embrion` AS select `tbl_mg_embrion`.`COD_EMBRION` AS `COD_EMBRION`,`tbl_mg_embrion`.`RAZ_VACA_DONADORA` AS `RAZ_VACA_DONADORA`,`tbl_mg_embrion`.`RAZ_TORO_DONADOR` AS `RAZ_TORO_DONADOR` from `tbl_mg_embrion` where `tbl_mg_embrion`.`IND_EMBRION` = 'DISPONIBLE' */;
/*!50001 SET character_set_client      = @saved_cs_client */;
/*!50001 SET character_set_results     = @saved_cs_results */;
/*!50001 SET collation_connection      = @saved_col_connection */;

--
-- Final view structure for view `esperma`
--

/*!50001 DROP TABLE IF EXISTS `esperma`*/;
/*!50001 DROP VIEW IF EXISTS `esperma`*/;
/*!50001 SET @saved_cs_client          = @@character_set_client */;
/*!50001 SET @saved_cs_results         = @@character_set_results */;
/*!50001 SET @saved_col_connection     = @@collation_connection */;
/*!50001 SET character_set_client      = utf8mb4 */;
/*!50001 SET character_set_results     = utf8mb4 */;
/*!50001 SET collation_connection      = utf8mb4_general_ci */;
/*!50001 CREATE ALGORITHM=UNDEFINED */
/*!50013 DEFINER=`root`@`localhost` SQL SECURITY DEFINER */
/*!50001 VIEW `esperma` AS select `tbl_mg_esperma`.`COD_ESPERMA` AS `COD_ESPERMA`,concat('Pajilla N°: ',`tbl_mg_esperma`.`NUM_PAJILLA`,', ',' Raza del toro: ',`tbl_mg_esperma`.`RAZ_TORO_DONADOR`) AS `NUM_PAJILLA`,`tbl_mg_esperma`.`FEC_REGISTRO` AS `FEC_REGISTRO` from `tbl_mg_esperma` where `tbl_mg_esperma`.`IND_ESPERMA` = 'DISPONIBLE' */;
/*!50001 SET character_set_client      = @saved_cs_client */;
/*!50001 SET character_set_results     = @saved_cs_results */;
/*!50001 SET collation_connection      = @saved_col_connection */;

--
-- Final view structure for view `estados`
--

/*!50001 DROP TABLE IF EXISTS `estados`*/;
/*!50001 DROP VIEW IF EXISTS `estados`*/;
/*!50001 SET @saved_cs_client          = @@character_set_client */;
/*!50001 SET @saved_cs_results         = @@character_set_results */;
/*!50001 SET @saved_col_connection     = @@collation_connection */;
/*!50001 SET character_set_client      = utf8mb4 */;
/*!50001 SET character_set_results     = utf8mb4 */;
/*!50001 SET collation_connection      = utf8mb4_general_ci */;
/*!50001 CREATE ALGORITHM=UNDEFINED */
/*!50013 DEFINER=`root`@`localhost` SQL SECURITY DEFINER */
/*!50001 VIEW `estados` AS select `tbl_mg_estado_ganado`.`COD_ESTADO` AS `COD_ESTADO`,`tbl_mg_estado_ganado`.`DET_ESTADO` AS `DET_ESTADO`,`tbl_mg_estado_ganado`.`DESCRIPCION_ESTADO` AS `DESCRIPCION_ESTADO` from `tbl_mg_estado_ganado` */;
/*!50001 SET character_set_client      = @saved_cs_client */;
/*!50001 SET character_set_results     = @saved_cs_results */;
/*!50001 SET collation_connection      = @saved_col_connection */;

--
-- Final view structure for view `estados_ganado`
--

/*!50001 DROP TABLE IF EXISTS `estados_ganado`*/;
/*!50001 DROP VIEW IF EXISTS `estados_ganado`*/;
/*!50001 SET @saved_cs_client          = @@character_set_client */;
/*!50001 SET @saved_cs_results         = @@character_set_results */;
/*!50001 SET @saved_col_connection     = @@collation_connection */;
/*!50001 SET character_set_client      = utf8mb4 */;
/*!50001 SET character_set_results     = utf8mb4 */;
/*!50001 SET collation_connection      = utf8mb4_general_ci */;
/*!50001 CREATE ALGORITHM=UNDEFINED */
/*!50013 DEFINER=`root`@`localhost` SQL SECURITY DEFINER */
/*!50001 VIEW `estados_ganado` AS select `e`.`COD_ESTADO` AS `COD_ESTADO`,`e`.`DET_ESTADO` AS `DET_ESTADO`,`e`.`DESCRIPCION_ESTADO` AS `DESCRIPCION_ESTADO`,`e`.`STATUS` AS `STATUS`,`e`.`created_at` AS `created_at`,`e`.`updated_at` AS `updated_at`,`u`.`name` AS `Creado_Por`,`i`.`name` AS `Actualizado_Por` from ((`tbl_mg_estado_ganado` `e` join `users` `u` on(`e`.`Creado_Por` = `u`.`id`)) left join `users` `i` on(`e`.`Actualizado_Por` = `i`.`id`)) */;
/*!50001 SET character_set_client      = @saved_cs_client */;
/*!50001 SET character_set_results     = @saved_cs_results */;
/*!50001 SET collation_connection      = @saved_col_connection */;

--
-- Final view structure for view `estados_terneros`
--

/*!50001 DROP TABLE IF EXISTS `estados_terneros`*/;
/*!50001 DROP VIEW IF EXISTS `estados_terneros`*/;
/*!50001 SET @saved_cs_client          = @@character_set_client */;
/*!50001 SET @saved_cs_results         = @@character_set_results */;
/*!50001 SET @saved_col_connection     = @@collation_connection */;
/*!50001 SET character_set_client      = utf8mb4 */;
/*!50001 SET character_set_results     = utf8mb4 */;
/*!50001 SET collation_connection      = utf8mb4_general_ci */;
/*!50001 CREATE ALGORITHM=UNDEFINED */
/*!50013 DEFINER=`root`@`localhost` SQL SECURITY DEFINER */
/*!50001 VIEW `estados_terneros` AS select `tbl_mg_estado_ganado`.`COD_ESTADO` AS `COD_ESTADO`,`tbl_mg_estado_ganado`.`DET_ESTADO` AS `DET_ESTADO` from `tbl_mg_estado_ganado` where `tbl_mg_estado_ganado`.`COD_ESTADO` in (5,6,7,9,13) */;
/*!50001 SET character_set_client      = @saved_cs_client */;
/*!50001 SET character_set_results     = @saved_cs_results */;
/*!50001 SET collation_connection      = @saved_col_connection */;

--
-- Final view structure for view `factura_cliente`
--

/*!50001 DROP TABLE IF EXISTS `factura_cliente`*/;
/*!50001 DROP VIEW IF EXISTS `factura_cliente`*/;
/*!50001 SET @saved_cs_client          = @@character_set_client */;
/*!50001 SET @saved_cs_results         = @@character_set_results */;
/*!50001 SET @saved_col_connection     = @@collation_connection */;
/*!50001 SET character_set_client      = utf8mb4 */;
/*!50001 SET character_set_results     = utf8mb4 */;
/*!50001 SET collation_connection      = utf8mb4_general_ci */;
/*!50001 CREATE ALGORITHM=UNDEFINED */
/*!50013 DEFINER=`root`@`localhost` SQL SECURITY DEFINER */
/*!50001 VIEW `factura_cliente` AS select `c`.`COD_VENTA` AS `COD_VENTA`,`c`.`TOTAL_PRECIO` AS `TOTAL`,concat(`cl`.`PRI_NOMBRE`,' ',`cl`.`PRI_APELLIDO`) AS `CLIENTE`,`cl`.`DET_DIRECCION` AS `DIRECCION`,concat(`tl`.`NUM_AREA`,' ',`tl`.`NUM_CELULAR`) AS `CELULAR`,`c`.`FEC_VENTA` AS `FECHA_VENTA` from ((`tbl_mv_venta` `c` join `tbl_mp_clientes` `cl` on(`c`.`COD_CLIENTE` = `cl`.`COD_CLIENTE`)) join `tbl_mp_telefonos_clientes` `tl` on(`cl`.`COD_CLIENTE` = `tl`.`COD_CLIENTE`)) where `c`.`COD_VENTA` in (select max(`tbl_mv_venta`.`COD_VENTA`) from `tbl_mv_venta`) */;
/*!50001 SET character_set_client      = @saved_cs_client */;
/*!50001 SET character_set_results     = @saved_cs_results */;
/*!50001 SET collation_connection      = @saved_col_connection */;

--
-- Final view structure for view `factura_venta`
--

/*!50001 DROP TABLE IF EXISTS `factura_venta`*/;
/*!50001 DROP VIEW IF EXISTS `factura_venta`*/;
/*!50001 SET @saved_cs_client          = @@character_set_client */;
/*!50001 SET @saved_cs_results         = @@character_set_results */;
/*!50001 SET @saved_col_connection     = @@collation_connection */;
/*!50001 SET character_set_client      = utf8mb4 */;
/*!50001 SET character_set_results     = utf8mb4 */;
/*!50001 SET collation_connection      = utf8mb4_general_ci */;
/*!50001 CREATE ALGORITHM=UNDEFINED */
/*!50013 DEFINER=`root`@`localhost` SQL SECURITY DEFINER */
/*!50001 VIEW `factura_venta` AS select `d`.`COD_DETALLE_VENTA` AS `COD_DETALLE_VENTA`,`c`.`COD_VENTA` AS `COD_VENTA`,`c`.`TOTAL_PRECIO` AS `TOTAL`,`d`.`COD_REGISTRO_GANADO` AS `COD_REGISTRO_GANADO`,`g`.`NOM_GANADO` AS `NOMBRE`,`g`.`NUM_ARETE` AS `ARETE`,`g`.`CLR_GANADO` AS `COLOR`,`g`.`PES_ACTUAL` AS `PESO`,`e`.`DET_ESTADO` AS `ESTADO`,`l`.`DIR_LUGAR` AS `LUGAR`,`r`.`NOM_RAZA` AS `RAZA`,concat(`cl`.`PRI_NOMBRE`,' ',`cl`.`PRI_APELLIDO`) AS `CLIENTE`,`cl`.`DET_DIRECCION` AS `DIRECCION`,concat(`tl`.`NUM_AREA`,' ',`tl`.`NUM_CELULAR`) AS `CELULAR`,`d`.`PRE_VENTA` AS `PRECIO`,`d`.`FEC_REGISTRO` AS `FECHA_VENTA` from (((((((`tbl_mv_venta` `c` join `tbl_mv_detalle_venta` `d` on(`c`.`COD_VENTA` = `d`.`COD_VENTA`)) join `tbl_mg_ganado` `g` on(`d`.`COD_REGISTRO_GANADO` = `g`.`COD_REGISTRO_GANADO`)) join `tbl_mg_estado_ganado` `e` on(`g`.`COD_ESTADO` = `e`.`COD_ESTADO`)) join `tbl_mp_clientes` `cl` on(`c`.`COD_CLIENTE` = `cl`.`COD_CLIENTE`)) join `tbl_mp_telefonos_clientes` `tl` on(`cl`.`COD_CLIENTE` = `tl`.`COD_CLIENTE`)) join `tbl_mg_lugar` `l` on(`g`.`COD_LUGAR` = `l`.`COD_LUGAR`)) join `tbl_mg_raza` `r` on(`g`.`COD_RAZA` = `r`.`COD_RAZA`)) where `d`.`STATUS_VENTA` = 'CONFIRMADA' and `c`.`COD_VENTA` in (select max(`tbl_mv_venta`.`COD_VENTA`) from `tbl_mv_venta`) */;
/*!50001 SET character_set_client      = @saved_cs_client */;
/*!50001 SET character_set_results     = @saved_cs_results */;
/*!50001 SET collation_connection      = @saved_col_connection */;

--
-- Final view structure for view `ganado`
--

/*!50001 DROP TABLE IF EXISTS `ganado`*/;
/*!50001 DROP VIEW IF EXISTS `ganado`*/;
/*!50001 SET @saved_cs_client          = @@character_set_client */;
/*!50001 SET @saved_cs_results         = @@character_set_results */;
/*!50001 SET @saved_col_connection     = @@collation_connection */;
/*!50001 SET character_set_client      = utf8mb4 */;
/*!50001 SET character_set_results     = utf8mb4 */;
/*!50001 SET collation_connection      = utf8mb4_general_ci */;
/*!50001 CREATE ALGORITHM=UNDEFINED */
/*!50013 DEFINER=`root`@`localhost` SQL SECURITY DEFINER */
/*!50001 VIEW `ganado` AS select `tbl_mg_ganado`.`COD_REGISTRO_GANADO` AS `COD_REGISTRO_GANADO`,`tbl_mg_ganado`.`NOM_GANADO` AS `NOM_GANADO` from `tbl_mg_ganado` where `tbl_mg_ganado`.`COD_ESTADO` <> 8 */;
/*!50001 SET character_set_client      = @saved_cs_client */;
/*!50001 SET character_set_results     = @saved_cs_results */;
/*!50001 SET collation_connection      = @saved_col_connection */;

--
-- Final view structure for view `ganado_general`
--

/*!50001 DROP TABLE IF EXISTS `ganado_general`*/;
/*!50001 DROP VIEW IF EXISTS `ganado_general`*/;
/*!50001 SET @saved_cs_client          = @@character_set_client */;
/*!50001 SET @saved_cs_results         = @@character_set_results */;
/*!50001 SET @saved_col_connection     = @@collation_connection */;
/*!50001 SET character_set_client      = utf8mb4 */;
/*!50001 SET character_set_results     = utf8mb4 */;
/*!50001 SET collation_connection      = utf8mb4_general_ci */;
/*!50001 CREATE ALGORITHM=UNDEFINED */
/*!50013 DEFINER=`root`@`localhost` SQL SECURITY DEFINER */
/*!50001 VIEW `ganado_general` AS select `g`.`COD_REGISTRO_GANADO` AS `COD_REGISTRO_GANADO`,`g`.`NUM_ARETE` AS `NUM_ARETE`,`g`.`NOM_GANADO` AS `NOM_GANADO`,`g`.`CLR_GANADO` AS `CLR_GANADO`,`e`.`DET_ESTADO` AS `DET_ESTADO`,`l`.`DIR_LUGAR` AS `DIR_LUGAR`,`g`.`PES_ACTUAL` AS `PES_ACTUAL`,`g`.`SEX_GANADO` AS `SEX_GANADO`,`g`.`FIE_GANADO` AS `FIE_GANADO`,`r`.`NOM_RAZA` AS `RAZ_GANADO`,`g`.`COD_ESTADO` AS `COD_ESTADO`,`g`.`COD_LUGAR` AS `COD_LUGAR`,date_format(`g`.`FEC_NACIMIENTO`,'%d-%m-%Y') AS `FEC_NACIMIENTO`,`r`.`COD_RAZA` AS `COD_RAZA`,timestampdiff(YEAR,`g`.`FEC_NACIMIENTO`,curdate()) AS `ANIOS`,timestampdiff(MONTH,`g`.`FEC_NACIMIENTO`,curdate()) AS `MESES`,timestampdiff(DAY,`g`.`FEC_NACIMIENTO`,curdate()) AS `DIAS` from (((`tbl_mg_ganado` `g` join `tbl_mg_estado_ganado` `e` on(`g`.`COD_ESTADO` = `e`.`COD_ESTADO`)) join `tbl_mg_lugar` `l` on(`g`.`COD_LUGAR` = `l`.`COD_LUGAR`)) join `tbl_mg_raza` `r` on(`g`.`COD_RAZA` = `r`.`COD_RAZA`)) where `g`.`COD_ESTADO` not in (8,5) order by `g`.`COD_REGISTRO_GANADO` desc */;
/*!50001 SET character_set_client      = @saved_cs_client */;
/*!50001 SET character_set_results     = @saved_cs_results */;
/*!50001 SET collation_connection      = @saved_col_connection */;

--
-- Final view structure for view `ganado_general_ventas`
--

/*!50001 DROP TABLE IF EXISTS `ganado_general_ventas`*/;
/*!50001 DROP VIEW IF EXISTS `ganado_general_ventas`*/;
/*!50001 SET @saved_cs_client          = @@character_set_client */;
/*!50001 SET @saved_cs_results         = @@character_set_results */;
/*!50001 SET @saved_col_connection     = @@collation_connection */;
/*!50001 SET character_set_client      = utf8mb4 */;
/*!50001 SET character_set_results     = utf8mb4 */;
/*!50001 SET collation_connection      = utf8mb4_general_ci */;
/*!50001 CREATE ALGORITHM=UNDEFINED */
/*!50013 DEFINER=`root`@`localhost` SQL SECURITY DEFINER */
/*!50001 VIEW `ganado_general_ventas` AS select `g`.`COD_REGISTRO_GANADO` AS `COD_REGISTRO_GANADO`,`g`.`NUM_ARETE` AS `NUM_ARETE`,`g`.`NOM_GANADO` AS `NOM_GANADO`,`g`.`CLR_GANADO` AS `CLR_GANADO`,`e`.`DET_ESTADO` AS `DET_ESTADO`,`l`.`DIR_LUGAR` AS `DIR_LUGAR`,`g`.`PES_ACTUAL` AS `PES_ACTUAL`,`g`.`SEX_GANADO` AS `SEX_GANADO`,`g`.`FIE_GANADO` AS `FIE_GANADO`,`r`.`NOM_RAZA` AS `RAZ_GANADO`,`g`.`COD_ESTADO` AS `COD_ESTADO`,`g`.`COD_LUGAR` AS `COD_LUGAR`,`r`.`COD_RAZA` AS `COD_RAZA` from (((`tbl_mg_ganado` `g` join `tbl_mg_estado_ganado` `e` on(`g`.`COD_ESTADO` = `e`.`COD_ESTADO`)) join `tbl_mg_lugar` `l` on(`g`.`COD_LUGAR` = `l`.`COD_LUGAR`)) join `tbl_mg_raza` `r` on(`g`.`COD_RAZA` = `r`.`COD_RAZA`)) where `g`.`COD_ESTADO` not in (8,5,51) */;
/*!50001 SET character_set_client      = @saved_cs_client */;
/*!50001 SET character_set_results     = @saved_cs_results */;
/*!50001 SET collation_connection      = @saved_col_connection */;

--
-- Final view structure for view `ganado_sexo`
--

/*!50001 DROP TABLE IF EXISTS `ganado_sexo`*/;
/*!50001 DROP VIEW IF EXISTS `ganado_sexo`*/;
/*!50001 SET @saved_cs_client          = @@character_set_client */;
/*!50001 SET @saved_cs_results         = @@character_set_results */;
/*!50001 SET @saved_col_connection     = @@collation_connection */;
/*!50001 SET character_set_client      = utf8mb4 */;
/*!50001 SET character_set_results     = utf8mb4 */;
/*!50001 SET collation_connection      = utf8mb4_general_ci */;
/*!50001 CREATE ALGORITHM=UNDEFINED */
/*!50013 DEFINER=`root`@`localhost` SQL SECURITY DEFINER */
/*!50001 VIEW `ganado_sexo` AS select count(0) AS `TOTAL`,`tbl_mg_ganado`.`SEX_GANADO` AS `SEX_GANADO` from `tbl_mg_ganado` group by `tbl_mg_ganado`.`SEX_GANADO` */;
/*!50001 SET character_set_client      = @saved_cs_client */;
/*!50001 SET character_set_results     = @saved_cs_results */;
/*!50001 SET collation_connection      = @saved_col_connection */;

--
-- Final view structure for view `ganado_ventas`
--

/*!50001 DROP TABLE IF EXISTS `ganado_ventas`*/;
/*!50001 DROP VIEW IF EXISTS `ganado_ventas`*/;
/*!50001 SET @saved_cs_client          = @@character_set_client */;
/*!50001 SET @saved_cs_results         = @@character_set_results */;
/*!50001 SET @saved_col_connection     = @@collation_connection */;
/*!50001 SET character_set_client      = utf8mb4 */;
/*!50001 SET character_set_results     = utf8mb4 */;
/*!50001 SET collation_connection      = utf8mb4_general_ci */;
/*!50001 CREATE ALGORITHM=UNDEFINED */
/*!50013 DEFINER=`root`@`localhost` SQL SECURITY DEFINER */
/*!50001 VIEW `ganado_ventas` AS select `tbl_mg_ganado`.`COD_REGISTRO_GANADO` AS `COD_REGISTRO_GANADO`,`tbl_mg_ganado`.`NOM_GANADO` AS `NOM_GANADO` from `tbl_mg_ganado` where `tbl_mg_ganado`.`COD_ESTADO` <> 8 */;
/*!50001 SET character_set_client      = @saved_cs_client */;
/*!50001 SET character_set_results     = @saved_cs_results */;
/*!50001 SET collation_connection      = @saved_col_connection */;

--
-- Final view structure for view `lote_actual`
--

/*!50001 DROP TABLE IF EXISTS `lote_actual`*/;
/*!50001 DROP VIEW IF EXISTS `lote_actual`*/;
/*!50001 SET @saved_cs_client          = @@character_set_client */;
/*!50001 SET @saved_cs_results         = @@character_set_results */;
/*!50001 SET @saved_col_connection     = @@collation_connection */;
/*!50001 SET character_set_client      = utf8mb4 */;
/*!50001 SET character_set_results     = utf8mb4 */;
/*!50001 SET collation_connection      = utf8mb4_general_ci */;
/*!50001 CREATE ALGORITHM=UNDEFINED */
/*!50013 DEFINER=`root`@`localhost` SQL SECURITY DEFINER */
/*!50001 VIEW `lote_actual` AS select `c`.`COD_COMPRA_GANADO` AS `COD_COMPRA_GANADO`,concat(`p`.`PRI_NOMBRE`,' ',`p`.`PRI_APELLIDO`) AS `NOMBRE`,`c`.`FEC_COMPRA` AS `FECHA`,`c`.`CAN_TOTAL` AS `CANTIDAD`,`c`.`TOTAL_PRECIO` AS `TOTAL` from (`tbl_mc_compra_ganado` `c` join `tbl_mp_proveedores` `p` on(`c`.`COD_PROVEEDOR` = `p`.`COD_PROVEEDOR`)) where `c`.`STATUS_LOTE` = 'EN PROCESO' and `c`.`COD_COMPRA_GANADO` = (select max(`tbl_mc_compra_ganado`.`COD_COMPRA_GANADO`) from `tbl_mc_compra_ganado`) */;
/*!50001 SET character_set_client      = @saved_cs_client */;
/*!50001 SET character_set_results     = @saved_cs_results */;
/*!50001 SET collation_connection      = @saved_col_connection */;

--
-- Final view structure for view `lote_actual_esperma`
--

/*!50001 DROP TABLE IF EXISTS `lote_actual_esperma`*/;
/*!50001 DROP VIEW IF EXISTS `lote_actual_esperma`*/;
/*!50001 SET @saved_cs_client          = @@character_set_client */;
/*!50001 SET @saved_cs_results         = @@character_set_results */;
/*!50001 SET @saved_col_connection     = @@collation_connection */;
/*!50001 SET character_set_client      = utf8mb4 */;
/*!50001 SET character_set_results     = utf8mb4 */;
/*!50001 SET collation_connection      = utf8mb4_general_ci */;
/*!50001 CREATE ALGORITHM=UNDEFINED */
/*!50013 DEFINER=`root`@`localhost` SQL SECURITY DEFINER */
/*!50001 VIEW `lote_actual_esperma` AS select `c`.`COD_COMPRA_ESPERMA` AS `COD_COMPRA_ESPERMA`,concat(`p`.`PRI_NOMBRE`,' ',`p`.`PRI_APELLIDO`) AS `NOMBRE`,`c`.`FEC_COMPRA` AS `FECHA`,`c`.`CAN_TOTAL` AS `CANTIDAD`,`c`.`TOTAL_PRECIO` AS `TOTAL` from (`tbl_mc_compra_esperma` `c` join `tbl_mp_proveedores` `p` on(`c`.`COD_PROVEEDOR` = `p`.`COD_PROVEEDOR`)) where `c`.`STATUS_LOTE` = 'EN PROCESO' and `c`.`COD_COMPRA_ESPERMA` = (select max(`tbl_mc_compra_esperma`.`COD_COMPRA_ESPERMA`) from `tbl_mc_compra_esperma`) */;
/*!50001 SET character_set_client      = @saved_cs_client */;
/*!50001 SET character_set_results     = @saved_cs_results */;
/*!50001 SET collation_connection      = @saved_col_connection */;

--
-- Final view structure for view `lote_medicamento_actual`
--

/*!50001 DROP TABLE IF EXISTS `lote_medicamento_actual`*/;
/*!50001 DROP VIEW IF EXISTS `lote_medicamento_actual`*/;
/*!50001 SET @saved_cs_client          = @@character_set_client */;
/*!50001 SET @saved_cs_results         = @@character_set_results */;
/*!50001 SET @saved_col_connection     = @@collation_connection */;
/*!50001 SET character_set_client      = utf8mb4 */;
/*!50001 SET character_set_results     = utf8mb4 */;
/*!50001 SET collation_connection      = utf8mb4_general_ci */;
/*!50001 CREATE ALGORITHM=UNDEFINED */
/*!50013 DEFINER=`root`@`localhost` SQL SECURITY DEFINER */
/*!50001 VIEW `lote_medicamento_actual` AS select `d`.`COD_DETALLE_LOTE` AS `COD_DETALLE_LOTE`,`c`.`COD_COMPRA_MEDICAMENTO` AS `COD_COMPRA_MEDICAMENTO`,`d`.`CAN_MEDICAMENTO` AS `CANTIDAD`,`m`.`NOM_MEDICAMENTO` AS `MEDICAMENTO` from ((`tbl_pr_compra_medicamento` `c` join `tbl_pr_detalle_lote` `d` on(`c`.`COD_COMPRA_MEDICAMENTO` = `d`.`COD_COMPRA_MEDICAMENTO`)) join `tbl_pr_medicamento` `m` on(`d`.`COD_MEDICAMENTO` = `m`.`COD_MEDICAMENTO`)) where `d`.`STATUS_DETALLE` = 'EN PROCESO' and `c`.`COD_COMPRA_MEDICAMENTO` in (select max(`tbl_pr_compra_medicamento`.`COD_COMPRA_MEDICAMENTO`) from `tbl_pr_compra_medicamento`) */;
/*!50001 SET character_set_client      = @saved_cs_client */;
/*!50001 SET character_set_results     = @saved_cs_results */;
/*!50001 SET collation_connection      = @saved_col_connection */;

--
-- Final view structure for view `lotes_embriones`
--

/*!50001 DROP TABLE IF EXISTS `lotes_embriones`*/;
/*!50001 DROP VIEW IF EXISTS `lotes_embriones`*/;
/*!50001 SET @saved_cs_client          = @@character_set_client */;
/*!50001 SET @saved_cs_results         = @@character_set_results */;
/*!50001 SET @saved_col_connection     = @@collation_connection */;
/*!50001 SET character_set_client      = utf8mb4 */;
/*!50001 SET character_set_results     = utf8mb4 */;
/*!50001 SET collation_connection      = utf8mb4_general_ci */;
/*!50001 CREATE ALGORITHM=UNDEFINED */
/*!50013 DEFINER=`root`@`localhost` SQL SECURITY DEFINER */
/*!50001 VIEW `lotes_embriones` AS select `c`.`COD_COMPRA_EMBRION` AS `LOTE`,`c`.`FEC_COMPRA` AS `FEC_COMPRA`,`e`.`PRE_EMBRION` AS `PRECIO`,concat(`p`.`PRI_NOMBRE`,' ',`p`.`PRI_APELLIDO`) AS `PROVEEDOR`,`e`.`RAZ_TORO_DONADOR` AS `DONADOR`,`e`.`RAZ_VACA_DONADORA` AS `DONADORA`,`e`.`RAZ_ESPERADA` AS `RAZA` from ((`tbl_mc_compra_embrion` `c` join `tbl_mg_embrion` `e` on(`c`.`COD_COMPRA_EMBRION` = `e`.`COD_COMPRA_EMBRION`)) join `tbl_mp_proveedores` `p` on(`c`.`COD_PROVEEDOR` = `p`.`COD_PROVEEDOR`)) */;
/*!50001 SET character_set_client      = @saved_cs_client */;
/*!50001 SET character_set_results     = @saved_cs_results */;
/*!50001 SET collation_connection      = @saved_col_connection */;

--
-- Final view structure for view `lotes_esperma`
--

/*!50001 DROP TABLE IF EXISTS `lotes_esperma`*/;
/*!50001 DROP VIEW IF EXISTS `lotes_esperma`*/;
/*!50001 SET @saved_cs_client          = @@character_set_client */;
/*!50001 SET @saved_cs_results         = @@character_set_results */;
/*!50001 SET @saved_col_connection     = @@collation_connection */;
/*!50001 SET character_set_client      = utf8mb4 */;
/*!50001 SET character_set_results     = utf8mb4 */;
/*!50001 SET collation_connection      = utf8mb4_general_ci */;
/*!50001 CREATE ALGORITHM=UNDEFINED */
/*!50013 DEFINER=`root`@`localhost` SQL SECURITY DEFINER */
/*!50001 VIEW `lotes_esperma` AS select `c`.`COD_COMPRA_ESPERMA` AS `LOTE`,`c`.`FEC_COMPRA` AS `FEC_COMPRA`,`e`.`PRE_ESPERMA` AS `PRECIO`,concat(`p`.`PRI_NOMBRE`,' ',`p`.`PRI_APELLIDO`) AS `PROVEEDOR`,`e`.`NUM_PAJILLA` AS `PAJILLA`,`e`.`RAZ_TORO_DONADOR` AS `DONADOR` from ((`tbl_mc_compra_esperma` `c` join `tbl_mg_esperma` `e` on(`c`.`COD_COMPRA_ESPERMA` = `e`.`COD_COMPRA_ESPERMA`)) join `tbl_mp_proveedores` `p` on(`c`.`COD_PROVEEDOR` = `p`.`COD_PROVEEDOR`)) order by `c`.`COD_COMPRA_ESPERMA` */;
/*!50001 SET character_set_client      = @saved_cs_client */;
/*!50001 SET character_set_results     = @saved_cs_results */;
/*!50001 SET collation_connection      = @saved_col_connection */;

--
-- Final view structure for view `lotes_medicamentos`
--

/*!50001 DROP TABLE IF EXISTS `lotes_medicamentos`*/;
/*!50001 DROP VIEW IF EXISTS `lotes_medicamentos`*/;
/*!50001 SET @saved_cs_client          = @@character_set_client */;
/*!50001 SET @saved_cs_results         = @@character_set_results */;
/*!50001 SET @saved_col_connection     = @@collation_connection */;
/*!50001 SET character_set_client      = utf8mb4 */;
/*!50001 SET character_set_results     = utf8mb4 */;
/*!50001 SET collation_connection      = utf8mb4_general_ci */;
/*!50001 CREATE ALGORITHM=UNDEFINED */
/*!50013 DEFINER=`root`@`localhost` SQL SECURITY DEFINER */
/*!50001 VIEW `lotes_medicamentos` AS select `c`.`COD_COMPRA_MEDICAMENTO` AS `COD_COMPRA_MEDICAMENTO`,`c`.`FEC_LOTE` AS `FEC_LOTE`,`c`.`FEC_VENCIMIENTO` AS `FEC_VENCIMIENTO`,`c`.`CAN_TOTAL` AS `CANTIDAD`,to_days(`c`.`FEC_VENCIMIENTO`) - to_days(curdate()) AS `DIAS_VENCIMIENTO` from `tbl_pr_compra_medicamento` `c` order by to_days(`c`.`FEC_VENCIMIENTO`) - to_days(curdate()) */;
/*!50001 SET character_set_client      = @saved_cs_client */;
/*!50001 SET character_set_results     = @saved_cs_results */;
/*!50001 SET collation_connection      = @saved_col_connection */;

--
-- Final view structure for view `lotes_ventas`
--

/*!50001 DROP TABLE IF EXISTS `lotes_ventas`*/;
/*!50001 DROP VIEW IF EXISTS `lotes_ventas`*/;
/*!50001 SET @saved_cs_client          = @@character_set_client */;
/*!50001 SET @saved_cs_results         = @@character_set_results */;
/*!50001 SET @saved_col_connection     = @@collation_connection */;
/*!50001 SET character_set_client      = utf8mb4 */;
/*!50001 SET character_set_results     = utf8mb4 */;
/*!50001 SET collation_connection      = utf8mb4_general_ci */;
/*!50001 CREATE ALGORITHM=UNDEFINED */
/*!50013 DEFINER=`root`@`localhost` SQL SECURITY DEFINER */
/*!50001 VIEW `lotes_ventas` AS select `v`.`COD_VENTA` AS `LOTE`,`v`.`FEC_VENTA` AS `FEC_VENTA`,`d`.`PRE_VENTA` AS `PRECIO`,concat(`c`.`PRI_NOMBRE`,' ',`c`.`PRI_APELLIDO`) AS `CLIENTE`,`g`.`NOM_GANADO` AS `NOMBRE`,`g`.`PES_ACTUAL` AS `PESO`,`g`.`CLR_GANADO` AS `COLOR`,`r`.`NOM_RAZA` AS `RAZA` from ((((`tbl_mv_venta` `v` join `tbl_mv_detalle_venta` `d` on(`v`.`COD_VENTA` = `d`.`COD_VENTA`)) join `tbl_mg_ganado` `g` on(`d`.`COD_REGISTRO_GANADO` = `g`.`COD_REGISTRO_GANADO`)) join `tbl_mg_raza` `r` on(`g`.`COD_RAZA` = `r`.`COD_RAZA`)) join `tbl_mp_clientes` `c` on(`v`.`COD_CLIENTE` = `c`.`COD_CLIENTE`)) */;
/*!50001 SET character_set_client      = @saved_cs_client */;
/*!50001 SET character_set_results     = @saved_cs_results */;
/*!50001 SET collation_connection      = @saved_col_connection */;

--
-- Final view structure for view `lugares_ganado`
--

/*!50001 DROP TABLE IF EXISTS `lugares_ganado`*/;
/*!50001 DROP VIEW IF EXISTS `lugares_ganado`*/;
/*!50001 SET @saved_cs_client          = @@character_set_client */;
/*!50001 SET @saved_cs_results         = @@character_set_results */;
/*!50001 SET @saved_col_connection     = @@collation_connection */;
/*!50001 SET character_set_client      = utf8mb4 */;
/*!50001 SET character_set_results     = utf8mb4 */;
/*!50001 SET collation_connection      = utf8mb4_general_ci */;
/*!50001 CREATE ALGORITHM=UNDEFINED */
/*!50013 DEFINER=`root`@`localhost` SQL SECURITY DEFINER */
/*!50001 VIEW `lugares_ganado` AS select `e`.`COD_LUGAR` AS `COD_LUGAR`,`e`.`DIR_LUGAR` AS `DIR_LUGAR`,`e`.`UBI_EXACTA` AS `UBI_EXACTA`,`e`.`STATUS` AS `STATUS`,`e`.`created_at` AS `created_at`,`e`.`updated_at` AS `updated_at` from `tbl_mg_lugar` `e` */;
/*!50001 SET character_set_client      = @saved_cs_client */;
/*!50001 SET character_set_results     = @saved_cs_results */;
/*!50001 SET collation_connection      = @saved_col_connection */;

--
-- Final view structure for view `medicamento_orden`
--

/*!50001 DROP TABLE IF EXISTS `medicamento_orden`*/;
/*!50001 DROP VIEW IF EXISTS `medicamento_orden`*/;
/*!50001 SET @saved_cs_client          = @@character_set_client */;
/*!50001 SET @saved_cs_results         = @@character_set_results */;
/*!50001 SET @saved_col_connection     = @@collation_connection */;
/*!50001 SET character_set_client      = utf8mb4 */;
/*!50001 SET character_set_results     = utf8mb4 */;
/*!50001 SET collation_connection      = utf8mb4_general_ci */;
/*!50001 CREATE ALGORITHM=UNDEFINED */
/*!50013 DEFINER=`root`@`localhost` SQL SECURITY DEFINER */
/*!50001 VIEW `medicamento_orden` AS select `tbl_pr_medicamento`.`COD_MEDICAMENTO` AS `COD_MEDICAMENTO`,`tbl_pr_medicamento`.`NOM_MEDICAMENTO` AS `NOM_MEDICAMENTO`,`tbl_pr_medicamento`.`CAN_DISPONIBLE` AS `CAN_DISPONIBLE` from `tbl_pr_medicamento` where `tbl_pr_medicamento`.`CAN_DISPONIBLE` > 0 */;
/*!50001 SET character_set_client      = @saved_cs_client */;
/*!50001 SET character_set_results     = @saved_cs_results */;
/*!50001 SET collation_connection      = @saved_col_connection */;

--
-- Final view structure for view `monta`
--

/*!50001 DROP TABLE IF EXISTS `monta`*/;
/*!50001 DROP VIEW IF EXISTS `monta`*/;
/*!50001 SET @saved_cs_client          = @@character_set_client */;
/*!50001 SET @saved_cs_results         = @@character_set_results */;
/*!50001 SET @saved_col_connection     = @@collation_connection */;
/*!50001 SET character_set_client      = utf8mb4 */;
/*!50001 SET character_set_results     = utf8mb4 */;
/*!50001 SET collation_connection      = utf8mb4_general_ci */;
/*!50001 CREATE ALGORITHM=UNDEFINED */
/*!50013 DEFINER=`root`@`localhost` SQL SECURITY DEFINER */
/*!50001 VIEW `monta` AS select `m`.`COD_MONTA` AS `COD_MONTA`,`g`.`NOM_GANADO` AS `NOM_GANADO`,`r`.`NOM_RAZA` AS `RAZA`,`g`.`NUM_ARETE` AS `ARETE`,`g`.`CLR_GANADO` AS `COLOR`,timestampdiff(YEAR,`g`.`FEC_NACIMIENTO`,curdate()) AS `EDAD_GANADO`,`m`.`RAZ_TORO_MONTA` AS `RAZ_TORO_MONTA`,`m`.`FEC_MONTA` AS `FEC_MONTA`,`m`.`IND_FECUNDACION` AS `IND_FECUNDACION` from ((`tbl_mg_monta` `m` join `tbl_mg_ganado` `g` on(`m`.`COD_REGISTRO_GANADO` = `g`.`COD_REGISTRO_GANADO`)) join `tbl_mg_raza` `r` on(`g`.`COD_RAZA` = `r`.`COD_RAZA`)) order by `m`.`COD_MONTA` desc */;
/*!50001 SET character_set_client      = @saved_cs_client */;
/*!50001 SET character_set_results     = @saved_cs_results */;
/*!50001 SET collation_connection      = @saved_col_connection */;

--
-- Final view structure for view `nacimientos_embrion`
--

/*!50001 DROP TABLE IF EXISTS `nacimientos_embrion`*/;
/*!50001 DROP VIEW IF EXISTS `nacimientos_embrion`*/;
/*!50001 SET @saved_cs_client          = @@character_set_client */;
/*!50001 SET @saved_cs_results         = @@character_set_results */;
/*!50001 SET @saved_col_connection     = @@collation_connection */;
/*!50001 SET character_set_client      = utf8mb4 */;
/*!50001 SET character_set_results     = utf8mb4 */;
/*!50001 SET collation_connection      = utf8mb4_general_ci */;
/*!50001 CREATE ALGORITHM=UNDEFINED */
/*!50013 DEFINER=`root`@`localhost` SQL SECURITY DEFINER */
/*!50001 VIEW `nacimientos_embrion` AS select `n`.`COD_NACIMIENTO_EMBRION` AS `COD_NACIMIENTO_EMBRION`,`n`.`COD_REGISTRO_GANADO` AS `COD_REGISTRO_GANADO`,`t`.`NOM_GANADO` AS `TERNERO`,`t`.`NUM_ARETE` AS `ARETE_TERNERO`,`t`.`CLR_GANADO` AS `COLOR_TERNERO`,`v`.`NOM_GANADO` AS `NOM_GANADO`,`v`.`NUM_ARETE` AS `ARETE_VACA`,`v`.`CLR_GANADO` AS `COLOR_GANADO`,timestampdiff(YEAR,`v`.`FEC_NACIMIENTO`,curdate()) AS `EDAD_GANADO`,`n`.`FEC_NACIMIENTO` AS `FEC_NACIMIENTO` from ((((`tbl_mg_nacimiento_embrion` `n` join `tbl_mg_ganado` `t` on(`n`.`COD_REGISTRO_GANADO` = `t`.`COD_REGISTRO_GANADO`)) join `tbl_mg_prenada_embrion` `p` on(`n`.`COD_PRENADA_EMBRION` = `p`.`COD_PRENADA_EMBRION`)) join `tbl_mg_trans_embrion` `te` on(`p`.`COD_TRANS_EMBRION` = `te`.`COD_TRANS_EMBRION`)) join `tbl_mg_ganado` `v` on(`te`.`COD_REGISTRO_GANADO` = `v`.`COD_REGISTRO_GANADO`)) order by `n`.`COD_NACIMIENTO_EMBRION` desc */;
/*!50001 SET character_set_client      = @saved_cs_client */;
/*!50001 SET character_set_results     = @saved_cs_results */;
/*!50001 SET collation_connection      = @saved_col_connection */;

--
-- Final view structure for view `nacimientos_esperma`
--

/*!50001 DROP TABLE IF EXISTS `nacimientos_esperma`*/;
/*!50001 DROP VIEW IF EXISTS `nacimientos_esperma`*/;
/*!50001 SET @saved_cs_client          = @@character_set_client */;
/*!50001 SET @saved_cs_results         = @@character_set_results */;
/*!50001 SET @saved_col_connection     = @@collation_connection */;
/*!50001 SET character_set_client      = utf8mb4 */;
/*!50001 SET character_set_results     = utf8mb4 */;
/*!50001 SET collation_connection      = utf8mb4_general_ci */;
/*!50001 CREATE ALGORITHM=UNDEFINED */
/*!50013 DEFINER=`root`@`localhost` SQL SECURITY DEFINER */
/*!50001 VIEW `nacimientos_esperma` AS select `n`.`COD_NACIMIENTO_ESPERMA` AS `COD_NACIMIENTO_ESPERMA`,`n`.`COD_REGISTRO_GANADO` AS `COD_REGISTRO_GANADO`,`t`.`NOM_GANADO` AS `TERNERO`,`t`.`NUM_ARETE` AS `ARETE_TERNERO`,`t`.`CLR_GANADO` AS `COLOR_TERNERO`,`v`.`NOM_GANADO` AS `NOM_GANADO`,`v`.`NUM_ARETE` AS `ARETE_VACA`,`v`.`CLR_GANADO` AS `COLOR_GANADO`,timestampdiff(YEAR,`v`.`FEC_NACIMIENTO`,curdate()) AS `EDAD_GANADO`,`n`.`FEC_NACIMIENTO` AS `FEC_NACIMIENTO` from ((((`tbl_mg_nacimiento_esperma` `n` join `tbl_mg_ganado` `t` on(`n`.`COD_REGISTRO_GANADO` = `t`.`COD_REGISTRO_GANADO`)) join `tbl_mg_prenada_esperma` `p` on(`n`.`COD_PRENADA_ESPERMA` = `p`.`COD_PRENADA_ESPERMA`)) join `tbl_mg_trans_esperma` `te` on(`p`.`COD_TRANS_ESPERMA` = `te`.`COD_TRANS_ESPERMA`)) join `tbl_mg_ganado` `v` on(`te`.`COD_REGISTRO_GANADO` = `v`.`COD_REGISTRO_GANADO`)) order by `n`.`COD_NACIMIENTO_ESPERMA` desc */;
/*!50001 SET character_set_client      = @saved_cs_client */;
/*!50001 SET character_set_results     = @saved_cs_results */;
/*!50001 SET collation_connection      = @saved_col_connection */;

--
-- Final view structure for view `nacimientos_monta`
--

/*!50001 DROP TABLE IF EXISTS `nacimientos_monta`*/;
/*!50001 DROP VIEW IF EXISTS `nacimientos_monta`*/;
/*!50001 SET @saved_cs_client          = @@character_set_client */;
/*!50001 SET @saved_cs_results         = @@character_set_results */;
/*!50001 SET @saved_col_connection     = @@collation_connection */;
/*!50001 SET character_set_client      = utf8mb4 */;
/*!50001 SET character_set_results     = utf8mb4 */;
/*!50001 SET collation_connection      = utf8mb4_general_ci */;
/*!50001 CREATE ALGORITHM=UNDEFINED */
/*!50013 DEFINER=`root`@`localhost` SQL SECURITY DEFINER */
/*!50001 VIEW `nacimientos_monta` AS select `n`.`COD_NACIMIENTO_MONTA` AS `COD_NACIMIENTO_MONTA`,`n`.`COD_REGISTRO_GANADO` AS `COD_REGISTRO_GANADO`,`t`.`NOM_GANADO` AS `TERNERO`,`t`.`NUM_ARETE` AS `ARETE_TERNERO`,`t`.`CLR_GANADO` AS `COLOR_TERNERO`,`v`.`NOM_GANADO` AS `NOM_GANADO`,`v`.`NUM_ARETE` AS `ARETE_VACA`,`v`.`CLR_GANADO` AS `COLOR_GANADO`,timestampdiff(YEAR,`v`.`FEC_NACIMIENTO`,curdate()) AS `EDAD_GANADO`,`n`.`FEC_NACIMIENTO` AS `FEC_NACIMIENTO` from ((((`tbl_mg_nacimiento_monta` `n` join `tbl_mg_ganado` `t` on(`n`.`COD_REGISTRO_GANADO` = `t`.`COD_REGISTRO_GANADO`)) join `tbl_mg_prenada_monta` `p` on(`n`.`COD_PRENADA_MONTA` = `p`.`COD_PRENADA_MONTA`)) join `tbl_mg_monta` `te` on(`p`.`COD_MONTA` = `te`.`COD_MONTA`)) join `tbl_mg_ganado` `v` on(`te`.`COD_REGISTRO_GANADO` = `v`.`COD_REGISTRO_GANADO`)) order by `n`.`COD_NACIMIENTO_MONTA` desc */;
/*!50001 SET character_set_client      = @saved_cs_client */;
/*!50001 SET character_set_results     = @saved_cs_results */;
/*!50001 SET collation_connection      = @saved_col_connection */;

--
-- Final view structure for view `orden_trabajo`
--

/*!50001 DROP TABLE IF EXISTS `orden_trabajo`*/;
/*!50001 DROP VIEW IF EXISTS `orden_trabajo`*/;
/*!50001 SET @saved_cs_client          = @@character_set_client */;
/*!50001 SET @saved_cs_results         = @@character_set_results */;
/*!50001 SET @saved_col_connection     = @@collation_connection */;
/*!50001 SET character_set_client      = utf8mb4 */;
/*!50001 SET character_set_results     = utf8mb4 */;
/*!50001 SET collation_connection      = utf8mb4_general_ci */;
/*!50001 CREATE ALGORITHM=UNDEFINED */
/*!50013 DEFINER=`root`@`localhost` SQL SECURITY DEFINER */
/*!50001 VIEW `orden_trabajo` AS select `o`.`COD_ORDENT` AS `COD_ORDENT`,`m`.`NOM_MEDICAMENTO` AS `NOM_MEDICAMENTO`,`m`.`COD_MEDICAMENTO` AS `COD_MEDICAMENTO`,`o`.`CAN_MEDICAMENTO` AS `CAN_MEDICAMENTO`,`o`.`FEC_REGISTRO` AS `FEC_REGISTRO` from (`tbl_mi_ordent` `o` join `tbl_pr_medicamento` `m` on(`o`.`COD_MEDICAMENTO` = `m`.`COD_MEDICAMENTO`)) order by `o`.`COD_ORDENT` desc */;
/*!50001 SET character_set_client      = @saved_cs_client */;
/*!50001 SET character_set_results     = @saved_cs_results */;
/*!50001 SET collation_connection      = @saved_col_connection */;

--
-- Final view structure for view `produccion`
--

/*!50001 DROP TABLE IF EXISTS `produccion`*/;
/*!50001 DROP VIEW IF EXISTS `produccion`*/;
/*!50001 SET @saved_cs_client          = @@character_set_client */;
/*!50001 SET @saved_cs_results         = @@character_set_results */;
/*!50001 SET @saved_col_connection     = @@collation_connection */;
/*!50001 SET character_set_client      = utf8mb4 */;
/*!50001 SET character_set_results     = utf8mb4 */;
/*!50001 SET collation_connection      = utf8mb4_general_ci */;
/*!50001 CREATE ALGORITHM=UNDEFINED */
/*!50013 DEFINER=`root`@`localhost` SQL SECURITY DEFINER */
/*!50001 VIEW `produccion` AS select `lc`.`COD_REGISTRO_LECHE` AS `COD_REGISTRO_LECHE`,`p`.`NOM_GANADO` AS `NOM_GANADO`,`p`.`NUM_ARETE` AS `ARETE`,`p`.`CLR_GANADO` AS `COLOR`,timestampdiff(YEAR,`p`.`FEC_NACIMIENTO`,curdate()) AS `EDAD_GANADO`,`lc`.`FEC_ORDENIO` AS `FEC_ORDENIO`,`lc`.`DIA_LACTANCIA` AS `DIA_LACTANCIA`,`lc`.`PRD_LITROS` AS `PRD_LITROS`,`lc`.`OBS_REGISTRO` AS `OBS_REGISTRO` from (`tbl_pr_produccion_leche` `lc` join `tbl_mg_ganado` `p` on(`lc`.`COD_REGISTRO_GANADO` = `p`.`COD_REGISTRO_GANADO`)) where `lc`.`COD_REGISTRO_LECHE` = `lc`.`COD_REGISTRO_LECHE` order by `lc`.`COD_REGISTRO_LECHE` desc */;
/*!50001 SET character_set_client      = @saved_cs_client */;
/*!50001 SET character_set_results     = @saved_cs_results */;
/*!50001 SET collation_connection      = @saved_col_connection */;

--
-- Final view structure for view `produccion_leche`
--

/*!50001 DROP TABLE IF EXISTS `produccion_leche`*/;
/*!50001 DROP VIEW IF EXISTS `produccion_leche`*/;
/*!50001 SET @saved_cs_client          = @@character_set_client */;
/*!50001 SET @saved_cs_results         = @@character_set_results */;
/*!50001 SET @saved_col_connection     = @@collation_connection */;
/*!50001 SET character_set_client      = utf8mb4 */;
/*!50001 SET character_set_results     = utf8mb4 */;
/*!50001 SET collation_connection      = utf8mb4_general_ci */;
/*!50001 CREATE ALGORITHM=UNDEFINED */
/*!50013 DEFINER=`root`@`localhost` SQL SECURITY DEFINER */
/*!50001 VIEW `produccion_leche` AS select `l`.`COD_REGISTRO_LECHE` AS `COD_REGISTRO_LECHE`,`l`.`COD_REGISTRO_GANADO` AS `COD_REGISTRO_GANADO`,`l`.`DIA_LACTANCIA` AS `DIA_LACTANCIA`,`l`.`PRD_LITROS` AS `PRD_LITROS`,`l`.`FEC_ORDENIO` AS `FEC_ORDENIO` from (`tbl_pr_produccion_leche` `l` join `tbl_mg_ganado` `g` on(`l`.`COD_REGISTRO_GANADO` = `g`.`COD_REGISTRO_GANADO`)) order by `l`.`COD_REGISTRO_GANADO` */;
/*!50001 SET character_set_client      = @saved_cs_client */;
/*!50001 SET character_set_results     = @saved_cs_results */;
/*!50001 SET collation_connection      = @saved_col_connection */;

--
-- Final view structure for view `proveedores`
--

/*!50001 DROP TABLE IF EXISTS `proveedores`*/;
/*!50001 DROP VIEW IF EXISTS `proveedores`*/;
/*!50001 SET @saved_cs_client          = @@character_set_client */;
/*!50001 SET @saved_cs_results         = @@character_set_results */;
/*!50001 SET @saved_col_connection     = @@collation_connection */;
/*!50001 SET character_set_client      = utf8mb4 */;
/*!50001 SET character_set_results     = utf8mb4 */;
/*!50001 SET collation_connection      = utf8mb4_general_ci */;
/*!50001 CREATE ALGORITHM=UNDEFINED */
/*!50013 DEFINER=`root`@`localhost` SQL SECURITY DEFINER */
/*!50001 VIEW `proveedores` AS select `p`.`COD_PROVEEDOR` AS `COD_PROVEEDOR`,concat(`p`.`PRI_NOMBRE`,' ',`p`.`PRI_APELLIDO`) AS `PERSONA` from `tbl_mp_proveedores` `p` */;
/*!50001 SET character_set_client      = @saved_cs_client */;
/*!50001 SET character_set_results     = @saved_cs_results */;
/*!50001 SET collation_connection      = @saved_col_connection */;

--
-- Final view structure for view `proveedores_registrados`
--

/*!50001 DROP TABLE IF EXISTS `proveedores_registrados`*/;
/*!50001 DROP VIEW IF EXISTS `proveedores_registrados`*/;
/*!50001 SET @saved_cs_client          = @@character_set_client */;
/*!50001 SET @saved_cs_results         = @@character_set_results */;
/*!50001 SET @saved_col_connection     = @@collation_connection */;
/*!50001 SET character_set_client      = utf8mb4 */;
/*!50001 SET character_set_results     = utf8mb4 */;
/*!50001 SET collation_connection      = utf8mb4_general_ci */;
/*!50001 CREATE ALGORITHM=UNDEFINED */
/*!50013 DEFINER=`root`@`localhost` SQL SECURITY DEFINER */
/*!50001 VIEW `proveedores_registrados` AS select `p`.`COD_PROVEEDOR` AS `COD_PROVEEDOR`,`p`.`PRI_NOMBRE` AS `PRI_NOMBRE`,`p`.`PRI_APELLIDO` AS `PRI_APELLIDO`,`p`.`DET_DIRECCION` AS `DET_DIRECCION`,`p`.`IND_COMERCIAL` AS `IND_COMERCIAL`,`p`.`FEC_NACIMIENTO` AS `FEC_NACIMIENTO`,`p`.`ID_PROVEEDOR` AS `ID_PROVEEDOR`,`p`.`SEX_PROVEEDOR` AS `SEX_PROVEEDOR`,`f`.`NUM_AREA` AS `NUM_AREA`,`f`.`NUM_CELULAR` AS `NUM_CELULAR`,`f`.`NUM_TELEFONO` AS `NUM_TELEFONO` from (`tbl_mp_proveedores` `p` join `tbl_mp_telefono_proveedores` `f` on(`p`.`COD_PROVEEDOR` = `f`.`COD_PROVEEDOR`)) */;
/*!50001 SET character_set_client      = @saved_cs_client */;
/*!50001 SET character_set_results     = @saved_cs_results */;
/*!50001 SET collation_connection      = @saved_col_connection */;

--
-- Final view structure for view `recienparidas_embrion`
--

/*!50001 DROP TABLE IF EXISTS `recienparidas_embrion`*/;
/*!50001 DROP VIEW IF EXISTS `recienparidas_embrion`*/;
/*!50001 SET @saved_cs_client          = @@character_set_client */;
/*!50001 SET @saved_cs_results         = @@character_set_results */;
/*!50001 SET @saved_col_connection     = @@collation_connection */;
/*!50001 SET character_set_client      = utf8mb4 */;
/*!50001 SET character_set_results     = utf8mb4 */;
/*!50001 SET collation_connection      = utf8mb4_general_ci */;
/*!50001 CREATE ALGORITHM=UNDEFINED */
/*!50013 DEFINER=`root`@`localhost` SQL SECURITY DEFINER */
/*!50001 VIEW `recienparidas_embrion` AS select `pe`.`COD_PRENADA_EMBRION` AS `COD_PRENADA_EMBRION`,`g`.`COD_REGISTRO_GANADO` AS `COD_REGISTRO_GANADO`,`g`.`NOM_GANADO` AS `NOM_GANADO`,`g`.`NUM_ARETE` AS `NUM_ARETE` from ((`tbl_mg_ganado` `g` join `tbl_mg_trans_embrion` `te` on(`g`.`COD_REGISTRO_GANADO` = `te`.`COD_REGISTRO_GANADO`)) join `tbl_mg_prenada_embrion` `pe` on(`te`.`COD_TRANS_EMBRION` = `pe`.`COD_TRANS_EMBRION`)) where `g`.`COD_ESTADO` = 12 and `g`.`SEX_GANADO` = 'HEMBRA' */;
/*!50001 SET character_set_client      = @saved_cs_client */;
/*!50001 SET character_set_results     = @saved_cs_results */;
/*!50001 SET collation_connection      = @saved_col_connection */;

--
-- Final view structure for view `recienparidas_esperma`
--

/*!50001 DROP TABLE IF EXISTS `recienparidas_esperma`*/;
/*!50001 DROP VIEW IF EXISTS `recienparidas_esperma`*/;
/*!50001 SET @saved_cs_client          = @@character_set_client */;
/*!50001 SET @saved_cs_results         = @@character_set_results */;
/*!50001 SET @saved_col_connection     = @@collation_connection */;
/*!50001 SET character_set_client      = utf8mb4 */;
/*!50001 SET character_set_results     = utf8mb4 */;
/*!50001 SET collation_connection      = utf8mb4_general_ci */;
/*!50001 CREATE ALGORITHM=UNDEFINED */
/*!50013 DEFINER=`root`@`localhost` SQL SECURITY DEFINER */
/*!50001 VIEW `recienparidas_esperma` AS select `pe`.`COD_PRENADA_ESPERMA` AS `COD_PRENADA_ESPERMA`,`g`.`COD_REGISTRO_GANADO` AS `COD_REGISTRO_GANADO`,`g`.`NOM_GANADO` AS `NOM_GANADO`,`g`.`NUM_ARETE` AS `NUM_ARETE` from ((`tbl_mg_ganado` `g` join `tbl_mg_trans_esperma` `te` on(`g`.`COD_REGISTRO_GANADO` = `te`.`COD_REGISTRO_GANADO`)) join `tbl_mg_prenada_esperma` `pe` on(`te`.`COD_TRANS_ESPERMA` = `pe`.`COD_TRANS_ESPERMA`)) where `g`.`COD_ESTADO` = 12 and `g`.`SEX_GANADO` = 'HEMBRA' */;
/*!50001 SET character_set_client      = @saved_cs_client */;
/*!50001 SET character_set_results     = @saved_cs_results */;
/*!50001 SET collation_connection      = @saved_col_connection */;

--
-- Final view structure for view `recienparidas_monta`
--

/*!50001 DROP TABLE IF EXISTS `recienparidas_monta`*/;
/*!50001 DROP VIEW IF EXISTS `recienparidas_monta`*/;
/*!50001 SET @saved_cs_client          = @@character_set_client */;
/*!50001 SET @saved_cs_results         = @@character_set_results */;
/*!50001 SET @saved_col_connection     = @@collation_connection */;
/*!50001 SET character_set_client      = utf8mb4 */;
/*!50001 SET character_set_results     = utf8mb4 */;
/*!50001 SET collation_connection      = utf8mb4_general_ci */;
/*!50001 CREATE ALGORITHM=UNDEFINED */
/*!50013 DEFINER=`root`@`localhost` SQL SECURITY DEFINER */
/*!50001 VIEW `recienparidas_monta` AS select `pe`.`COD_PRENADA_MONTA` AS `COD_PRENADA_MONTA`,`g`.`COD_REGISTRO_GANADO` AS `COD_REGISTRO_GANADO`,`g`.`NOM_GANADO` AS `NOM_GANADO`,`g`.`NUM_ARETE` AS `NUM_ARETE` from ((`tbl_mg_ganado` `g` join `tbl_mg_monta` `te` on(`g`.`COD_REGISTRO_GANADO` = `te`.`COD_REGISTRO_GANADO`)) join `tbl_mg_prenada_monta` `pe` on(`te`.`COD_MONTA` = `pe`.`COD_MONTA`)) where `g`.`COD_ESTADO` = 12 and `g`.`SEX_GANADO` = 'HEMBRA' */;
/*!50001 SET character_set_client      = @saved_cs_client */;
/*!50001 SET character_set_results     = @saved_cs_results */;
/*!50001 SET collation_connection      = @saved_col_connection */;

--
-- Final view structure for view `trans_embrion`
--

/*!50001 DROP TABLE IF EXISTS `trans_embrion`*/;
/*!50001 DROP VIEW IF EXISTS `trans_embrion`*/;
/*!50001 SET @saved_cs_client          = @@character_set_client */;
/*!50001 SET @saved_cs_results         = @@character_set_results */;
/*!50001 SET @saved_col_connection     = @@collation_connection */;
/*!50001 SET character_set_client      = utf8mb4 */;
/*!50001 SET character_set_results     = utf8mb4 */;
/*!50001 SET collation_connection      = utf8mb4_general_ci */;
/*!50001 CREATE ALGORITHM=UNDEFINED */
/*!50013 DEFINER=`root`@`localhost` SQL SECURITY DEFINER */
/*!50001 VIEW `trans_embrion` AS select `t`.`COD_TRANS_EMBRION` AS `COD_TRANS_EMBRION`,`g`.`NOM_GANADO` AS `NOM_GANADO`,`r`.`NOM_RAZA` AS `RAZA`,`g`.`NUM_ARETE` AS `ARETE`,`g`.`CLR_GANADO` AS `COLOR`,timestampdiff(YEAR,`g`.`FEC_NACIMIENTO`,curdate()) AS `EDAD_GANADO`,`t`.`COD_EMBRION` AS `COD_EMBRION`,`e`.`RAZ_VACA_DONADORA` AS `RAZ_VACA_DONADORA`,`e`.`RAZ_TORO_DONADOR` AS `RAZ_TORO_DONADOR`,`t`.`IND_FECUNDACION` AS `IND_FECUNDACION`,`t`.`FEC_REGISTRO` AS `FEC_REGISTRO` from (((`tbl_mg_trans_embrion` `t` join `tbl_mg_embrion` `e` on(`t`.`COD_EMBRION` = `e`.`COD_EMBRION`)) join `tbl_mg_ganado` `g` on(`t`.`COD_REGISTRO_GANADO` = `g`.`COD_REGISTRO_GANADO`)) join `tbl_mg_raza` `r` on(`g`.`COD_RAZA` = `r`.`COD_RAZA`)) order by `t`.`COD_TRANS_EMBRION` desc */;
/*!50001 SET character_set_client      = @saved_cs_client */;
/*!50001 SET character_set_results     = @saved_cs_results */;
/*!50001 SET collation_connection      = @saved_col_connection */;

--
-- Final view structure for view `transf_esperma`
--

/*!50001 DROP TABLE IF EXISTS `transf_esperma`*/;
/*!50001 DROP VIEW IF EXISTS `transf_esperma`*/;
/*!50001 SET @saved_cs_client          = @@character_set_client */;
/*!50001 SET @saved_cs_results         = @@character_set_results */;
/*!50001 SET @saved_col_connection     = @@collation_connection */;
/*!50001 SET character_set_client      = utf8mb4 */;
/*!50001 SET character_set_results     = utf8mb4 */;
/*!50001 SET collation_connection      = utf8mb4_general_ci */;
/*!50001 CREATE ALGORITHM=UNDEFINED */
/*!50013 DEFINER=`root`@`localhost` SQL SECURITY DEFINER */
/*!50001 VIEW `transf_esperma` AS select `t`.`COD_TRANS_ESPERMA` AS `COD_TRANS_ESPERMA`,`g`.`NOM_GANADO` AS `NOM_GANADO`,`r`.`NOM_RAZA` AS `RAZA`,`g`.`NUM_ARETE` AS `ARETE`,`g`.`CLR_GANADO` AS `COLOR`,timestampdiff(YEAR,`g`.`FEC_NACIMIENTO`,curdate()) AS `EDAD_GANADO`,`t`.`COD_ESPERMA` AS `COD_ESPERMA`,`e`.`NUM_PAJILLA` AS `NUM_PAJILLA`,`e`.`RAZ_TORO_DONADOR` AS `RAZ_TORO_DONADOR`,`t`.`IND_FECUNDACION` AS `IND_FECUNDACION`,`t`.`FEC_REGISTRO` AS `FEC_REGISTRO` from (((`tbl_mg_trans_esperma` `t` join `tbl_mg_esperma` `e` on(`t`.`COD_ESPERMA` = `e`.`COD_ESPERMA`)) join `tbl_mg_ganado` `g` on(`t`.`COD_REGISTRO_GANADO` = `g`.`COD_REGISTRO_GANADO`)) join `tbl_mg_raza` `r` on(`g`.`COD_RAZA` = `r`.`COD_RAZA`)) order by `t`.`COD_TRANS_ESPERMA` desc */;
/*!50001 SET character_set_client      = @saved_cs_client */;
/*!50001 SET character_set_results     = @saved_cs_results */;
/*!50001 SET collation_connection      = @saved_col_connection */;

--
-- Final view structure for view `usuarios`
--

/*!50001 DROP TABLE IF EXISTS `usuarios`*/;
/*!50001 DROP VIEW IF EXISTS `usuarios`*/;
/*!50001 SET @saved_cs_client          = @@character_set_client */;
/*!50001 SET @saved_cs_results         = @@character_set_results */;
/*!50001 SET @saved_col_connection     = @@collation_connection */;
/*!50001 SET character_set_client      = utf8mb4 */;
/*!50001 SET character_set_results     = utf8mb4 */;
/*!50001 SET collation_connection      = utf8mb4_general_ci */;
/*!50001 CREATE ALGORITHM=UNDEFINED */
/*!50013 DEFINER=`root`@`localhost` SQL SECURITY DEFINER */
/*!50001 VIEW `usuarios` AS select `u`.`id` AS `id`,`u`.`name` AS `name`,`u`.`username` AS `username`,`u`.`email` AS `email`,`u`.`estado` AS `estado`,`u`.`fecha_vencimiento` AS `fecha_vencimiento`,`u`.`created_at` AS `created_at`,`u`.`updated_at` AS `updated_at`,`m`.`model_id` AS `model_id`,`r`.`name` AS `rol` from ((`users` `u` join `model_has_roles` `m` on(`u`.`id` = `m`.`model_id`)) join `roles` `r` on(`m`.`role_id` = `r`.`id`)) where `u`.`id` = `m`.`model_id` */;
/*!50001 SET character_set_client      = @saved_cs_client */;
/*!50001 SET character_set_results     = @saved_cs_results */;
/*!50001 SET collation_connection      = @saved_col_connection */;

--
-- Final view structure for view `vacas_estado`
--

/*!50001 DROP TABLE IF EXISTS `vacas_estado`*/;
/*!50001 DROP VIEW IF EXISTS `vacas_estado`*/;
/*!50001 SET @saved_cs_client          = @@character_set_client */;
/*!50001 SET @saved_cs_results         = @@character_set_results */;
/*!50001 SET @saved_col_connection     = @@collation_connection */;
/*!50001 SET character_set_client      = utf8mb4 */;
/*!50001 SET character_set_results     = utf8mb4 */;
/*!50001 SET collation_connection      = utf8mb4_general_ci */;
/*!50001 CREATE ALGORITHM=UNDEFINED */
/*!50013 DEFINER=`root`@`localhost` SQL SECURITY DEFINER */
/*!50001 VIEW `vacas_estado` AS select count(`g`.`COD_REGISTRO_GANADO`) AS `TOTAL`,`e`.`DET_ESTADO` AS `DET_ESTADO` from (`tbl_mg_ganado` `g` join `tbl_mg_estado_ganado` `e` on(`g`.`COD_ESTADO` = `e`.`COD_ESTADO`)) group by `e`.`COD_ESTADO` */;
/*!50001 SET character_set_client      = @saved_cs_client */;
/*!50001 SET character_set_results     = @saved_cs_results */;
/*!50001 SET collation_connection      = @saved_col_connection */;

--
-- Final view structure for view `vacas_ordenio`
--

/*!50001 DROP TABLE IF EXISTS `vacas_ordenio`*/;
/*!50001 DROP VIEW IF EXISTS `vacas_ordenio`*/;
/*!50001 SET @saved_cs_client          = @@character_set_client */;
/*!50001 SET @saved_cs_results         = @@character_set_results */;
/*!50001 SET @saved_col_connection     = @@collation_connection */;
/*!50001 SET character_set_client      = utf8mb4 */;
/*!50001 SET character_set_results     = utf8mb4 */;
/*!50001 SET collation_connection      = utf8mb4_general_ci */;
/*!50001 CREATE ALGORITHM=UNDEFINED */
/*!50013 DEFINER=`root`@`localhost` SQL SECURITY DEFINER */
/*!50001 VIEW `vacas_ordenio` AS select `tbl_mg_ganado`.`COD_REGISTRO_GANADO` AS `COD_REGISTRO_GANADO`,`tbl_mg_ganado`.`NOM_GANADO` AS `NOM_GANADO` from `tbl_mg_ganado` where `tbl_mg_ganado`.`COD_ESTADO` <> 8 and `tbl_mg_ganado`.`SEX_GANADO` = 'HEMBRA' */;
/*!50001 SET character_set_client      = @saved_cs_client */;
/*!50001 SET character_set_results     = @saved_cs_results */;
/*!50001 SET collation_connection      = @saved_col_connection */;

--
-- Final view structure for view `vacas_paridas`
--

/*!50001 DROP TABLE IF EXISTS `vacas_paridas`*/;
/*!50001 DROP VIEW IF EXISTS `vacas_paridas`*/;
/*!50001 SET @saved_cs_client          = @@character_set_client */;
/*!50001 SET @saved_cs_results         = @@character_set_results */;
/*!50001 SET @saved_col_connection     = @@collation_connection */;
/*!50001 SET character_set_client      = utf8mb4 */;
/*!50001 SET character_set_results     = utf8mb4 */;
/*!50001 SET collation_connection      = utf8mb4_general_ci */;
/*!50001 CREATE ALGORITHM=UNDEFINED */
/*!50013 DEFINER=`root`@`localhost` SQL SECURITY DEFINER */
/*!50001 VIEW `vacas_paridas` AS select `tbl_mg_ganado`.`COD_REGISTRO_GANADO` AS `COD_REGISTRO_GANADO`,`tbl_mg_ganado`.`NUM_ARETE` AS `NUM_ARETE`,`tbl_mg_ganado`.`NOM_GANADO` AS `NOM_GANADO`,`tbl_mg_ganado`.`CLR_GANADO` AS `CLR_GANADO`,`tbl_mg_ganado`.`COD_ESTADO` AS `COD_ESTADO`,`tbl_mg_ganado`.`COD_LUGAR` AS `COD_LUGAR`,`tbl_mg_ganado`.`PES_ACTUAL` AS `PES_ACTUAL`,`tbl_mg_ganado`.`FIE_GANADO` AS `FIE_GANADO`,`tbl_mg_ganado`.`COD_RAZA` AS `COD_RAZA`,`tbl_mg_ganado`.`SEX_GANADO` AS `SEX_GANADO`,`tbl_mg_ganado`.`FEC_REGISTRO` AS `FEC_REGISTRO`,`tbl_mg_ganado`.`PRE_GANADO` AS `PRE_GANADO`,`tbl_mg_ganado`.`COD_COMPRA_GANADO` AS `COD_COMPRA_GANADO`,`tbl_mg_ganado`.`COD_DETALLE_COMPRA` AS `COD_DETALLE_COMPRA` from `tbl_mg_ganado` where `tbl_mg_ganado`.`COD_ESTADO` = 2 */;
/*!50001 SET character_set_client      = @saved_cs_client */;
/*!50001 SET character_set_results     = @saved_cs_results */;
/*!50001 SET collation_connection      = @saved_col_connection */;

--
-- Final view structure for view `vacas_prenadas_embrion`
--

/*!50001 DROP TABLE IF EXISTS `vacas_prenadas_embrion`*/;
/*!50001 DROP VIEW IF EXISTS `vacas_prenadas_embrion`*/;
/*!50001 SET @saved_cs_client          = @@character_set_client */;
/*!50001 SET @saved_cs_results         = @@character_set_results */;
/*!50001 SET @saved_col_connection     = @@collation_connection */;
/*!50001 SET character_set_client      = utf8mb4 */;
/*!50001 SET character_set_results     = utf8mb4 */;
/*!50001 SET collation_connection      = utf8mb4_general_ci */;
/*!50001 CREATE ALGORITHM=UNDEFINED */
/*!50013 DEFINER=`root`@`localhost` SQL SECURITY DEFINER */
/*!50001 VIEW `vacas_prenadas_embrion` AS select `v`.`COD_PRENADA_EMBRION` AS `COD_PRENADA_EMBRION`,`v`.`COD_TRANS_EMBRION` AS `COD_TRANS_EMBRION`,`v`.`IND_PRENADA` AS `IND_PRENADA`,`v`.`OBS_VACAP` AS `OBS_VACAP`,`t`.`COD_EMBRION` AS `COD_EMBRION`,`e`.`RAZ_ESPERADA` AS `RAZ_ESPERADA`,`g`.`NOM_GANADO` AS `NOM_GANADO`,timestampdiff(YEAR,`g`.`FEC_NACIMIENTO`,curdate()) AS `EDAD_GANADO`,`r`.`NOM_RAZA` AS `RAZA`,`g`.`NUM_ARETE` AS `ARETE`,`g`.`CLR_GANADO` AS `COLOR`,`l`.`DIR_LUGAR` AS `DIR_LUGAR`,date_format(`v`.`FEC_PARIO`,'%d-%m-%Y') AS `FEC_PARIO` from (((((`tbl_mg_prenada_embrion` `v` join `tbl_mg_trans_embrion` `t` on(`v`.`COD_TRANS_EMBRION` = `t`.`COD_TRANS_EMBRION`)) join `tbl_mg_embrion` `e` on(`t`.`COD_EMBRION` = `e`.`COD_EMBRION`)) join `tbl_mg_ganado` `g` on(`t`.`COD_REGISTRO_GANADO` = `g`.`COD_REGISTRO_GANADO`)) join `tbl_mg_lugar` `l` on(`g`.`COD_LUGAR` = `l`.`COD_LUGAR`)) join `tbl_mg_raza` `r` on(`g`.`COD_RAZA` = `r`.`COD_RAZA`)) order by `v`.`COD_PRENADA_EMBRION` desc */;
/*!50001 SET character_set_client      = @saved_cs_client */;
/*!50001 SET character_set_results     = @saved_cs_results */;
/*!50001 SET collation_connection      = @saved_col_connection */;

--
-- Final view structure for view `vacas_prenadas_esperma`
--

/*!50001 DROP TABLE IF EXISTS `vacas_prenadas_esperma`*/;
/*!50001 DROP VIEW IF EXISTS `vacas_prenadas_esperma`*/;
/*!50001 SET @saved_cs_client          = @@character_set_client */;
/*!50001 SET @saved_cs_results         = @@character_set_results */;
/*!50001 SET @saved_col_connection     = @@collation_connection */;
/*!50001 SET character_set_client      = utf8mb4 */;
/*!50001 SET character_set_results     = utf8mb4 */;
/*!50001 SET collation_connection      = utf8mb4_general_ci */;
/*!50001 CREATE ALGORITHM=UNDEFINED */
/*!50013 DEFINER=`root`@`localhost` SQL SECURITY DEFINER */
/*!50001 VIEW `vacas_prenadas_esperma` AS select `v`.`COD_PRENADA_ESPERMA` AS `COD_PRENADA_ESPERMA`,`v`.`COD_TRANS_ESPERMA` AS `COD_TRANS_ESPERMA`,`v`.`IND_PRENADA` AS `IND_PRENADA`,`v`.`OBS_VACAP` AS `OBS_VACAP`,`e`.`NUM_PAJILLA` AS `NUM_PAJILLA`,`e`.`RAZ_TORO_DONADOR` AS `RAZ_TORO_DONADOR`,`g`.`NOM_GANADO` AS `NOM_GANADO`,`r`.`NOM_RAZA` AS `RAZA`,`g`.`NUM_ARETE` AS `ARETE`,`g`.`CLR_GANADO` AS `COLOR`,timestampdiff(YEAR,`g`.`FEC_NACIMIENTO`,curdate()) AS `EDAD_GANADO`,`l`.`DIR_LUGAR` AS `DIR_LUGAR`,date_format(`v`.`FEC_PARIO`,'%d-%m-%Y') AS `FEC_PARIO` from (((((`tbl_mg_prenada_esperma` `v` join `tbl_mg_trans_esperma` `t` on(`v`.`COD_TRANS_ESPERMA` = `t`.`COD_TRANS_ESPERMA`)) join `tbl_mg_esperma` `e` on(`t`.`COD_ESPERMA` = `e`.`COD_ESPERMA`)) join `tbl_mg_ganado` `g` on(`t`.`COD_REGISTRO_GANADO` = `g`.`COD_REGISTRO_GANADO`)) join `tbl_mg_lugar` `l` on(`g`.`COD_LUGAR` = `l`.`COD_LUGAR`)) join `tbl_mg_raza` `r` on(`g`.`COD_RAZA` = `r`.`COD_RAZA`)) order by `v`.`COD_PRENADA_ESPERMA` desc */;
/*!50001 SET character_set_client      = @saved_cs_client */;
/*!50001 SET character_set_results     = @saved_cs_results */;
/*!50001 SET collation_connection      = @saved_col_connection */;

--
-- Final view structure for view `vacas_prenadas_monta`
--

/*!50001 DROP TABLE IF EXISTS `vacas_prenadas_monta`*/;
/*!50001 DROP VIEW IF EXISTS `vacas_prenadas_monta`*/;
/*!50001 SET @saved_cs_client          = @@character_set_client */;
/*!50001 SET @saved_cs_results         = @@character_set_results */;
/*!50001 SET @saved_col_connection     = @@collation_connection */;
/*!50001 SET character_set_client      = utf8mb4 */;
/*!50001 SET character_set_results     = utf8mb4 */;
/*!50001 SET collation_connection      = utf8mb4_general_ci */;
/*!50001 CREATE ALGORITHM=UNDEFINED */
/*!50013 DEFINER=`root`@`localhost` SQL SECURITY DEFINER */
/*!50001 VIEW `vacas_prenadas_monta` AS select `v`.`COD_PRENADA_MONTA` AS `COD_PRENADA_MONTA`,`v`.`COD_MONTA` AS `COD_MONTA`,`v`.`OBS_VACAP` AS `OBS_VACAP`,`g`.`NOM_GANADO` AS `NOM_GANADO`,`r`.`NOM_RAZA` AS `RAZA`,`g`.`NUM_ARETE` AS `ARETE`,`g`.`CLR_GANADO` AS `COLOR`,timestampdiff(YEAR,`g`.`FEC_NACIMIENTO`,curdate()) AS `EDAD_GANADO`,`l`.`DIR_LUGAR` AS `DIR_LUGAR`,`t`.`RAZ_TORO_MONTA` AS `RAZ_TORO_MONTA`,date_format(`v`.`FEC_PARIO`,'%d-%m-%Y') AS `FEC_PARIO`,`v`.`IND_PRENADA` AS `IND_PRENADA` from ((((`tbl_mg_prenada_monta` `v` join `tbl_mg_monta` `t` on(`v`.`COD_MONTA` = `t`.`COD_MONTA`)) join `tbl_mg_ganado` `g` on(`t`.`COD_REGISTRO_GANADO` = `g`.`COD_REGISTRO_GANADO`)) join `tbl_mg_lugar` `l` on(`g`.`COD_LUGAR` = `l`.`COD_LUGAR`)) join `tbl_mg_raza` `r` on(`g`.`COD_RAZA` = `r`.`COD_RAZA`)) order by `v`.`COD_MONTA` desc */;
/*!50001 SET character_set_client      = @saved_cs_client */;
/*!50001 SET character_set_results     = @saved_cs_results */;
/*!50001 SET collation_connection      = @saved_col_connection */;

--
-- Final view structure for view `vacas_sincronizadas`
--

/*!50001 DROP TABLE IF EXISTS `vacas_sincronizadas`*/;
/*!50001 DROP VIEW IF EXISTS `vacas_sincronizadas`*/;
/*!50001 SET @saved_cs_client          = @@character_set_client */;
/*!50001 SET @saved_cs_results         = @@character_set_results */;
/*!50001 SET @saved_col_connection     = @@collation_connection */;
/*!50001 SET character_set_client      = utf8mb4 */;
/*!50001 SET character_set_results     = utf8mb4 */;
/*!50001 SET collation_connection      = utf8mb4_general_ci */;
/*!50001 CREATE ALGORITHM=UNDEFINED */
/*!50013 DEFINER=`root`@`localhost` SQL SECURITY DEFINER */
/*!50001 VIEW `vacas_sincronizadas` AS select `g`.`COD_REGISTRO_GANADO` AS `COD_REGISTRO_GANADO`,`g`.`NUM_ARETE` AS `NUM_ARETE`,`g`.`NOM_GANADO` AS `NOM_GANADO`,`g`.`CLR_GANADO` AS `CLR_GANADO`,`e`.`DET_ESTADO` AS `DET_ESTADO`,`l`.`DIR_LUGAR` AS `DIR_LUGAR`,`g`.`PES_ACTUAL` AS `PES_ACTUAL`,`g`.`SEX_GANADO` AS `SEX_GANADO`,`g`.`FIE_GANADO` AS `FIE_GANADO`,`r`.`NOM_RAZA` AS `NOM_RAZA`,`g`.`COD_ESTADO` AS `COD_ESTADO`,`g`.`COD_LUGAR` AS `COD_LUGAR`,date_format(`g`.`FEC_NACIMIENTO`,'%d-%m-%Y') AS `FEC_NACIMIENTO`,`r`.`COD_RAZA` AS `COD_RAZA`,timestampdiff(YEAR,`g`.`FEC_NACIMIENTO`,curdate()) AS `ANIOS`,timestampdiff(MONTH,`g`.`FEC_NACIMIENTO`,curdate()) AS `MESES` from (((`tbl_mg_ganado` `g` join `tbl_mg_estado_ganado` `e` on(`g`.`COD_ESTADO` = `e`.`COD_ESTADO`)) join `tbl_mg_lugar` `l` on(`g`.`COD_LUGAR` = `l`.`COD_LUGAR`)) join `tbl_mg_raza` `r` on(`g`.`COD_RAZA` = `r`.`COD_RAZA`)) where `g`.`COD_ESTADO` = 4 and timestampdiff(YEAR,`g`.`FEC_NACIMIENTO`,curdate()) >= 1 order by `g`.`COD_REGISTRO_GANADO` desc */;
/*!50001 SET character_set_client      = @saved_cs_client */;
/*!50001 SET character_set_results     = @saved_cs_results */;
/*!50001 SET collation_connection      = @saved_col_connection */;

--
-- Final view structure for view `venta_actual`
--

/*!50001 DROP TABLE IF EXISTS `venta_actual`*/;
/*!50001 DROP VIEW IF EXISTS `venta_actual`*/;
/*!50001 SET @saved_cs_client          = @@character_set_client */;
/*!50001 SET @saved_cs_results         = @@character_set_results */;
/*!50001 SET @saved_col_connection     = @@collation_connection */;
/*!50001 SET character_set_client      = utf8mb4 */;
/*!50001 SET character_set_results     = utf8mb4 */;
/*!50001 SET collation_connection      = utf8mb4_general_ci */;
/*!50001 CREATE ALGORITHM=UNDEFINED */
/*!50013 DEFINER=`root`@`localhost` SQL SECURITY DEFINER */
/*!50001 VIEW `venta_actual` AS select `d`.`COD_DETALLE_VENTA` AS `COD_DETALLE_VENTA`,`c`.`COD_VENTA` AS `COD_VENTA`,`d`.`COD_REGISTRO_GANADO` AS `COD_REGISTRO_GANADO`,`g`.`NOM_GANADO` AS `NOMBRE`,`g`.`NUM_ARETE` AS `ARETE`,`g`.`CLR_GANADO` AS `COLOR`,`g`.`PES_ACTUAL` AS `PESO`,`e`.`DET_ESTADO` AS `ESTADO`,`l`.`DIR_LUGAR` AS `LUGAR`,`r`.`NOM_RAZA` AS `RAZA`,`d`.`PRE_VENTA` AS `PRECIO`,`d`.`FEC_REGISTRO` AS `FECHA_VENTA` from (((((`tbl_mv_venta` `c` join `tbl_mv_detalle_venta` `d` on(`c`.`COD_VENTA` = `d`.`COD_VENTA`)) join `tbl_mg_ganado` `g` on(`d`.`COD_REGISTRO_GANADO` = `g`.`COD_REGISTRO_GANADO`)) join `tbl_mg_estado_ganado` `e` on(`g`.`COD_ESTADO` = `e`.`COD_ESTADO`)) join `tbl_mg_lugar` `l` on(`g`.`COD_LUGAR` = `l`.`COD_LUGAR`)) join `tbl_mg_raza` `r` on(`g`.`COD_RAZA` = `r`.`COD_RAZA`)) where `d`.`STATUS_VENTA` = 'EN PROCESO' and `c`.`COD_VENTA` in (select max(`tbl_mv_venta`.`COD_VENTA`) from `tbl_mv_venta`) */;
/*!50001 SET character_set_client      = @saved_cs_client */;
/*!50001 SET character_set_results     = @saved_cs_results */;
/*!50001 SET collation_connection      = @saved_col_connection */;

--
-- Final view structure for view `ver_preguntas`
--

/*!50001 DROP TABLE IF EXISTS `ver_preguntas`*/;
/*!50001 DROP VIEW IF EXISTS `ver_preguntas`*/;
/*!50001 SET @saved_cs_client          = @@character_set_client */;
/*!50001 SET @saved_cs_results         = @@character_set_results */;
/*!50001 SET @saved_col_connection     = @@collation_connection */;
/*!50001 SET character_set_client      = utf8mb4 */;
/*!50001 SET character_set_results     = utf8mb4 */;
/*!50001 SET collation_connection      = utf8mb4_general_ci */;
/*!50001 CREATE ALGORITHM=UNDEFINED */
/*!50013 DEFINER=`root`@`localhost` SQL SECURITY DEFINER */
/*!50001 VIEW `ver_preguntas` AS select `p`.`id` AS `id`,`p`.`pregunta` AS `pregunta`,`r`.`respuesta` AS `respuesta`,`r`.`id_respuesta` AS `id_respuesta`,`r`.`id_usuario` AS `id_usuario`,`u`.`username` AS `username` from ((`preguntas` `p` join `respuestas` `r` on(`p`.`id` = `r`.`id_pregunta`)) join `users` `u` on(`r`.`id_usuario` = `u`.`id`)) */;
/*!50001 SET character_set_client      = @saved_cs_client */;
/*!50001 SET character_set_results     = @saved_cs_results */;
/*!50001 SET collation_connection      = @saved_col_connection */;

--
-- Final view structure for view `vganado`
--

/*!50001 DROP TABLE IF EXISTS `vganado`*/;
/*!50001 DROP VIEW IF EXISTS `vganado`*/;
/*!50001 SET @saved_cs_client          = @@character_set_client */;
/*!50001 SET @saved_cs_results         = @@character_set_results */;
/*!50001 SET @saved_col_connection     = @@collation_connection */;
/*!50001 SET character_set_client      = utf8mb4 */;
/*!50001 SET character_set_results     = utf8mb4 */;
/*!50001 SET collation_connection      = utf8mb4_general_ci */;
/*!50001 CREATE ALGORITHM=UNDEFINED */
/*!50013 DEFINER=`root`@`localhost` SQL SECURITY DEFINER */
/*!50001 VIEW `vganado` AS select `g`.`COD_COMPRA_GANADO` AS `COD_COMPRA_GANADO`,`g`.`NOM_GANADO` AS `NOM_GANADO`,`r`.`NOM_RAZA` AS `RAZA`,`g`.`PRE_GANADO` AS `PRE_GANADO`,`e`.`DET_ESTADO` AS `DET_ESTADO`,`l`.`DIR_LUGAR` AS `DIR_LUGAR`,`c`.`FEC_COMPRA` AS `FEC_COMPRA`,concat(`p`.`PRI_NOMBRE`,' ',`p`.`PRI_APELLIDO`) AS `PROVEEDOR` from (((((`tbl_mc_detalle_comprag` `g` join `tbl_mg_estado_ganado` `e` on(`g`.`COD_ESTADO` = `e`.`COD_ESTADO`)) join `tbl_mg_lugar` `l` on(`g`.`COD_LUGAR` = `l`.`COD_LUGAR`)) join `tbl_mg_raza` `r` on(`g`.`COD_RAZA` = `r`.`COD_RAZA`)) join `tbl_mc_compra_ganado` `c` on(`g`.`COD_COMPRA_GANADO` = `c`.`COD_COMPRA_GANADO`)) join `tbl_mp_proveedores` `p` on(`c`.`COD_PROVEEDOR` = `p`.`COD_PROVEEDOR`)) order by `c`.`COD_COMPRA_GANADO` desc */;
/*!50001 SET character_set_client      = @saved_cs_client */;
/*!50001 SET character_set_results     = @saved_cs_results */;
/*!50001 SET collation_connection      = @saved_col_connection */;
/*!40103 SET TIME_ZONE=@OLD_TIME_ZONE */;

/*!40101 SET SQL_MODE=@OLD_SQL_MODE */;
/*!40014 SET FOREIGN_KEY_CHECKS=@OLD_FOREIGN_KEY_CHECKS */;
/*!40014 SET UNIQUE_CHECKS=@OLD_UNIQUE_CHECKS */;
/*!40101 SET CHARACTER_SET_CLIENT=@OLD_CHARACTER_SET_CLIENT */;
/*!40101 SET CHARACTER_SET_RESULTS=@OLD_CHARACTER_SET_RESULTS */;
/*!40101 SET COLLATION_CONNECTION=@OLD_COLLATION_CONNECTION */;
/*!40111 SET SQL_NOTES=@OLD_SQL_NOTES */;

-- Dump completed on 2022-04-18 19:35:12
